solid OpenSCAD_Model
  facet normal 0 0 1
    outer loop
      vertex -46.00825748592615 -9.801598519086838 2.4
      vertex -44.50946168055498 -6.133927392611049 2.4
      vertex -46.07333342730999 -9.688883677124977 2.4
    endloop
  endfacet
  facet normal 0 0 1
    outer loop
      vertex -45.19862361997366 -10.422852396965027 2.4
      vertex -45.07290671020746 -10.456538140773773 2.4
      vertex -44.50946168055498 -6.133927392611049 2.4
    endloop
  endfacet
  facet normal 0 0 1
    outer loop
      vertex -45.07290671020746 -10.456538140773773 2.4
      vertex -44.94473238289356 -10.479138739407063 2.4
      vertex -44.50946168055498 -6.133927392611049 2.4
    endloop
  endfacet
  facet normal 0 0 1
    outer loop
      vertex -45.849945574998856 -10.0079146027565 2.4
      vertex -45.7579146400094 -10.099945537745953 2.4
      vertex -44.50946168055498 -6.133927392611049 2.4
    endloop
  endfacet
  facet normal 0 0 1
    outer loop
      vertex -45.551598474383354 -10.258257515728474 2.4
      vertex -45.438883766531944 -10.323333382606506 2.4
      vertex -44.50946168055498 -6.133927392611049 2.4
    endloop
  endfacet
  facet normal 0 0 1
    outer loop
      vertex -45.551598474383354 -10.258257515728474 2.4
      vertex -44.50946168055498 -6.133927392611049 2.4
      vertex -45.65821249783039 -10.183605574071407 2.4
    endloop
  endfacet
  facet normal 0 0 1
    outer loop
      vertex -45.7579146400094 -10.099945537745953 2.4
      vertex -45.65821249783039 -10.183605574071407 2.4
      vertex -44.50946168055498 -6.133927392611049 2.4
    endloop
  endfacet
  facet normal 0 0 1
    outer loop
      vertex -45.93360560387373 -9.908212460577488 2.4
      vertex -44.50946168055498 -6.133927392611049 2.4
      vertex -46.00825748592615 -9.801598519086838 2.4
    endloop
  endfacet
  facet normal 0 0 1
    outer loop
      vertex -45.849945574998856 -10.0079146027565 2.4
      vertex -44.50946168055498 -6.133927392611049 2.4
      vertex -45.93360560387373 -9.908212460577488 2.4
    endloop
  endfacet
  facet normal 0 0 1
    outer loop
      vertex -45.438883766531944 -10.323333382606506 2.4
      vertex -45.32092626392841 -10.378337875008583 2.4
      vertex -44.50946168055498 -6.133927392611049 2.4
    endloop
  endfacet
  facet normal 0 0 1
    outer loop
      vertex -45.32092626392841 -10.378337875008583 2.4
      vertex -45.19862361997366 -10.422852396965027 2.4
      vertex -44.50946168055498 -6.133927392611049 2.4
    endloop
  endfacet
  facet normal 0 0 1
    outer loop
      vertex -44.94473238289356 -10.479138739407063 2.4
      vertex -44.7280094102025 -10.49809954315424 2.4
      vertex -44.50946168055498 -6.133927392611049 2.4
    endloop
  endfacet
  facet normal 0 0 1
    outer loop
      vertex -44.7280094102025 -10.49809954315424 2.4
      vertex -44.64091279357672 -10.5 2.4
      vertex -44.50946168055498 -6.133927392611049 2.4
    endloop
  endfacet
  facet normal 0 0 1
    outer loop
      vertex -46.07333342730999 -9.688883677124977 2.4
      vertex -44.50946168055498 -6.133927392611049 2.4
      vertex -46.12833787500858 -9.570926271378994 2.4
    endloop
  endfacet
  facet normal 0 0 1
    outer loop
      vertex -46.12833787500858 -9.570926271378994 2.4
      vertex -44.50946168055498 -6.133927392611049 2.4
      vertex -46.17285240441561 -9.448623597621918 2.4
    endloop
  endfacet
  facet normal 0 0 1
    outer loop
      vertex -46.17285240441561 -9.448623597621918 2.4
      vertex -44.50946168055498 -6.133927392611049 2.4
      vertex -46.20653814077377 -9.322906710207462 2.4
    endloop
  endfacet
  facet normal 0 0 1
    outer loop
      vertex -46.20653814077377 -9.322906710207462 2.4
      vertex -44.50946168055498 -6.133927392611049 2.4
      vertex -46.22913873195648 -9.194732397794724 2.4
    endloop
  endfacet
  facet normal 0 0 1
    outer loop
      vertex -46.22913873195648 -9.194732397794724 2.4
      vertex -44.50946168055498 -6.133927392611049 2.4
      vertex -46.24809954315424 -8.978009283542633 2.4
    endloop
  endfacet
  facet normal 0 0 1
    outer loop
      vertex -46.24809954315424 -8.978009283542633 2.4
      vertex -44.50946168055498 -6.133927392611049 2.4
      vertex -46.25 -8.890912786126137 2.4
    endloop
  endfacet
  facet normal 0 0 1
    outer loop
      vertex -46.25 -8.890912786126137 2.4
      vertex -44.50946168055498 -6.133927392611049 2.4
      vertex -44.559538931178864 -6.013030214988503 2.4
    endloop
  endfacet
  facet normal 0 0 1
    outer loop
      vertex -44.64091279357672 -10.5 2.4
      vertex -43.9 -6.799038105676658 2.4
      vertex -44.01036465452657 -6.728728066433487 2.4
    endloop
  endfacet
  facet normal 0 0 1
    outer loop
      vertex -44.64091279357672 -10.5 2.4
      vertex -43.78392739261105 -6.859461680554975 2.4
      vertex -43.9 -6.799038105676658 2.4
    endloop
  endfacet
  facet normal 0 0 1
    outer loop
      vertex -44.64091279357672 -10.5 2.4
      vertex -44.37872806643349 -6.360364654526569 2.4
      vertex -44.44903810567666 -6.25 2.4
    endloop
  endfacet
  facet normal 0 0 1
    outer loop
      vertex -44.64091279357672 -10.5 2.4
      vertex -44.44903810567666 -6.25 2.4
      vertex -44.50946168055498 -6.133927392611049 2.4
    endloop
  endfacet
  facet normal 0 0 1
    outer loop
      vertex -44.64091279357672 -10.5 2.4
      vertex -44.21066017177982 -6.560660171779821 2.4
      vertex -44.29906666467847 -6.464181414529809 2.4
    endloop
  endfacet
  facet normal 0 0 1
    outer loop
      vertex -44.64091279357672 -10.5 2.4
      vertex -44.11418141452981 -6.649066664678467 2.4
      vertex -44.21066017177982 -6.560660171779821 2.4
    endloop
  endfacet
  facet normal 0 0 1
    outer loop
      vertex -44.64091279357672 -10.5 2.4
      vertex -44.29906666467847 -6.464181414529809 2.4
      vertex -44.37872806643349 -6.360364654526569 2.4
    endloop
  endfacet
  facet normal 0 0 1
    outer loop
      vertex -44.64091279357672 -10.5 2.4
      vertex -44.01036465452657 -6.728728066433487 2.4
      vertex -44.11418141452981 -6.649066664678467 2.4
    endloop
  endfacet
  facet normal 0 0 1
    outer loop
      vertex -44.64091279357672 -10.5 2.4
      vertex -43.53822856765378 -6.9488887394336025 2.4
      vertex -43.6630302149885 -6.909538931178862 2.4
    endloop
  endfacet
  facet normal 0 0 1
    outer loop
      vertex -44.64091279357672 -10.5 2.4
      vertex -43.6630302149885 -6.909538931178862 2.4
      vertex -43.78392739261105 -6.859461680554975 2.4
    endloop
  endfacet
  facet normal 0 0 1
    outer loop
      vertex -44.64091279357672 -10.5 2.4
      vertex -43.41047226650039 -6.977211629518312 2.4
      vertex -43.53822856765378 -6.9488887394336025 2.4
    endloop
  endfacet
  facet normal 0 0 1
    outer loop
      vertex -44.64091279357672 -10.5 2.4
      vertex -43.28073361412149 -6.994292047137618 2.4
      vertex -43.41047226650039 -6.977211629518312 2.4
    endloop
  endfacet
  facet normal 0 0 1
    outer loop
      vertex -44.64091279357672 -10.5 2.4
      vertex -43.15 -7 2.4
      vertex -43.28073361412149 -6.994292047137618 2.4
    endloop
  endfacet
  facet normal 0 0 1
    outer loop
      vertex -44.64091279357672 -10.5 2.4
      vertex -42.35 -7 2.4
      vertex -43.15 -7 2.4
    endloop
  endfacet
  facet normal 0 0 1
    outer loop
      vertex -44.64091279357672 -10.5 2.4
      vertex -42.21926638587851 -6.994292047137618 2.4
      vertex -42.35 -7 2.4
    endloop
  endfacet
  facet normal 0 0 1
    outer loop
      vertex -46.25 -8.890912786126137 2.4
      vertex -44.559538931178864 -6.013030214988503 2.4
      vertex -46.25 -1.5 2.4
    endloop
  endfacet
  facet normal 0 0 1
    outer loop
      vertex -44.559538931178864 -6.013030214988503 2.4
      vertex -44.598888739433605 -5.8882285676537816 2.4
      vertex -46.25 -1.5 2.4
    endloop
  endfacet
  facet normal 0 0 1
    outer loop
      vertex -44.627211629518314 -5.760472266500395 2.4
      vertex -44.64429204713762 -5.630733614121487 2.4
      vertex -46.25 -1.5 2.4
    endloop
  endfacet
  facet normal 0 0 1
    outer loop
      vertex -44.64429204713762 -5.630733614121487 2.4
      vertex -44.65 -5.5 2.4
      vertex -46.25 -1.5 2.4
    endloop
  endfacet
  facet normal 0 0 1
    outer loop
      vertex -44.627211629518314 -5.760472266500395 2.4
      vertex -46.25 -1.5 2.4
      vertex -44.598888739433605 -5.8882285676537816 2.4
    endloop
  endfacet
  facet normal 0 0 1
    outer loop
      vertex -44.65 -5.5 2.4
      vertex -44.65 -4 2.4
      vertex -46.25 -1.5 2.4
    endloop
  endfacet
  facet normal 0 0 1
    outer loop
      vertex -44.65 -4 2.4
      vertex -44.64429204713762 -3.869266385878513 2.4
      vertex -46.25 -1.5 2.4
    endloop
  endfacet
  facet normal 0 0 1
    outer loop
      vertex -44.64429204713762 -3.869266385878513 2.4
      vertex -44.627211629518314 -3.7395277334996044 2.4
      vertex -46.25 -1.5 2.4
    endloop
  endfacet
  facet normal 0 0 1
    outer loop
      vertex -44.627211629518314 -3.7395277334996044 2.4
      vertex -44.598888739433605 -3.611771432346219 2.4
      vertex -46.25 -1.5 2.4
    endloop
  endfacet
  facet normal 0 0 1
    outer loop
      vertex -44.598888739433605 -3.611771432346219 2.4
      vertex -44.559538931178864 -3.486969785011497 2.4
      vertex -46.25 -1.5 2.4
    endloop
  endfacet
  facet normal 0 0 1
    outer loop
      vertex -44.559538931178864 -3.486969785011497 2.4
      vertex -44.50946168055498 -3.3660726073889506 2.4
      vertex -46.25 -1.5 2.4
    endloop
  endfacet
  facet normal 0 0 1
    outer loop
      vertex -44.50946168055498 -3.3660726073889506 2.4
      vertex -44.44903810567666 -3.25 2.4
      vertex -46.25 -1.5 2.4
    endloop
  endfacet
  facet normal 0 0 1
    outer loop
      vertex -44.44903810567666 -3.25 2.4
      vertex -44.37872806643349 -3.139635345473431 2.4
      vertex -46.25 -1.5 2.4
    endloop
  endfacet
  facet normal 0 0 1
    outer loop
      vertex -44.37872806643349 -3.139635345473431 2.4
      vertex -44.29906666467847 -3.0358185854701913 2.4
      vertex -46.25 -1.5 2.4
    endloop
  endfacet
  facet normal 0 0 1
    outer loop
      vertex -44.29906666467847 -3.0358185854701913 2.4
      vertex -44.21066017177982 -2.9393398282201786 2.4
      vertex -46.25 -1.5 2.4
    endloop
  endfacet
  facet normal 0 0 1
    outer loop
      vertex -44.21066017177982 -2.9393398282201786 2.4
      vertex -44.11418141452981 -2.8509333353215327 2.4
      vertex -46.25 -1.5 2.4
    endloop
  endfacet
  facet normal 0 0 1
    outer loop
      vertex -44.11418141452981 -2.8509333353215327 2.4
      vertex -44.01036465452657 -2.7712719335665126 2.4
      vertex -46.25 -1.5 2.4
    endloop
  endfacet
  facet normal 0 0 1
    outer loop
      vertex -44.01036465452657 -2.7712719335665126 2.4
      vertex -43.9 -2.700961894323342 2.4
      vertex -46.25 -1.5 2.4
    endloop
  endfacet
  facet normal 0 0 1
    outer loop
      vertex -43.9 -2.700961894323342 2.4
      vertex -43.78392739261105 -2.6405383194450254 2.4
      vertex -46.25 -1.5 2.4
    endloop
  endfacet
  facet normal 0 0 1
    outer loop
      vertex -43.78392739261105 -2.6405383194450254 2.4
      vertex -43.6630302149885 -2.5904610688211376 2.4
      vertex -46.25 -1.5 2.4
    endloop
  endfacet
  facet normal 0 0 1
    outer loop
      vertex -43.6630302149885 -2.5904610688211376 2.4
      vertex -43.53822856765378 -2.5511112605663975 2.4
      vertex -46.25 -1.5 2.4
    endloop
  endfacet
  facet normal 0 0 1
    outer loop
      vertex -43.53822856765378 -2.5511112605663975 2.4
      vertex -43.41047226650039 -2.5227883704816882 2.4
      vertex -46.25 -1.5 2.4
    endloop
  endfacet
  facet normal 0 0 1
    outer loop
      vertex -43.41047226650039 -2.5227883704816882 2.4
      vertex -43.28073361412149 -2.5057079528623816 2.4
      vertex -46.25 -1.5 2.4
    endloop
  endfacet
  facet normal 0 0 1
    outer loop
      vertex -43.28073361412149 -2.5057079528623816 2.4
      vertex -43.15 -2.5 2.4
      vertex -46.25 -1.5 2.4
    endloop
  endfacet
  facet normal 0 0 1
    outer loop
      vertex -43.15 -2.5 2.4
      vertex -42.35 -2.5 2.4
      vertex -46.25 -1.5 2.4
    endloop
  endfacet
  facet normal 0 0 1
    outer loop
      vertex -44.64091279357672 -10.5 2.4
      vertex 42.9490614334471 -10.5 2.4
      vertex -42.21926638587851 -6.994292047137618 2.4
    endloop
  endfacet
  facet normal 0 0 1
    outer loop
      vertex -42.21926638587851 -6.994292047137618 2.4
      vertex 42.9490614334471 -10.5 2.4
      vertex -42.08952773349961 -6.977211629518312 2.4
    endloop
  endfacet
  facet normal 0 0 1
    outer loop
      vertex -42.08952773349961 -6.977211629518312 2.4
      vertex 42.9490614334471 -10.5 2.4
      vertex -41.96177143234622 -6.9488887394336025 2.4
    endloop
  endfacet
  facet normal 0 0 1
    outer loop
      vertex -41.96177143234622 -6.9488887394336025 2.4
      vertex 42.9490614334471 -10.5 2.4
      vertex -41.8369697850115 -6.909538931178862 2.4
    endloop
  endfacet
  facet normal 0 0 1
    outer loop
      vertex -41.8369697850115 -6.909538931178862 2.4
      vertex 42.9490614334471 -10.5 2.4
      vertex -41.71607260738895 -6.859461680554975 2.4
    endloop
  endfacet
  facet normal 0 0 1
    outer loop
      vertex -41.71607260738895 -6.859461680554975 2.4
      vertex 42.9490614334471 -10.5 2.4
      vertex -41.6 -6.799038105676658 2.4
    endloop
  endfacet
  facet normal 0 0 1
    outer loop
      vertex -41.6 -6.799038105676658 2.4
      vertex 42.9490614334471 -10.5 2.4
      vertex -41.48963534547343 -6.728728066433487 2.4
    endloop
  endfacet
  facet normal 0 0 1
    outer loop
      vertex -41.48963534547343 -6.728728066433487 2.4
      vertex 42.9490614334471 -10.5 2.4
      vertex -41.38581858547019 -6.649066664678467 2.4
    endloop
  endfacet
  facet normal 0 0 1
    outer loop
      vertex -41.38581858547019 -6.649066664678467 2.4
      vertex 42.9490614334471 -10.5 2.4
      vertex -41.28933982822018 -6.560660171779821 2.4
    endloop
  endfacet
  facet normal 0 0 1
    outer loop
      vertex -41.28933982822018 -6.560660171779821 2.4
      vertex 42.9490614334471 -10.5 2.4
      vertex -41.20093333532153 -6.464181414529809 2.4
    endloop
  endfacet
  facet normal 0 0 1
    outer loop
      vertex -41.20093333532153 -6.464181414529809 2.4
      vertex 42.9490614334471 -10.5 2.4
      vertex -41.12127193356651 -6.360364654526569 2.4
    endloop
  endfacet
  facet normal 0 0 1
    outer loop
      vertex -41.12127193356651 -6.360364654526569 2.4
      vertex 41.05096189432334 -6.25 2.4
      vertex -41.05096189432334 -6.25 2.4
    endloop
  endfacet
  facet normal 0 0 1
    outer loop
      vertex -41.05096189432334 -6.25 2.4
      vertex 40.99053831944502 -6.133927392611049 2.4
      vertex -40.99053831944502 -6.133927392611049 2.4
    endloop
  endfacet
  facet normal 0 0 1
    outer loop
      vertex -40.99053831944502 -6.133927392611049 2.4
      vertex 40.940461068821136 -6.013030214988503 2.4
      vertex -40.940461068821136 -6.013030214988503 2.4
    endloop
  endfacet
  facet normal 0 0 1
    outer loop
      vertex -40.940461068821136 -6.013030214988503 2.4
      vertex 40.901111260566395 -5.8882285676537816 2.4
      vertex -40.901111260566395 -5.8882285676537816 2.4
    endloop
  endfacet
  facet normal 0 0 1
    outer loop
      vertex -40.901111260566395 -5.8882285676537816 2.4
      vertex 40.872788370481686 -5.760472266500395 2.4
      vertex -40.872788370481686 -5.760472266500395 2.4
    endloop
  endfacet
  facet normal 0 0 1
    outer loop
      vertex -40.872788370481686 -5.760472266500395 2.4
      vertex 40.85570795286238 -5.630733614121487 2.4
      vertex -40.85570795286238 -5.630733614121487 2.4
    endloop
  endfacet
  facet normal 0 0 1
    outer loop
      vertex -40.85570795286238 -5.630733614121487 2.4
      vertex 40.85 -5.5 2.4
      vertex -40.85 -5.5 2.4
    endloop
  endfacet
  facet normal 0 0 1
    outer loop
      vertex -40.85 -5.5 2.4
      vertex 40.85 -4 2.4
      vertex -40.85 -4 2.4
    endloop
  endfacet
  facet normal 0 0 1
    outer loop
      vertex -40.85 -4 2.4
      vertex 40.85570795286238 -3.869266385878513 2.4
      vertex -40.85570795286238 -3.869266385878513 2.4
    endloop
  endfacet
  facet normal 0 0 1
    outer loop
      vertex -40.85570795286238 -3.869266385878513 2.4
      vertex 40.872788370481686 -3.7395277334996044 2.4
      vertex -40.872788370481686 -3.7395277334996044 2.4
    endloop
  endfacet
  facet normal 0 0 1
    outer loop
      vertex -40.872788370481686 -3.7395277334996044 2.4
      vertex 40.901111260566395 -3.611771432346219 2.4
      vertex -40.901111260566395 -3.611771432346219 2.4
    endloop
  endfacet
  facet normal 0 0 1
    outer loop
      vertex -40.901111260566395 -3.611771432346219 2.4
      vertex 40.940461068821136 -3.486969785011497 2.4
      vertex -40.940461068821136 -3.486969785011497 2.4
    endloop
  endfacet
  facet normal 0 0 1
    outer loop
      vertex -41.20093333532153 -3.0358185854701913 2.4
      vertex 41.28933982822018 -2.9393398282201786 2.4
      vertex -41.28933982822018 -2.9393398282201786 2.4
    endloop
  endfacet
  facet normal 0 0 1
    outer loop
      vertex -42.35 -2.5 2.4
      vertex -42.21926638587851 -2.5057079528623816 2.4
      vertex 42.21926638587851 -2.5057079528623816 2.4
    endloop
  endfacet
  facet normal 0 0 1
    outer loop
      vertex -41.28933982822018 -2.9393398282201786 2.4
      vertex 41.38581858547019 -2.8509333353215327 2.4
      vertex -41.38581858547019 -2.8509333353215327 2.4
    endloop
  endfacet
  facet normal 0 0 1
    outer loop
      vertex -41.38581858547019 -2.8509333353215327 2.4
      vertex 41.48963534547343 -2.7712719335665126 2.4
      vertex -41.48963534547343 -2.7712719335665126 2.4
    endloop
  endfacet
  facet normal 0 0 1
    outer loop
      vertex -41.6 -2.700961894323342 2.4
      vertex -41.48963534547343 -2.7712719335665126 2.4
      vertex 41.6 -2.700961894323342 2.4
    endloop
  endfacet
  facet normal 0 0 1
    outer loop
      vertex -41.6 -2.700961894323342 2.4
      vertex 41.71607260738895 -2.6405383194450254 2.4
      vertex -41.71607260738895 -2.6405383194450254 2.4
    endloop
  endfacet
  facet normal 0 0 1
    outer loop
      vertex -41.96177143234622 -2.5511112605663975 2.4
      vertex -41.8369697850115 -2.5904610688211376 2.4
      vertex 41.96177143234622 -2.5511112605663975 2.4
    endloop
  endfacet
  facet normal 0 0 1
    outer loop
      vertex -42.08952773349961 -2.5227883704816882 2.4
      vertex -41.96177143234622 -2.5511112605663975 2.4
      vertex 42.08952773349961 -2.5227883704816882 2.4
    endloop
  endfacet
  facet normal 0 0 1
    outer loop
      vertex -42.21926638587851 -2.5057079528623816 2.4
      vertex -42.08952773349961 -2.5227883704816882 2.4
      vertex 42.21926638587851 -2.5057079528623816 2.4
    endloop
  endfacet
  facet normal 0 0 1
    outer loop
      vertex -41.8369697850115 -2.5904610688211376 2.4
      vertex -41.71607260738895 -2.6405383194450254 2.4
      vertex 41.8369697850115 -2.5904610688211376 2.4
    endloop
  endfacet
  facet normal 0 0 1
    outer loop
      vertex -40.940461068821136 -3.486969785011497 2.4
      vertex 40.99053831944502 -3.3660726073889506 2.4
      vertex -40.99053831944502 -3.3660726073889506 2.4
    endloop
  endfacet
  facet normal 0 0 1
    outer loop
      vertex -41.05096189432334 -3.25 2.4
      vertex -40.99053831944502 -3.3660726073889506 2.4
      vertex 41.05096189432334 -3.25 2.4
    endloop
  endfacet
  facet normal 0 0 1
    outer loop
      vertex -41.05096189432334 -3.25 2.4
      vertex 41.12127193356651 -3.139635345473431 2.4
      vertex -41.12127193356651 -3.139635345473431 2.4
    endloop
  endfacet
  facet normal 0 0 1
    outer loop
      vertex -41.20093333532153 -3.0358185854701913 2.4
      vertex -41.12127193356651 -3.139635345473431 2.4
      vertex 41.20093333532153 -3.0358185854701913 2.4
    endloop
  endfacet
  facet normal 0 0 1
    outer loop
      vertex -42.35 -2.5 2.4
      vertex 42.21926638587851 -2.5057079528623816 2.4
      vertex -46.25 -1.5 2.4
    endloop
  endfacet
  facet normal 1.8691780380126344e-17 -0.7071067811865476 0.7071067811865475
    outer loop
      vertex -46.25 -1.5 2.4
      vertex -23.00499975681305 0.10414778143167491 4.004147781431675
      vertex -46.25 1.3909127861261368 5.290912786126137
    endloop
  endfacet
  facet normal 0 -0.7071067811865476 0.7071067811865476
    outer loop
      vertex -46.25 -1.5 2.4
      vertex -22.90999999642372 0.09999999850988384 3.9999999985098835
      vertex -23.00499975681305 0.10414778143167491 4.004147781431675
    endloop
  endfacet
  facet normal 0 -0.7071067811865475 0.7071067811865475
    outer loop
      vertex -46.25 1.3909127861261368 5.290912786126137
      vertex -46.246175615790854 1.5 5.4
      vertex -46.24809954315424 1.4780094102025032 5.378009410202504
    endloop
  endfacet
  facet normal 2.121891738032249e-17 -0.7071067811865476 0.7071067811865476
    outer loop
      vertex -46.25 1.3909127861261368 5.290912786126137
      vertex -24 1.1900000020861625 5.090000002086162
      vertex -46.246175615790854 1.5 5.4
    endloop
  endfacet
  facet normal 0 -0.7071067811865475 0.7071067811865475
    outer loop
      vertex -46.25 1.3909127861261368 5.290912786126137
      vertex -23.00499975681305 0.10414778143167491 4.004147781431675
      vertex -23.099276512861252 0.11655955463647838 4.016559554636478
    endloop
  endfacet
  facet normal 2.739814628707552e-17 -0.7071067811865475 0.7071067811865476
    outer loop
      vertex -23.192112758755684 0.13714085221290584 4.0371408522129055
      vertex -46.25 1.3909127861261368 5.290912786126137
      vertex -23.099276512861252 0.11655955463647838 4.016559554636478
    endloop
  endfacet
  facet normal 2.6977871190642307e-17 -0.7071067811865475 0.7071067811865475
    outer loop
      vertex -23.192112758755684 0.13714085221290584 4.0371408522129055
      vertex -23.28280195593834 0.16573504805564876 4.0657350480556484
      vertex -46.25 1.3909127861261368 5.290912786126137
    endloop
  endfacet
  facet normal 0 -0.7071067811865475 0.7071067811865475
    outer loop
      vertex -46.25 1.3909127861261368 5.290912786126137
      vertex -23.45499999821186 0.24603230953216548 4.146032309532165
      vertex -23.53519830852747 0.297124271094799 4.197124271094799
    endloop
  endfacet
  facet normal 0 -0.7071067811865459 0.7071067811865493
    outer loop
      vertex -46.25 1.3909127861261368 5.290912786126137
      vertex -23.28280195593834 0.16573504805564876 4.0657350480556484
      vertex -23.37065390497446 0.202124510705471 4.102124510705471
    endloop
  endfacet
  facet normal 0 -0.7071067811865476 0.7071067811865476
    outer loop
      vertex -46.25 1.3909127861261368 5.290912786126137
      vertex -23.37065390497446 0.202124510705471 4.102124510705471
      vertex -23.45499999821186 0.24603230953216548 4.146032309532165
    endloop
  endfacet
  facet normal 0 -0.7071067811865475 0.7071067811865475
    outer loop
      vertex -46.25 1.3909127861261368 5.290912786126137
      vertex -23.53519830852747 0.297124271094799 4.197124271094799
      vertex -23.610638491809368 0.3550115570425987 4.255011557042598
    endloop
  endfacet
  facet normal 0 -0.7071067811865476 0.7071067811865476
    outer loop
      vertex -46.25 1.3909127861261368 5.290912786126137
      vertex -23.610638491809368 0.3550115570425987 4.255011557042598
      vertex -23.680746391415596 0.41925360709428783 4.3192536070942875
    endloop
  endfacet
  facet normal 5.165248172912896e-17 -0.7071067811865485 0.7071067811865468
    outer loop
      vertex -46.25 1.3909127861261368 5.290912786126137
      vertex -23.680746391415596 0.41925360709428783 4.3192536070942875
      vertex -23.744988441467285 0.4893615067005157 4.389361506700515
    endloop
  endfacet
  facet normal 4.770595333101257e-17 -0.7071067811865468 0.7071067811865483
    outer loop
      vertex -46.25 1.3909127861261368 5.290912786126137
      vertex -23.744988441467285 0.4893615067005157 4.389361506700515
      vertex -23.802875727415085 0.5648016899824142 4.464801689982414
    endloop
  endfacet
  facet normal 0 -0.7071067811865468 0.7071067811865482
    outer loop
      vertex -46.25 1.3909127861261368 5.290912786126137
      vertex -23.802875727415085 0.5648016899824142 4.464801689982414
      vertex -23.85396768897772 0.6450000002980232 4.545000000298023
    endloop
  endfacet
  facet normal 2.1145839089690386e-17 -0.7071067811865471 0.7071067811865478
    outer loop
      vertex -46.25 1.3909127861261368 5.290912786126137
      vertex -23.85396768897772 0.6450000002980232 4.545000000298023
      vertex -23.897875487804413 0.7293460935354232 4.629346093535423
    endloop
  endfacet
  facet normal 2.0237284832349523e-17 -0.7071067811865476 0.7071067811865476
    outer loop
      vertex -46.25 1.3909127861261368 5.290912786126137
      vertex -23.897875487804413 0.7293460935354232 4.629346093535423
      vertex -23.934264950454235 0.8171980425715446 4.717198042571544
    endloop
  endfacet
  facet normal 1.9553892520389343e-17 -0.7071067811865475 0.7071067811865475
    outer loop
      vertex -46.25 1.3909127861261368 5.290912786126137
      vertex -23.934264950454235 0.8171980425715446 4.717198042571544
      vertex -23.962859146296978 0.9078872397541999 4.8078872397542
    endloop
  endfacet
  facet normal 1.9062726392111783e-17 -0.7071067811865476 0.7071067811865476
    outer loop
      vertex -46.25 1.3909127861261368 5.290912786126137
      vertex -23.962859146296978 0.9078872397541999 4.8078872397542
      vertex -23.983440443873405 1.000723485648632 4.900723485648632
    endloop
  endfacet
  facet normal 2.342721071892829e-17 -0.7071067811865475 0.7071067811865477
    outer loop
      vertex -46.25 1.3909127861261368 5.290912786126137
      vertex -23.983440443873405 1.000723485648632 4.900723485648632
      vertex -23.99585221707821 1.0950002416968345 4.995000241696834
    endloop
  endfacet
  facet normal 2.0899528463919608e-17 -0.7071067811865475 0.7071067811865475
    outer loop
      vertex -46.25 1.3909127861261368 5.290912786126137
      vertex -23.99585221707821 1.0950002416968345 4.995000241696834
      vertex -24 1.1900000020861625 5.090000002086162
    endloop
  endfacet
  facet normal 2.2055655955030844e-17 -0.7071067811865469 0.7071067811865482
    outer loop
      vertex -46.246175615790854 1.5 5.4
      vertex -24 1.1900000020861625 5.090000002086162
      vertex -24 1.2099999979138374 5.109999997913837
    endloop
  endfacet
  facet normal 2.0882994486023168e-17 -0.7071067811865476 0.7071067811865476
    outer loop
      vertex -46.246175615790854 1.5 5.4
      vertex -24 1.2099999979138374 5.109999997913837
      vertex -23.99585221707821 1.3049997583031654 5.204999758303165
    endloop
  endfacet
  facet normal 2.1026936508812068e-17 -0.7071067811865475 0.7071067811865475
    outer loop
      vertex -46.246175615790854 1.5 5.4
      vertex -23.99585221707821 1.3049997583031654 5.204999758303165
      vertex -23.983440443873405 1.399276514351368 5.299276514351368
    endloop
  endfacet
  facet normal 2.1122175907017337e-17 -0.7071067811865475 0.7071067811865476
    outer loop
      vertex -46.246175615790854 1.5 5.4
      vertex -23.983440443873405 1.399276514351368 5.299276514351368
      vertex -23.962859146296978 1.4921127602458 5.3921127602458
    endloop
  endfacet
  facet normal 2.1135775593135347e-17 -0.7071067811865476 0.7071067811865477
    outer loop
      vertex -46.246175615790854 1.5 5.4
      vertex -23.962859146296978 1.4921127602458 5.3921127602458
      vertex -23.960372308997755 1.5000000000000007 5.4
    endloop
  endfacet
  facet normal 0 -0.7071067811865475 0.7071067811865476
    outer loop
      vertex -46.25 -1.5 2.4
      vertex 46.25 -1.5 2.4
      vertex -22.90999999642372 0.09999999850988384 3.9999999985098835
    endloop
  endfacet
  facet normal -8.239256545973331e-16 -0.7071067811865304 0.7071067811865647
    outer loop
      vertex -16.900723487138748 0.11655955463647838 4.016559554636479
      vertex 16.037140853703022 0.9078872397541999 4.8078872397542005
      vertex -16.807887241244316 0.13714085221290584 4.0371408522129055
    endloop
  endfacet
  facet normal -1.975532633691193e-17 -0.7071067811865475 0.7071067811865476
    outer loop
      vertex -16.807887241244316 0.13714085221290584 4.0371408522129055
      vertex 16.037140853703022 0.9078872397541999 4.8078872397542005
      vertex -16.71719804406166 0.16573504805564876 4.0657350480556484
    endloop
  endfacet
  facet normal -1.9596312284556678e-17 -0.7071067811865475 0.7071067811865476
    outer loop
      vertex -16.71719804406166 0.16573504805564876 4.0657350480556484
      vertex 16.037140853703022 0.9078872397541999 4.8078872397542005
      vertex -16.62934609502554 0.202124510705471 4.102124510705471
    endloop
  endfacet
  facet normal -1.9629222055413225e-17 -0.7071067811865475 0.7071067811865476
    outer loop
      vertex -16.62934609502554 0.202124510705471 4.102124510705471
      vertex 16.037140853703022 0.9078872397541999 4.8078872397542005
      vertex -16.54500000178814 0.24603230953216548 4.146032309532165
    endloop
  endfacet
  facet normal -2.1311521500461573e-17 -0.7071067811865476 0.7071067811865476
    outer loop
      vertex -16.54500000178814 0.24603230953216548 4.146032309532165
      vertex 16.037140853703022 0.9078872397541999 4.8078872397542005
      vertex -16.46480169147253 0.297124271094799 4.197124271094799
    endloop
  endfacet
  facet normal -1.8713236666950012e-17 -0.7071067811865476 0.7071067811865476
    outer loop
      vertex -16.46480169147253 0.297124271094799 4.197124271094799
      vertex 16.037140853703022 0.9078872397541999 4.8078872397542005
      vertex -16.389361508190632 0.3550115570425987 4.255011557042598
    endloop
  endfacet
  facet normal -1.9200067500762193e-17 -0.7071067811865476 0.7071067811865476
    outer loop
      vertex -16.389361508190632 0.3550115570425987 4.255011557042598
      vertex 16.037140853703022 0.9078872397541999 4.8078872397542005
      vertex -16.319253608584404 0.41925360709428783 4.3192536070942875
    endloop
  endfacet
  facet normal -1.9739786469462626e-17 -0.7071067811865475 0.7071067811865475
    outer loop
      vertex -16.319253608584404 0.41925360709428783 4.3192536070942875
      vertex 16.037140853703022 0.9078872397541999 4.8078872397542005
      vertex -16.255011558532715 0.4893615067005157 4.389361506700515
    endloop
  endfacet
  facet normal -2.0343056621987338e-17 -0.7071067811865476 0.7071067811865476
    outer loop
      vertex -16.255011558532715 0.4893615067005157 4.389361506700515
      vertex 16.037140853703022 0.9078872397541999 4.8078872397542005
      vertex -16.197124272584915 0.5648016899824142 4.464801689982414
    endloop
  endfacet
  facet normal -2.0064871795950616e-17 -0.7071067811865476 0.7071067811865476
    outer loop
      vertex -16.197124272584915 0.5648016899824142 4.464801689982414
      vertex 16.037140853703022 0.9078872397541999 4.8078872397542005
      vertex -16.14603231102228 0.6450000002980232 4.545000000298023
    endloop
  endfacet
  facet normal -1.996754909327123e-17 -0.7071067811865476 0.7071067811865476
    outer loop
      vertex -16.14603231102228 0.6450000002980232 4.545000000298023
      vertex 16.037140853703022 0.9078872397541999 4.8078872397542005
      vertex -16.102124512195587 0.7293460935354232 4.629346093535423
    endloop
  endfacet
  facet normal 2.0901123674250327e-17 -0.7071067811865511 0.707106781186544
    outer loop
      vertex -16.102124512195587 0.7293460935354232 4.629346093535423
      vertex 16.037140853703022 0.9078872397541999 4.8078872397542005
      vertex -16.065735049545765 0.8171980425715446 4.717198042571545
    endloop
  endfacet
  facet normal 0 -0.7071067811865475 0.7071067811865475
    outer loop
      vertex -16.037140853703022 1.4921127602458 5.3921127602458006
      vertex 2.8945228385578177 1.4999999999999998 5.4
      vertex -16.03962769100224 1.4999999999999998 5.4
    endloop
  endfacet
  facet normal 0 -0.7071067811865475 0.7071067811865475
    outer loop
      vertex -16.065735049545765 0.8171980425715446 4.717198042571545
      vertex 16.037140853703022 0.9078872397541999 4.8078872397542005
      vertex -16.037140853703022 0.9078872397541999 4.8078872397542005
    endloop
  endfacet
  facet normal -1.9798837746951617e-17 -0.7071067811865442 0.707106781186551
    outer loop
      vertex -16.037140853703022 0.9078872397541999 4.8078872397542005
      vertex 16.016559556126595 1.000723485648632 4.900723485648633
      vertex -16.016559556126595 1.000723485648632 4.900723485648632
    endloop
  endfacet
  facet normal -1.9511439702912436e-17 -0.7071067811865475 0.7071067811865475
    outer loop
      vertex -16.016559556126595 1.000723485648632 4.900723485648632
      vertex 16.00414778292179 1.0950002416968345 4.995000241696835
      vertex -16.00414778292179 1.0950002416968345 4.995000241696834
    endloop
  endfacet
  facet normal 0 -0.7071067811865508 0.7071067811865442
    outer loop
      vertex -16.00414778292179 1.0950002416968345 4.995000241696834
      vertex 16 1.1900000020861625 5.090000002086163
      vertex -16 1.1900000020861625 5.090000002086163
    endloop
  endfacet
  facet normal 0 -0.7071067811865475 0.7071067811865475
    outer loop
      vertex -16 1.1900000020861625 5.090000002086163
      vertex 16 1.2099999979138374 5.109999997913838
      vertex -16 1.2099999979138374 5.109999997913838
    endloop
  endfacet
  facet normal -1.976634082212108e-17 -0.7071067811865442 0.7071067811865508
    outer loop
      vertex -16 1.2099999979138374 5.109999997913838
      vertex 16.00414778292179 1.3049997583031654 5.204999758303166
      vertex -16.00414778292179 1.3049997583031654 5.204999758303165
    endloop
  endfacet
  facet normal 0 -0.7071067811865509 0.7071067811865442
    outer loop
      vertex -16.00414778292179 1.3049997583031654 5.204999758303165
      vertex 16.016559556126595 1.399276514351368 5.2992765143513685
      vertex -16.016559556126595 1.399276514351368 5.2992765143513685
    endloop
  endfacet
  facet normal 0 -0.7071067811865476 0.7071067811865476
    outer loop
      vertex -16.016559556126595 1.399276514351368 5.2992765143513685
      vertex 16.037140853703022 1.4921127602458 5.3921127602458006
      vertex -16.037140853703022 1.4921127602458 5.3921127602458006
    endloop
  endfacet
  facet normal 0 0 1
    outer loop
      vertex -41.12127193356651 -6.360364654526569 2.4
      vertex 42.9490614334471 -10.5 2.4
      vertex 41.05096189432334 -6.25 2.4
    endloop
  endfacet
  facet normal 0 0 1
    outer loop
      vertex -41.05096189432334 -6.25 2.4
      vertex 41.05096189432334 -6.25 2.4
      vertex 40.99053831944502 -6.133927392611049 2.4
    endloop
  endfacet
  facet normal 0 0 1
    outer loop
      vertex -40.99053831944502 -6.133927392611049 2.4
      vertex 40.99053831944502 -6.133927392611049 2.4
      vertex 40.940461068821136 -6.013030214988503 2.4
    endloop
  endfacet
  facet normal 0 0 1
    outer loop
      vertex -40.940461068821136 -6.013030214988503 2.4
      vertex 40.940461068821136 -6.013030214988503 2.4
      vertex 40.901111260566395 -5.8882285676537816 2.4
    endloop
  endfacet
  facet normal 0 0 1
    outer loop
      vertex -40.901111260566395 -5.8882285676537816 2.4
      vertex 40.901111260566395 -5.8882285676537816 2.4
      vertex 40.872788370481686 -5.760472266500395 2.4
    endloop
  endfacet
  facet normal 0 0 1
    outer loop
      vertex -40.872788370481686 -5.760472266500395 2.4
      vertex 40.872788370481686 -5.760472266500395 2.4
      vertex 40.85570795286238 -5.630733614121487 2.4
    endloop
  endfacet
  facet normal 0 0 1
    outer loop
      vertex -40.85570795286238 -5.630733614121487 2.4
      vertex 40.85570795286238 -5.630733614121487 2.4
      vertex 40.85 -5.5 2.4
    endloop
  endfacet
  facet normal 0 0 1
    outer loop
      vertex -40.85 -5.5 2.4
      vertex 40.85 -5.5 2.4
      vertex 40.85 -4 2.4
    endloop
  endfacet
  facet normal 0 0 1
    outer loop
      vertex -40.85 -4 2.4
      vertex 40.85 -4 2.4
      vertex 40.85570795286238 -3.869266385878513 2.4
    endloop
  endfacet
  facet normal 0 0 1
    outer loop
      vertex -40.85570795286238 -3.869266385878513 2.4
      vertex 40.85570795286238 -3.869266385878513 2.4
      vertex 40.872788370481686 -3.7395277334996044 2.4
    endloop
  endfacet
  facet normal 0 0 1
    outer loop
      vertex -40.872788370481686 -3.7395277334996044 2.4
      vertex 40.872788370481686 -3.7395277334996044 2.4
      vertex 40.901111260566395 -3.611771432346219 2.4
    endloop
  endfacet
  facet normal 0 0 1
    outer loop
      vertex -40.901111260566395 -3.611771432346219 2.4
      vertex 40.901111260566395 -3.611771432346219 2.4
      vertex 40.940461068821136 -3.486969785011497 2.4
    endloop
  endfacet
  facet normal 0 0 1
    outer loop
      vertex -40.940461068821136 -3.486969785011497 2.4
      vertex 40.940461068821136 -3.486969785011497 2.4
      vertex 40.99053831944502 -3.3660726073889506 2.4
    endloop
  endfacet
  facet normal 0 0 1
    outer loop
      vertex -40.99053831944502 -3.3660726073889506 2.4
      vertex 40.99053831944502 -3.3660726073889506 2.4
      vertex 41.05096189432334 -3.25 2.4
    endloop
  endfacet
  facet normal 0 0 1
    outer loop
      vertex -41.05096189432334 -3.25 2.4
      vertex 41.05096189432334 -3.25 2.4
      vertex 41.12127193356651 -3.139635345473431 2.4
    endloop
  endfacet
  facet normal 0 0 1
    outer loop
      vertex -41.12127193356651 -3.139635345473431 2.4
      vertex 41.12127193356651 -3.139635345473431 2.4
      vertex 41.20093333532153 -3.0358185854701913 2.4
    endloop
  endfacet
  facet normal 0 0 1
    outer loop
      vertex -41.20093333532153 -3.0358185854701913 2.4
      vertex 41.20093333532153 -3.0358185854701913 2.4
      vertex 41.28933982822018 -2.9393398282201786 2.4
    endloop
  endfacet
  facet normal 0 0 1
    outer loop
      vertex -41.28933982822018 -2.9393398282201786 2.4
      vertex 41.28933982822018 -2.9393398282201786 2.4
      vertex 41.38581858547019 -2.8509333353215327 2.4
    endloop
  endfacet
  facet normal 0 0 1
    outer loop
      vertex -41.38581858547019 -2.8509333353215327 2.4
      vertex 41.38581858547019 -2.8509333353215327 2.4
      vertex 41.48963534547343 -2.7712719335665126 2.4
    endloop
  endfacet
  facet normal 0 0 1
    outer loop
      vertex -41.48963534547343 -2.7712719335665126 2.4
      vertex 41.48963534547343 -2.7712719335665126 2.4
      vertex 41.6 -2.700961894323342 2.4
    endloop
  endfacet
  facet normal 0 0 1
    outer loop
      vertex -41.6 -2.700961894323342 2.4
      vertex 41.6 -2.700961894323342 2.4
      vertex 41.71607260738895 -2.6405383194450254 2.4
    endloop
  endfacet
  facet normal 0 0 1
    outer loop
      vertex -41.71607260738895 -2.6405383194450254 2.4
      vertex 41.71607260738895 -2.6405383194450254 2.4
      vertex 41.8369697850115 -2.5904610688211376 2.4
    endloop
  endfacet
  facet normal 0 0 1
    outer loop
      vertex -41.8369697850115 -2.5904610688211376 2.4
      vertex 41.8369697850115 -2.5904610688211376 2.4
      vertex 41.96177143234622 -2.5511112605663975 2.4
    endloop
  endfacet
  facet normal 0 0 1
    outer loop
      vertex -41.96177143234622 -2.5511112605663975 2.4
      vertex 41.96177143234622 -2.5511112605663975 2.4
      vertex 42.08952773349961 -2.5227883704816882 2.4
    endloop
  endfacet
  facet normal 0 0 1
    outer loop
      vertex -42.08952773349961 -2.5227883704816882 2.4
      vertex 42.08952773349961 -2.5227883704816882 2.4
      vertex 42.21926638587851 -2.5057079528623816 2.4
    endloop
  endfacet
  facet normal 0 0 1
    outer loop
      vertex -46.25 -1.5 2.4
      vertex 42.21926638587851 -2.5057079528623816 2.4
      vertex 42.35 -2.5 2.4
    endloop
  endfacet
  facet normal 0 0 1
    outer loop
      vertex -46.25 -1.5 2.4
      vertex 42.35 -2.5 2.4
      vertex 43.15 -2.5 2.4
    endloop
  endfacet
  facet normal 0 0 1
    outer loop
      vertex -46.25 -1.5 2.4
      vertex 43.15 -2.5 2.4
      vertex 46.25 -1.5 2.4
    endloop
  endfacet
  facet normal 0 0 1
    outer loop
      vertex 42.9490614334471 -10.5 2.4
      vertex 41.28933982822018 -6.560660171779821 2.4
      vertex 41.20093333532153 -6.464181414529809 2.4
    endloop
  endfacet
  facet normal 0 0 1
    outer loop
      vertex 42.9490614334471 -10.5 2.4
      vertex 41.38581858547019 -6.649066664678467 2.4
      vertex 41.28933982822018 -6.560660171779821 2.4
    endloop
  endfacet
  facet normal 0 0 1
    outer loop
      vertex 42.9490614334471 -10.5 2.4
      vertex 41.20093333532153 -6.464181414529809 2.4
      vertex 41.12127193356651 -6.360364654526569 2.4
    endloop
  endfacet
  facet normal 0 0 1
    outer loop
      vertex 42.9490614334471 -10.5 2.4
      vertex 41.12127193356651 -6.360364654526569 2.4
      vertex 41.05096189432334 -6.25 2.4
    endloop
  endfacet
  facet normal 0 0 1
    outer loop
      vertex 42.9490614334471 -10.5 2.4
      vertex 41.71607260738895 -6.859461680554975 2.4
      vertex 41.6 -6.799038105676658 2.4
    endloop
  endfacet
  facet normal 0 0 1
    outer loop
      vertex 42.9490614334471 -10.5 2.4
      vertex 41.6 -6.799038105676658 2.4
      vertex 41.48963534547343 -6.728728066433487 2.4
    endloop
  endfacet
  facet normal 0 0 1
    outer loop
      vertex 42.9490614334471 -10.5 2.4
      vertex 41.96177143234622 -6.9488887394336025 2.4
      vertex 41.8369697850115 -6.909538931178862 2.4
    endloop
  endfacet
  facet normal 0 0 1
    outer loop
      vertex 42.9490614334471 -10.5 2.4
      vertex 41.8369697850115 -6.909538931178862 2.4
      vertex 41.71607260738895 -6.859461680554975 2.4
    endloop
  endfacet
  facet normal 0 0 1
    outer loop
      vertex 42.9490614334471 -10.5 2.4
      vertex 42.08952773349961 -6.977211629518312 2.4
      vertex 41.96177143234622 -6.9488887394336025 2.4
    endloop
  endfacet
  facet normal 0 0 1
    outer loop
      vertex 42.9490614334471 -10.5 2.4
      vertex 42.21926638587851 -6.994292047137618 2.4
      vertex 42.08952773349961 -6.977211629518312 2.4
    endloop
  endfacet
  facet normal 0 0 1
    outer loop
      vertex 42.9490614334471 -10.5 2.4
      vertex 42.35 -7 2.4
      vertex 42.21926638587851 -6.994292047137618 2.4
    endloop
  endfacet
  facet normal 0 0 1
    outer loop
      vertex 42.9490614334471 -10.5 2.4
      vertex 41.48963534547343 -6.728728066433487 2.4
      vertex 41.38581858547019 -6.649066664678467 2.4
    endloop
  endfacet
  facet normal 0 0 1
    outer loop
      vertex 42.9490614334471 -10.5 2.4
      vertex 43.15 -7 2.4
      vertex 42.35 -7 2.4
    endloop
  endfacet
  facet normal 0 0 1
    outer loop
      vertex 42.9490614334471 -10.5 2.4
      vertex 43.28073361412149 -6.994292047137618 2.4
      vertex 43.15 -7 2.4
    endloop
  endfacet
  facet normal 0 0 1
    outer loop
      vertex 42.9490614334471 -10.5 2.4
      vertex 43.41047226650039 -6.977211629518312 2.4
      vertex 43.28073361412149 -6.994292047137618 2.4
    endloop
  endfacet
  facet normal 0 0 1
    outer loop
      vertex 42.9490614334471 -10.5 2.4
      vertex 43.53822856765378 -6.9488887394336025 2.4
      vertex 43.41047226650039 -6.977211629518312 2.4
    endloop
  endfacet
  facet normal 0 0 1
    outer loop
      vertex 42.9490614334471 -10.5 2.4
      vertex 44.64091279357672 -10.5 2.4
      vertex 43.53822856765378 -6.9488887394336025 2.4
    endloop
  endfacet
  facet normal 0 0 1
    outer loop
      vertex 44.64091279357672 -10.5 2.4
      vertex 44.72800928354263 -10.49809954315424 2.4
      vertex 43.53822856765378 -6.9488887394336025 2.4
    endloop
  endfacet
  facet normal 0 0 1
    outer loop
      vertex 44.72800928354263 -10.49809954315424 2.4
      vertex 44.94473239779472 -10.479138731956482 2.4
      vertex 43.53822856765378 -6.9488887394336025 2.4
    endloop
  endfacet
  facet normal 0 0 1
    outer loop
      vertex 44.94473239779472 -10.479138731956482 2.4
      vertex 45.07290671020746 -10.456538140773773 2.4
      vertex 43.53822856765378 -6.9488887394336025 2.4
    endloop
  endfacet
  facet normal 0 0 1
    outer loop
      vertex 45.07290671020746 -10.456538140773773 2.4
      vertex 45.19862359762192 -10.422852404415607 2.4
      vertex 43.53822856765378 -6.9488887394336025 2.4
    endloop
  endfacet
  facet normal 0 0 1
    outer loop
      vertex 45.19862359762192 -10.422852404415607 2.4
      vertex 45.320926271378994 -10.378337875008583 2.4
      vertex 43.53822856765378 -6.9488887394336025 2.4
    endloop
  endfacet
  facet normal 0 0 1
    outer loop
      vertex 45.320926271378994 -10.378337875008583 2.4
      vertex 45.43888367712498 -10.32333342730999 2.4
      vertex 43.53822856765378 -6.9488887394336025 2.4
    endloop
  endfacet
  facet normal 0 0 1
    outer loop
      vertex 45.43888367712498 -10.32333342730999 2.4
      vertex 45.55159851908684 -10.258257485926151 2.4
      vertex 43.53822856765378 -6.9488887394336025 2.4
    endloop
  endfacet
  facet normal 0 0 1
    outer loop
      vertex 45.55159851908684 -10.258257485926151 2.4
      vertex 45.65821246057749 -10.18360560387373 2.4
      vertex 43.53822856765378 -6.9488887394336025 2.4
    endloop
  endfacet
  facet normal 0 0 1
    outer loop
      vertex 45.65821246057749 -10.18360560387373 2.4
      vertex 45.7579146027565 -10.099945574998856 2.4
      vertex 43.53822856765378 -6.9488887394336025 2.4
    endloop
  endfacet
  facet normal 0 0 1
    outer loop
      vertex 45.7579146027565 -10.099945574998856 2.4
      vertex 45.84994553774595 -10.007914640009403 2.4
      vertex 43.53822856765378 -6.9488887394336025 2.4
    endloop
  endfacet
  facet normal 0 0 1
    outer loop
      vertex 45.84994553774595 -10.007914640009403 2.4
      vertex 45.93360557407141 -9.908212497830391 2.4
      vertex 43.53822856765378 -6.9488887394336025 2.4
    endloop
  endfacet
  facet normal 0 0 1
    outer loop
      vertex 45.93360557407141 -9.908212497830391 2.4
      vertex 46.008257515728474 -9.801598474383354 2.4
      vertex 43.53822856765378 -6.9488887394336025 2.4
    endloop
  endfacet
  facet normal 0 0 1
    outer loop
      vertex 46.008257515728474 -9.801598474383354 2.4
      vertex 46.073333382606506 -9.688883766531944 2.4
      vertex 43.53822856765378 -6.9488887394336025 2.4
    endloop
  endfacet
  facet normal 0 0 1
    outer loop
      vertex 46.073333382606506 -9.688883766531944 2.4
      vertex 46.12833787500858 -9.570926263928413 2.4
      vertex 43.53822856765378 -6.9488887394336025 2.4
    endloop
  endfacet
  facet normal 0 0 1
    outer loop
      vertex 46.12833787500858 -9.570926263928413 2.4
      vertex 46.17285239696503 -9.44862361997366 2.4
      vertex 43.53822856765378 -6.9488887394336025 2.4
    endloop
  endfacet
  facet normal 0 0 1
    outer loop
      vertex 46.17285239696503 -9.44862361997366 2.4
      vertex 46.20653814077377 -9.322906710207462 2.4
      vertex 43.53822856765378 -6.9488887394336025 2.4
    endloop
  endfacet
  facet normal 0 0 1
    outer loop
      vertex 46.20653814077377 -9.322906710207462 2.4
      vertex 46.22913873940706 -9.194732382893562 2.4
      vertex 43.53822856765378 -6.9488887394336025 2.4
    endloop
  endfacet
  facet normal 0 0 1
    outer loop
      vertex 46.25 -8.890912786126137 2.4
      vertex 43.6630302149885 -6.909538931178862 2.4
      vertex 43.53822856765378 -6.9488887394336025 2.4
    endloop
  endfacet
  facet normal 0 0 1
    outer loop
      vertex 46.25 -8.890912786126137 2.4
      vertex 43.78392739261105 -6.859461680554975 2.4
      vertex 43.6630302149885 -6.909538931178862 2.4
    endloop
  endfacet
  facet normal 0 0 1
    outer loop
      vertex 46.25 -8.890912786126137 2.4
      vertex 43.9 -6.799038105676658 2.4
      vertex 43.78392739261105 -6.859461680554975 2.4
    endloop
  endfacet
  facet normal 0 0 1
    outer loop
      vertex 46.25 -8.890912786126137 2.4
      vertex 44.01036465452657 -6.728728066433487 2.4
      vertex 43.9 -6.799038105676658 2.4
    endloop
  endfacet
  facet normal 0 0 1
    outer loop
      vertex 46.25 -8.890912786126137 2.4
      vertex 44.11418141452981 -6.649066664678467 2.4
      vertex 44.01036465452657 -6.728728066433487 2.4
    endloop
  endfacet
  facet normal 0 0 1
    outer loop
      vertex 46.22913873940706 -9.194732382893562 2.4
      vertex 46.24809954315424 -8.978009410202503 2.4
      vertex 43.53822856765378 -6.9488887394336025 2.4
    endloop
  endfacet
  facet normal 0 0 1
    outer loop
      vertex 46.24809954315424 -8.978009410202503 2.4
      vertex 46.25 -8.890912786126137 2.4
      vertex 43.53822856765378 -6.9488887394336025 2.4
    endloop
  endfacet
  facet normal 0 0 1
    outer loop
      vertex 46.25 -8.890912786126137 2.4
      vertex 44.21066017177982 -6.560660171779821 2.4
      vertex 44.11418141452981 -6.649066664678467 2.4
    endloop
  endfacet
  facet normal 0 0 1
    outer loop
      vertex 46.25 -8.890912786126137 2.4
      vertex 44.29906666467847 -6.464181414529809 2.4
      vertex 44.21066017177982 -6.560660171779821 2.4
    endloop
  endfacet
  facet normal 0 0 1
    outer loop
      vertex 46.25 -8.890912786126137 2.4
      vertex 44.37872806643349 -6.360364654526569 2.4
      vertex 44.29906666467847 -6.464181414529809 2.4
    endloop
  endfacet
  facet normal 0 0 1
    outer loop
      vertex 46.25 -8.890912786126137 2.4
      vertex 44.44903810567666 -6.25 2.4
      vertex 44.37872806643349 -6.360364654526569 2.4
    endloop
  endfacet
  facet normal 0 0 1
    outer loop
      vertex 46.25 -8.890912786126137 2.4
      vertex 44.50946168055498 -6.133927392611049 2.4
      vertex 44.44903810567666 -6.25 2.4
    endloop
  endfacet
  facet normal 0 0 1
    outer loop
      vertex 46.25 -8.890912786126137 2.4
      vertex 44.559538931178864 -6.013030214988503 2.4
      vertex 44.50946168055498 -6.133927392611049 2.4
    endloop
  endfacet
  facet normal 0 0 1
    outer loop
      vertex 46.25 -8.890912786126137 2.4
      vertex 44.598888739433605 -5.8882285676537816 2.4
      vertex 44.559538931178864 -6.013030214988503 2.4
    endloop
  endfacet
  facet normal 0 0 1
    outer loop
      vertex 46.25 -8.890912786126137 2.4
      vertex 44.627211629518314 -5.760472266500395 2.4
      vertex 44.598888739433605 -5.8882285676537816 2.4
    endloop
  endfacet
  facet normal 0 0 1
    outer loop
      vertex 46.25 -8.890912786126137 2.4
      vertex 44.64429204713762 -5.630733614121487 2.4
      vertex 44.627211629518314 -5.760472266500395 2.4
    endloop
  endfacet
  facet normal 0 0 1
    outer loop
      vertex 46.25 -8.890912786126137 2.4
      vertex 44.65 -5.5 2.4
      vertex 44.64429204713762 -5.630733614121487 2.4
    endloop
  endfacet
  facet normal 0 0 1
    outer loop
      vertex 46.25 -8.890912786126137 2.4
      vertex 44.65 -4 2.4
      vertex 44.65 -5.5 2.4
    endloop
  endfacet
  facet normal 0 0 1
    outer loop
      vertex 46.25 -8.890912786126137 2.4
      vertex 44.64429204713762 -3.869266385878513 2.4
      vertex 44.65 -4 2.4
    endloop
  endfacet
  facet normal 0 0 1
    outer loop
      vertex 46.25 -8.890912786126137 2.4
      vertex 44.627211629518314 -3.7395277334996044 2.4
      vertex 44.64429204713762 -3.869266385878513 2.4
    endloop
  endfacet
  facet normal 0 0 1
    outer loop
      vertex 46.25 -8.890912786126137 2.4
      vertex 44.598888739433605 -3.611771432346219 2.4
      vertex 44.627211629518314 -3.7395277334996044 2.4
    endloop
  endfacet
  facet normal 0 0 1
    outer loop
      vertex 46.25 -8.890912786126137 2.4
      vertex 46.25 -1.5 2.4
      vertex 44.598888739433605 -3.611771432346219 2.4
    endloop
  endfacet
  facet normal 0 0 1
    outer loop
      vertex 44.598888739433605 -3.611771432346219 2.4
      vertex 46.25 -1.5 2.4
      vertex 44.559538931178864 -3.486969785011497 2.4
    endloop
  endfacet
  facet normal 0 0 1
    outer loop
      vertex 44.559538931178864 -3.486969785011497 2.4
      vertex 46.25 -1.5 2.4
      vertex 44.50946168055498 -3.3660726073889506 2.4
    endloop
  endfacet
  facet normal 0 0 1
    outer loop
      vertex 44.50946168055498 -3.3660726073889506 2.4
      vertex 46.25 -1.5 2.4
      vertex 44.44903810567666 -3.25 2.4
    endloop
  endfacet
  facet normal 0 0 1
    outer loop
      vertex 44.29906666467847 -3.0358185854701913 2.4
      vertex 44.37872806643349 -3.139635345473431 2.4
      vertex 46.25 -1.5 2.4
    endloop
  endfacet
  facet normal 0 0 1
    outer loop
      vertex 44.21066017177982 -2.9393398282201786 2.4
      vertex 46.25 -1.5 2.4
      vertex 44.11418141452981 -2.8509333353215327 2.4
    endloop
  endfacet
  facet normal 0 0 1
    outer loop
      vertex 44.21066017177982 -2.9393398282201786 2.4
      vertex 44.29906666467847 -3.0358185854701913 2.4
      vertex 46.25 -1.5 2.4
    endloop
  endfacet
  facet normal 0 0 1
    outer loop
      vertex 44.37872806643349 -3.139635345473431 2.4
      vertex 44.44903810567666 -3.25 2.4
      vertex 46.25 -1.5 2.4
    endloop
  endfacet
  facet normal 0 0 1
    outer loop
      vertex 43.15 -2.5 2.4
      vertex 43.28073361412149 -2.5057079528623816 2.4
      vertex 46.25 -1.5 2.4
    endloop
  endfacet
  facet normal 0 0 1
    outer loop
      vertex 43.28073361412149 -2.5057079528623816 2.4
      vertex 43.41047226650039 -2.5227883704816882 2.4
      vertex 46.25 -1.5 2.4
    endloop
  endfacet
  facet normal 0 0 1
    outer loop
      vertex 43.41047226650039 -2.5227883704816882 2.4
      vertex 43.53822856765378 -2.5511112605663975 2.4
      vertex 46.25 -1.5 2.4
    endloop
  endfacet
  facet normal 0 0 1
    outer loop
      vertex 43.53822856765378 -2.5511112605663975 2.4
      vertex 43.6630302149885 -2.5904610688211376 2.4
      vertex 46.25 -1.5 2.4
    endloop
  endfacet
  facet normal 0 0 1
    outer loop
      vertex 43.6630302149885 -2.5904610688211376 2.4
      vertex 43.78392739261105 -2.6405383194450254 2.4
      vertex 46.25 -1.5 2.4
    endloop
  endfacet
  facet normal 0 0 1
    outer loop
      vertex 43.9 -2.700961894323342 2.4
      vertex 46.25 -1.5 2.4
      vertex 43.78392739261105 -2.6405383194450254 2.4
    endloop
  endfacet
  facet normal 0 0 1
    outer loop
      vertex 44.01036465452657 -2.7712719335665126 2.4
      vertex 44.11418141452981 -2.8509333353215327 2.4
      vertex 46.25 -1.5 2.4
    endloop
  endfacet
  facet normal 0 0 1
    outer loop
      vertex 43.9 -2.700961894323342 2.4
      vertex 44.01036465452657 -2.7712719335665126 2.4
      vertex 46.25 -1.5 2.4
    endloop
  endfacet
  facet normal -5.3955067375029426e-17 -0.7071067811865487 0.7071067811865464
    outer loop
      vertex -22.90999999642372 0.09999999850988384 3.9999999985098835
      vertex 46.25 -1.5 2.4
      vertex -17.09000000357628 0.09999999850988384 3.999999998509884
    endloop
  endfacet
  facet normal 1.212673645327617e-15 -0.7071067811865236 0.7071067811865716
    outer loop
      vertex -17.09000000357628 0.09999999850988384 3.999999998509884
      vertex 46.25 -1.5 2.4
      vertex -16.99500024318695 0.10414778143167491 4.004147781431675
    endloop
  endfacet
  facet normal -1.0796082700668565e-15 -0.7071067811865687 0.7071067811865264
    outer loop
      vertex -16.99500024318695 0.10414778143167491 4.004147781431675
      vertex 46.25 -1.5 2.4
      vertex -16.900723487138748 0.11655955463647838 4.016559554636479
    endloop
  endfacet
  facet normal 7.465035485919026e-17 -0.707106781186471 0.7071067811866242
    outer loop
      vertex -16.900723487138748 0.11655955463647838 4.016559554636479
      vertex 17.09000000357628 0.09999999850988384 3.9999999985098844
      vertex 16.99500024318695 0.10414778143167491 4.004147781431675
    endloop
  endfacet
  facet normal 1.858018042693376e-17 -0.7071067811865475 0.7071067811865476
    outer loop
      vertex -16.900723487138748 0.11655955463647838 4.016559554636479
      vertex 16.99500024318695 0.10414778143167491 4.004147781431675
      vertex 16.900723487138748 0.11655955463647838 4.016559554636478
    endloop
  endfacet
  facet normal 1.8580180426933358e-17 -0.7071067811865628 0.7071067811865324
    outer loop
      vertex -16.900723487138748 0.11655955463647838 4.016559554636479
      vertex 16.900723487138748 0.11655955463647838 4.016559554636478
      vertex 16.807887241244316 0.13714085221290584 4.037140852212906
    endloop
  endfacet
  facet normal 0 -0.7071067811865476 0.7071067811865476
    outer loop
      vertex -16.900723487138748 0.11655955463647838 4.016559554636479
      vertex 16.807887241244316 0.13714085221290584 4.037140852212906
      vertex 16.71719804406166 0.16573504805564876 4.065735048055649
    endloop
  endfacet
  facet normal -1.820531099417106e-19 -0.7071067811865477 0.7071067811865474
    outer loop
      vertex -16.900723487138748 0.11655955463647838 4.016559554636479
      vertex 46.25 -1.5 2.4
      vertex 17.09000000357628 0.09999999850988384 3.9999999985098844
    endloop
  endfacet
  facet normal 0 -0.7071067811865475 0.7071067811865475
    outer loop
      vertex -16.900723487138748 0.11655955463647838 4.016559554636479
      vertex 16.71719804406166 0.16573504805564876 4.065735048055649
      vertex 16.62934609502554 0.202124510705471 4.102124510705472
    endloop
  endfacet
  facet normal 0 -0.7071067811865476 0.7071067811865476
    outer loop
      vertex -16.900723487138748 0.11655955463647838 4.016559554636479
      vertex 16.62934609502554 0.202124510705471 4.102124510705472
      vertex 16.54500000178814 0.24603230953216548 4.146032309532166
    endloop
  endfacet
  facet normal -4.7090687992489984e-17 -0.7071067811865416 0.7071067811865537
    outer loop
      vertex -16.900723487138748 0.11655955463647838 4.016559554636479
      vertex 16.54500000178814 0.24603230953216548 4.146032309532166
      vertex 16.46480169147253 0.297124271094799 4.197124271094799
    endloop
  endfacet
  facet normal 7.819943195805708e-17 -0.7071067811865528 0.7071067811865421
    outer loop
      vertex -16.900723487138748 0.11655955463647838 4.016559554636479
      vertex 16.46480169147253 0.297124271094799 4.197124271094799
      vertex 16.389361508190632 0.3550115570425987 4.255011557042599
    endloop
  endfacet
  facet normal -6.829369002869593e-17 -0.7071067811865428 0.7071067811865521
    outer loop
      vertex -16.900723487138748 0.11655955463647838 4.016559554636479
      vertex 16.389361508190632 0.3550115570425987 4.255011557042599
      vertex 16.319253608584404 0.41925360709428783 4.3192536070942875
    endloop
  endfacet
  facet normal 2.0892860573154944e-17 -0.7071067811865475 0.7071067811865475
    outer loop
      vertex -16.900723487138748 0.11655955463647838 4.016559554636479
      vertex 16.319253608584404 0.41925360709428783 4.3192536070942875
      vertex 16.255011558532715 0.4893615067005157 4.389361506700515
    endloop
  endfacet
  facet normal 1.555868570121467e-17 -0.7071067811865478 0.7071067811865472
    outer loop
      vertex -16.900723487138748 0.11655955463647838 4.016559554636479
      vertex 16.255011558532715 0.4893615067005157 4.389361506700515
      vertex 16.197124272584915 0.5648016899824142 4.464801689982414
    endloop
  endfacet
  facet normal 2.199179037294274e-17 -0.7071067811865472 0.7071067811865477
    outer loop
      vertex -16.900723487138748 0.11655955463647838 4.016559554636479
      vertex 16.197124272584915 0.5648016899824142 4.464801689982414
      vertex 16.14603231102228 0.6450000002980232 4.545000000298023
    endloop
  endfacet
  facet normal 2.793194814102406e-17 -0.7071067811865471 0.707106781186548
    outer loop
      vertex -16.900723487138748 0.11655955463647838 4.016559554636479
      vertex 16.14603231102228 0.6450000002980232 4.545000000298023
      vertex 16.102124512195587 0.7293460935354232 4.629346093535423
    endloop
  endfacet
  facet normal 1.477841055686993e-16 -0.707106781186551 0.7071067811865441
    outer loop
      vertex -16.900723487138748 0.11655955463647838 4.016559554636479
      vertex 16.102124512195587 0.7293460935354232 4.629346093535423
      vertex 16.065735049545765 0.8171980425715446 4.717198042571545
    endloop
  endfacet
  facet normal 0 -0.7071067811865475 0.7071067811865475
    outer loop
      vertex -16.900723487138748 0.11655955463647838 4.016559554636479
      vertex 16.065735049545765 0.8171980425715446 4.717198042571545
      vertex 16.037140853703022 0.9078872397541999 4.8078872397542005
    endloop
  endfacet
  facet normal 0 -0.7071067811865475 0.7071067811865475
    outer loop
      vertex -16.037140853703022 0.9078872397541999 4.8078872397542005
      vertex 16.037140853703022 0.9078872397541999 4.8078872397542005
      vertex 16.016559556126595 1.000723485648632 4.900723485648633
    endloop
  endfacet
  facet normal -1.9605864207999516e-17 -0.7071067811865475 0.7071067811865475
    outer loop
      vertex -16.016559556126595 1.000723485648632 4.900723485648632
      vertex 16.016559556126595 1.000723485648632 4.900723485648633
      vertex 16.00414778292179 1.0950002416968345 4.995000241696835
    endloop
  endfacet
  facet normal -1.962106923755401e-17 -0.7071067811865475 0.7071067811865475
    outer loop
      vertex -16.00414778292179 1.0950002416968345 4.995000241696834
      vertex 16.00414778292179 1.0950002416968345 4.995000241696835
      vertex 16 1.1900000020861625 5.090000002086163
    endloop
  endfacet
  facet normal 0 -0.7071067811865476 0.7071067811865476
    outer loop
      vertex -16.037140853703022 1.4921127602458 5.3921127602458006
      vertex 16.03962769100224 1.4999999999999998 5.4
      vertex 2.8945228385578177 1.4999999999999998 5.4
    endloop
  endfacet
  facet normal 0 -0.7071067811865475 0.7071067811865475
    outer loop
      vertex -16 1.1900000020861625 5.090000002086163
      vertex 16 1.1900000020861625 5.090000002086163
      vertex 16 1.2099999979138374 5.109999997913838
    endloop
  endfacet
  facet normal 0 -0.7071067811865476 0.7071067811865476
    outer loop
      vertex -16 1.2099999979138374 5.109999997913838
      vertex 16 1.2099999979138374 5.109999997913838
      vertex 16.00414778292179 1.3049997583031654 5.204999758303166
    endloop
  endfacet
  facet normal -1.9621069237554013e-17 -0.7071067811865475 0.7071067811865475
    outer loop
      vertex -16.00414778292179 1.3049997583031654 5.204999758303165
      vertex 16.00414778292179 1.3049997583031654 5.204999758303166
      vertex 16.016559556126595 1.399276514351368 5.2992765143513685
    endloop
  endfacet
  facet normal 0 -0.7071067811865476 0.7071067811865476
    outer loop
      vertex -16.016559556126595 1.399276514351368 5.2992765143513685
      vertex 16.016559556126595 1.399276514351368 5.2992765143513685
      vertex 16.037140853703022 1.4921127602458 5.3921127602458006
    endloop
  endfacet
  facet normal 0 -0.7071067811865476 0.7071067811865476
    outer loop
      vertex -16.037140853703022 1.4921127602458 5.3921127602458006
      vertex 16.037140853703022 1.4921127602458 5.3921127602458006
      vertex 16.03962769100224 1.4999999999999998 5.4
    endloop
  endfacet
  facet normal 1.0116575142239839e-16 -0.7071067811865467 0.7071067811865483
    outer loop
      vertex 46.25 -1.5 2.4
      vertex 22.90999999642372 0.09999999850988384 3.9999999985098835
      vertex 17.09000000357628 0.09999999850988384 3.9999999985098844
    endloop
  endfacet
  facet normal -5.048348828955488e-15 -0.7071067811865778 0.7071067811865173
    outer loop
      vertex 46.25 -1.5 2.4
      vertex 23.00499975681305 0.10414778143167491 4.0041477814316755
      vertex 22.90999999642372 0.09999999850988384 3.9999999985098835
    endloop
  endfacet
  facet normal 2.1422741833513206e-15 -0.7071067811865305 0.7071067811865647
    outer loop
      vertex 46.25 -1.5 2.4
      vertex 23.099276512861252 0.11655955463647838 4.016559554636478
      vertex 23.00499975681305 0.10414778143167491 4.0041477814316755
    endloop
  endfacet
  facet normal 0 -0.7071067811865476 0.7071067811865476
    outer loop
      vertex 46.25 -1.5 2.4
      vertex 23.192112758755684 0.13714085221290584 4.0371408522129055
      vertex 23.099276512861252 0.11655955463647838 4.016559554636478
    endloop
  endfacet
  facet normal 0 -0.7071067811865476 0.7071067811865476
    outer loop
      vertex 46.25 -1.5 2.4
      vertex 23.28280195593834 0.16573504805564876 4.0657350480556484
      vertex 23.192112758755684 0.13714085221290584 4.0371408522129055
    endloop
  endfacet
  facet normal -9.592235958732696e-16 -0.7071067811865551 0.7071067811865398
    outer loop
      vertex 46.25 -1.5 2.4
      vertex 23.37065390497446 0.202124510705471 4.102124510705472
      vertex 23.28280195593834 0.16573504805564876 4.0657350480556484
    endloop
  endfacet
  facet normal 0 -0.7071067811865475 0.7071067811865475
    outer loop
      vertex 46.25 -1.5 2.4
      vertex 23.45499999821186 0.24603230953216548 4.146032309532166
      vertex 23.37065390497446 0.202124510705471 4.102124510705472
    endloop
  endfacet
  facet normal 0 -0.7071067811865476 0.7071067811865476
    outer loop
      vertex 46.25 -1.5 2.4
      vertex 23.53519830852747 0.297124271094799 4.1971242710948
      vertex 23.45499999821186 0.24603230953216548 4.146032309532166
    endloop
  endfacet
  facet normal 6.494812948426782e-16 -0.7071067811865422 0.7071067811865527
    outer loop
      vertex 46.25 -1.5 2.4
      vertex 23.610638491809368 0.3550115570425987 4.255011557042598
      vertex 23.53519830852747 0.297124271094799 4.1971242710948
    endloop
  endfacet
  facet normal -7.927507963806581e-16 -0.7071067811865523 0.7071067811865428
    outer loop
      vertex 46.25 -1.5 2.4
      vertex 23.680746391415596 0.41925360709428783 4.319253607094288
      vertex 23.610638491809368 0.3550115570425987 4.255011557042598
    endloop
  endfacet
  facet normal 0 -0.7071067811865476 0.7071067811865476
    outer loop
      vertex 46.25 -1.5 2.4
      vertex 23.744988441467285 0.4893615067005157 4.389361506700516
      vertex 23.680746391415596 0.41925360709428783 4.319253607094288
    endloop
  endfacet
  facet normal 3.4641888839520593e-16 -0.7071067811865461 0.7071067811865489
    outer loop
      vertex 46.25 -1.5 2.4
      vertex 23.802875727415085 0.5648016899824142 4.464801689982415
      vertex 23.744988441467285 0.4893615067005157 4.389361506700516
    endloop
  endfacet
  facet normal 0 -0.7071067811865461 0.7071067811865488
    outer loop
      vertex 46.25 -1.5 2.4
      vertex 23.85396768897772 0.6450000002980232 4.545000000298024
      vertex 23.802875727415085 0.5648016899824142 4.464801689982415
    endloop
  endfacet
  facet normal 0 -0.7071067811865488 0.7071067811865462
    outer loop
      vertex 46.25 -1.5 2.4
      vertex 23.897875487804413 0.7293460935354232 4.629346093535424
      vertex 23.85396768897772 0.6450000002980232 4.545000000298024
    endloop
  endfacet
  facet normal 0 -0.7071067811865475 0.7071067811865475
    outer loop
      vertex 46.25 -1.5 2.4
      vertex 23.934264950454235 0.8171980425715446 4.717198042571545
      vertex 23.897875487804413 0.7293460935354232 4.629346093535424
    endloop
  endfacet
  facet normal 0 -0.7071067811865475 0.7071067811865475
    outer loop
      vertex 46.25 -1.5 2.4
      vertex 23.962859146296978 0.9078872397541999 4.8078872397542005
      vertex 23.934264950454235 0.8171980425715446 4.717198042571545
    endloop
  endfacet
  facet normal 8.893138576327224e-16 -0.7071067811865439 0.707106781186551
    outer loop
      vertex 46.25 -1.5 2.4
      vertex 23.983440443873405 1.000723485648632 4.900723485648632
      vertex 23.962859146296978 0.9078872397541999 4.8078872397542005
    endloop
  endfacet
  facet normal 2.4849991601475187e-17 -0.7071067811865475 0.7071067811865475
    outer loop
      vertex 23.99585221707821 1.3049997583031654 5.204999758303166
      vertex 30.253159218047116 1.5 5.4
      vertex 23.983440443873405 1.399276514351368 5.2992765143513685
    endloop
  endfacet
  facet normal 2.5199206374523786e-17 -0.7071067811865474 0.7071067811865476
    outer loop
      vertex 23.983440443873405 1.399276514351368 5.2992765143513685
      vertex 30.253159218047116 1.5 5.4
      vertex 23.962859146296978 1.4921127602458 5.3921127602458006
    endloop
  endfacet
  facet normal 2.4907315985726106e-17 -0.7071067811865475 0.7071067811865475
    outer loop
      vertex 23.962859146296978 1.4921127602458 5.3921127602458006
      vertex 30.253159218047116 1.5 5.4
      vertex 23.96037230899776 1.4999999999999998 5.4
    endloop
  endfacet
  facet normal 1.4302306823805222e-16 -0.7071067811865508 0.7071067811865442
    outer loop
      vertex 23.983440443873405 1.000723485648632 4.900723485648632
      vertex 46.24617560521024 1.5000000000000004 5.4
      vertex 23.99585221707821 1.0950002416968345 4.995000241696835
    endloop
  endfacet
  facet normal 2.0907600805554047e-17 -0.7071067811865475 0.7071067811865475
    outer loop
      vertex 23.99585221707821 1.0950002416968345 4.995000241696835
      vertex 46.24617560521024 1.5000000000000004 5.4
      vertex 24 1.1900000020861625 5.090000002086163
    endloop
  endfacet
  facet normal 2.2055655965520852e-17 -0.7071067811865475 0.7071067811865475
    outer loop
      vertex 24 1.1900000020861625 5.090000002086163
      vertex 46.24617560521024 1.5000000000000004 5.4
      vertex 24 1.2099999979138374 5.109999997913838
    endloop
  endfacet
  facet normal 2.0882994495949778e-17 -0.7071067811865475 0.7071067811865475
    outer loop
      vertex 24 1.2099999979138374 5.109999997913838
      vertex 46.24617560521024 1.5000000000000004 5.4
      vertex 23.99585221707821 1.3049997583031654 5.204999758303166
    endloop
  endfacet
  facet normal 2.045281404125923e-17 -0.7071067811865475 0.7071067811865477
    outer loop
      vertex 23.99585221707821 1.3049997583031654 5.204999758303166
      vertex 46.24617560521024 1.5000000000000004 5.4
      vertex 30.253159218047116 1.5 5.4
    endloop
  endfacet
  facet normal 0 -0.7071067811865475 0.7071067811865477
    outer loop
      vertex 46.25 -1.5 2.4
      vertex 46.25 1.3909127861261368 5.290912786126136
      vertex 23.983440443873405 1.000723485648632 4.900723485648632
    endloop
  endfacet
  facet normal 0 -0.7071067811865475 0.7071067811865475
    outer loop
      vertex 23.983440443873405 1.000723485648632 4.900723485648632
      vertex 46.25 1.3909127861261368 5.290912786126136
      vertex 46.24809954315424 1.478009283542633 5.3780092835426325
    endloop
  endfacet
  facet normal 3.2007816447661357e-16 -0.7071067811865551 0.7071067811865398
    outer loop
      vertex 23.983440443873405 1.000723485648632 4.900723485648632
      vertex 46.24809954315424 1.478009283542633 5.3780092835426325
      vertex 46.24617560521024 1.5000000000000004 5.4
    endloop
  endfacet
  facet normal 0.4606663999837588 0.3534817115550105 -0.8141481115387691
    outer loop
      vertex -7.3291520422697065 5.416423564553261 0
      vertex -6.266044445335865 6.357212387025356 1.01
      vertex -7.276044445335865 5.3472123870253565 0
    endloop
  endfacet
  facet normal 0.4259374918425862 0.39029980106432194 -0.8162372929069079
    outer loop
      vertex -7.276044445335865 5.3472123870253565 0
      vertex -6.207106783986092 6.292893216013908 1.01
      vertex -7.217106783986091 5.282893216013909 0
    endloop
  endfacet
  facet normal 0.2750086508222917 0.5282866939633102 -0.8032953447856017
    outer loop
      vertex -7.01 5.123974596858025 0
      vertex -6 6.133974596858025 1.01
      vertex -6.932618262469768 5.0836922132968905 0
    endloop
  endfacet
  facet normal 0.23258784332695248 0.561516650216594 -0.7941044935435464
    outer loop
      vertex -6.932618262469768 5.0836922132968905 0
      vertex -5.9226182624697685 6.09369221329689 1.01
      vertex -6.852020146548749 5.050307376086712 0
    endloop
  endfacet
  facet normal 0.3534817115550105 0.4606663999837588 -0.8141481115387691
    outer loop
      vertex -7.083576435446739 5.1708479577302935 0
      vertex -7.1527876129746435 5.223955554664135 0
      vertex -6.142787612974644 6.233955554664135 1.01
    endloop
  endfacet
  facet normal 0.31517062497451753 0.49471876374167234 -0.8098893887161898
    outer loop
      vertex -7.083576435446739 5.1708479577302935 0
      vertex -6.073576435446739 6.180847957730293 1.01
      vertex -7.01 5.123974596858025 0
    endloop
  endfacet
  facet normal 0.39029980106432194 0.4259374918425862 -0.8162372929069079
    outer loop
      vertex -7.1527876129746435 5.223955554664135 0
      vertex -7.217106783986091 5.282893216013909 0
      vertex -6.207106783986092 6.292893216013908 1.01
    endloop
  endfacet
  facet normal 0.18744472536779447 0.5944987908698453 -0.7819435162376398
    outer loop
      vertex -6.852020146548749 5.050307376086712 0
      vertex -5.842020146548748 6.060307376086712 1.01
      vertex -6.768819043636322 5.024074172377587 0
    endloop
  endfacet
  facet normal 0.13905743753270855 0.6272476239722091 -0.7663050615049173
    outer loop
      vertex -6.768819043636322 5.024074172377587 0
      vertex -5.758819043636322 6.034074172377586 1.01
      vertex -6.683648178577423 5.005192247927189 0
    endloop
  endfacet
  facet normal 0.03019271338788515 0.6915268102371364 -0.7217195236250219
    outer loop
      vertex -6.597155744433404 4.993805302083492 0
      vertex -5.587155744433403 6.003805302083492 1.01
      vertex -6.51 4.99 0
    endloop
  endfacet
  facet normal 0.08684743153803645 0.659671685102325 -0.7465191166403612
    outer loop
      vertex -6.597155744433404 4.993805302083492 0
      vertex -6.683648178577423 5.005192247927189 0
      vertex -5.673648178577423 6.015192247927189 1.01
    endloop
  endfacet
  facet normal 0.1874447253677968 0.5944987908698437 -0.7819435162376406
    outer loop
      vertex -6.768819043636322 5.024074172377587 0
      vertex -5.842020146548748 6.060307376086712 1.01
      vertex -5.758819043636322 6.034074172377586 1.01
    endloop
  endfacet
  facet normal 0.13905743753270944 0.6272476239722097 -0.7663050615049166
    outer loop
      vertex -6.683648178577423 5.005192247927189 0
      vertex -5.758819043636322 6.034074172377586 1.01
      vertex -5.673648178577423 6.015192247927189 1.01
    endloop
  endfacet
  facet normal 0.08684743153802996 0.6596716851023282 -0.746519116640359
    outer loop
      vertex -6.597155744433404 4.993805302083492 0
      vertex -5.673648178577423 6.015192247927189 1.01
      vertex -5.587155744433403 6.003805302083492 1.01
    endloop
  endfacet
  facet normal 0.03019271338789325 0.6915268102371323 -0.7217195236250254
    outer loop
      vertex -6.51 4.99 0
      vertex -5.587155744433403 6.003805302083492 1.01
      vertex -5.5 6 1.01
    endloop
  endfacet
  facet normal 0 0.7071067811865477 -0.7071067811865475
    outer loop
      vertex -6.51 4.99 0
      vertex -5.5 6 1.01
      vertex 6.51 4.99 0
    endloop
  endfacet
  facet normal 0.5282866939633102 0.2750086508222917 -0.8032953447856017
    outer loop
      vertex -7.4163077867031095 5.567381737530232 0
      vertex -6.366025403141975 6.5 1.01
      vertex -7.376025403141975 5.49 0
    endloop
  endfacet
  facet normal 0.5615166502165956 0.2325878433269505 -0.7941044935435458
    outer loop
      vertex -7.4163077867031095 5.567381737530232 0
      vertex -7.449692623913288 5.647979853451252 0
      vertex -6.40630778670311 6.5773817375302315 1.01
    endloop
  endfacet
  facet normal 0.49471876374167234 0.31517062497451753 -0.8098893887161898
    outer loop
      vertex -7.3291520422697065 5.416423564553261 0
      vertex -7.376025403141975 5.49 0
      vertex -6.319152042269707 6.426423564553261 1.01
    endloop
  endfacet
  facet normal 0.5944987908698443 0.18744472536779613 -0.7819435162376401
    outer loop
      vertex -7.449692623913288 5.647979853451252 0
      vertex -7.475925827622413 5.731180956363678 0
      vertex -6.465925827622414 6.741180956363678 1.01
    endloop
  endfacet
  facet normal 0.6272476239722041 0.13905743753271543 -0.7663050615049202
    outer loop
      vertex -7.475925827622413 5.731180956363678 0
      vertex -7.494807752072812 5.816351821422576 0
      vertex -6.484807752072811 6.826351821422577 1.01
    endloop
  endfacet
  facet normal 0.6596716851023334 0.08684743153802224 -0.7465191166403554
    outer loop
      vertex -7.494807752072812 5.816351821422576 0
      vertex -7.5061946979165075 5.902844255566597 0
      vertex -6.496194697916508 6.912844255566597 1.01
    endloop
  endfacet
  facet normal 0.6915268102371328 0.03019271338789235 -0.721719523625025
    outer loop
      vertex -7.5061946979165075 5.902844255566597 0
      vertex -7.51 5.99 0
      vertex -6.496194697916508 6.912844255566597 1.01
    endloop
  endfacet
  facet normal 0.49471876374167223 0.315170624974518 -0.8098893887161895
    outer loop
      vertex -7.376025403141975 5.49 0
      vertex -6.366025403141975 6.5 1.01
      vertex -6.319152042269707 6.426423564553261 1.01
    endloop
  endfacet
  facet normal 0.5282866939633107 0.27500865082229153 -0.8032953447856015
    outer loop
      vertex -7.4163077867031095 5.567381737530232 0
      vertex -6.40630778670311 6.5773817375302315 1.01
      vertex -6.366025403141975 6.5 1.01
    endloop
  endfacet
  facet normal 0.46066639998375875 0.35348171155501046 -0.8141481115387692
    outer loop
      vertex -7.3291520422697065 5.416423564553261 0
      vertex -6.319152042269707 6.426423564553261 1.01
      vertex -6.266044445335865 6.357212387025356 1.01
    endloop
  endfacet
  facet normal 0.4259374918425865 0.3902998010643216 -0.816237292906908
    outer loop
      vertex -7.276044445335865 5.3472123870253565 0
      vertex -6.266044445335865 6.357212387025356 1.01
      vertex -6.207106783986092 6.292893216013908 1.01
    endloop
  endfacet
  facet normal 0.5615166502165951 0.23258784332695076 -0.794104493543546
    outer loop
      vertex -7.449692623913288 5.647979853451252 0
      vertex -6.439692623913288 6.657979853451252 1.01
      vertex -6.40630778670311 6.5773817375302315 1.01
    endloop
  endfacet
  facet normal 0.5944987908698441 0.18744472536779616 -0.7819435162376404
    outer loop
      vertex -7.449692623913288 5.647979853451252 0
      vertex -6.465925827622414 6.741180956363678 1.01
      vertex -6.439692623913288 6.657979853451252 1.01
    endloop
  endfacet
  facet normal 0.6272476239722093 0.13905743753270777 -0.7663050615049172
    outer loop
      vertex -7.475925827622413 5.731180956363678 0
      vertex -6.484807752072811 6.826351821422577 1.01
      vertex -6.465925827622414 6.741180956363678 1.01
    endloop
  endfacet
  facet normal 0.6596716851023287 0.0868474315380299 -0.7465191166403585
    outer loop
      vertex -7.494807752072812 5.816351821422576 0
      vertex -6.496194697916508 6.912844255566597 1.01
      vertex -6.484807752072811 6.826351821422577 1.01
    endloop
  endfacet
  facet normal 0.6915268102371323 0.03019271338789325 -0.7217195236250254
    outer loop
      vertex -7.51 5.99 0
      vertex -6.5 7 1.01
      vertex -6.496194697916508 6.912844255566597 1.01
    endloop
  endfacet
  facet normal 0.315170624974518 0.49471876374167223 -0.8098893887161895
    outer loop
      vertex -7.01 5.123974596858025 0
      vertex -6.073576435446739 6.180847957730293 1.01
      vertex -6 6.133974596858025 1.01
    endloop
  endfacet
  facet normal 0.35348171155501046 0.46066639998375875 -0.8141481115387692
    outer loop
      vertex -7.083576435446739 5.1708479577302935 0
      vertex -6.142787612974644 6.233955554664135 1.01
      vertex -6.073576435446739 6.180847957730293 1.01
    endloop
  endfacet
  facet normal 0.3902998010643216 0.4259374918425865 -0.816237292906908
    outer loop
      vertex -7.1527876129746435 5.223955554664135 0
      vertex -6.207106783986092 6.292893216013908 1.01
      vertex -6.142787612974644 6.233955554664135 1.01
    endloop
  endfacet
  facet normal 0.27500865082229153 0.5282866939633107 -0.8032953447856015
    outer loop
      vertex -6.932618262469768 5.0836922132968905 0
      vertex -6 6.133974596858025 1.01
      vertex -5.9226182624697685 6.09369221329689 1.01
    endloop
  endfacet
  facet normal 0.23258784332695076 0.5615166502165951 -0.794104493543546
    outer loop
      vertex -6.852020146548749 5.050307376086712 0
      vertex -5.9226182624697685 6.09369221329689 1.01
      vertex -5.842020146548748 6.060307376086712 1.01
    endloop
  endfacet
  facet normal 0.7071067811865476 0 -0.7071067811865475
    outer loop
      vertex -7.51 5.99 0
      vertex -7.51 48.01 0
      vertex -6.5 7 1.01
    endloop
  endfacet
  facet normal 0.7071067811865476 0 -0.7071067811865475
    outer loop
      vertex -6.5 7 1.01
      vertex -7.51 48.01 0
      vertex -6.5 47 1.01
    endloop
  endfacet
  facet normal 0.6915268102371328 -0.03019271338789235 -0.7217195236250249
    outer loop
      vertex -7.51 48.01 0
      vertex -7.5061946979165075 48.0971557444334 0
      vertex -6.496194697916508 47.0871557444334 1.01
    endloop
  endfacet
  facet normal 0.6596716851023291 -0.08684743153802933 -0.7465191166403581
    outer loop
      vertex -7.5061946979165075 48.0971557444334 0
      vertex -7.494807752072811 48.18364817857742 0
      vertex -6.484807752072811 47.17364817857742 1.01
    endloop
  endfacet
  facet normal 0.6272476239722092 -0.13905743753270858 -0.7663050615049173
    outer loop
      vertex -7.494807752072811 48.18364817857742 0
      vertex -7.475925827622413 48.26881904363632 0
      vertex -6.465925827622414 47.25881904363632 1.01
    endloop
  endfacet
  facet normal 0.5944987908698444 -0.18744472536779616 -0.78194351623764
    outer loop
      vertex -7.475925827622413 48.26881904363632 0
      vertex -7.449692623913288 48.352020146548746 0
      vertex -6.439692623913288 47.34202014654875 1.01
    endloop
  endfacet
  facet normal 0.5615166502165958 -0.2325878433269506 -0.7941044935435457
    outer loop
      vertex -7.449692623913288 48.352020146548746 0
      vertex -7.4163077867031095 48.43261826246977 0
      vertex -6.40630778670311 47.42261826246977 1.01
    endloop
  endfacet
  facet normal 0.5282866939633103 -0.27500865082229176 -0.8032953447856015
    outer loop
      vertex -7.4163077867031095 48.43261826246977 0
      vertex -7.376025403141975 48.51 0
      vertex -6.366025403141975 47.5 1.01
    endloop
  endfacet
  facet normal 0.4947187637416725 -0.31517062497451764 -0.8098893887161894
    outer loop
      vertex -7.376025403141975 48.51 0
      vertex -7.3291520422697065 48.58357643544674 0
      vertex -6.319152042269707 47.57357643544674 1.01
    endloop
  endfacet
  facet normal 0.46066639998375897 -0.3534817115550106 -0.8141481115387688
    outer loop
      vertex -7.3291520422697065 48.58357643544674 0
      vertex -7.276044445335865 48.65278761297464 0
      vertex -6.266044445335865 47.642787612974644 1.01
    endloop
  endfacet
  facet normal 0.42593749184258645 -0.39029980106432216 -0.8162372929069077
    outer loop
      vertex -7.276044445335865 48.65278761297464 0
      vertex -7.217106783986091 48.71710678398609 0
      vertex -6.207106783986092 47.70710678398609 1.01
    endloop
  endfacet
  facet normal 0.39029980106432216 -0.42593749184258645 -0.8162372929069076
    outer loop
      vertex -7.217106783986091 48.71710678398609 0
      vertex -7.1527876129746435 48.77604444533586 0
      vertex -6.142787612974644 47.766044445335865 1.01
    endloop
  endfacet
  facet normal 0.3534817115550107 -0.460666399983759 -0.8141481115387688
    outer loop
      vertex -7.1527876129746435 48.77604444533586 0
      vertex -7.083576435446739 48.829152042269705 0
      vertex -6.073576435446739 47.81915204226971 1.01
    endloop
  endfacet
  facet normal 0.31517062497451775 -0.4947187637416727 -0.8098893887161894
    outer loop
      vertex -7.083576435446739 48.829152042269705 0
      vertex -7.01 48.87602540314197 0
      vertex -6 47.866025403141975 1.01
    endloop
  endfacet
  facet normal 0.2750086508222919 -0.5282866939633106 -0.8032953447856014
    outer loop
      vertex -7.01 48.87602540314197 0
      vertex -6.932618262469768 48.91630778670311 0
      vertex -5.9226182624697685 47.90630778670311 1.01
    endloop
  endfacet
  facet normal 0.2325878433269507 -0.561516650216596 -0.7941044935435455
    outer loop
      vertex -6.932618262469768 48.91630778670311 0
      vertex -6.852020146548748 48.949692623913286 0
      vertex -5.9226182624697685 47.90630778670311 1.01
    endloop
  endfacet
  facet normal 0.18744472536779627 -0.5944987908698447 -0.7819435162376398
    outer loop
      vertex -6.852020146548748 48.949692623913286 0
      vertex -6.768819043636322 48.97592582762241 0
      vertex -5.758819043636322 47.965925827622414 1.01
    endloop
  endfacet
  facet normal 0.13905743753270866 -0.6272476239722096 -0.766305061504917
    outer loop
      vertex -6.768819043636322 48.97592582762241 0
      vertex -6.683648178577423 48.99480775207281 0
      vertex -5.673648178577423 47.98480775207281 1.01
    endloop
  endfacet
  facet normal 0.08684743153802942 -0.6596716851023297 -0.7465191166403577
    outer loop
      vertex -6.597155744433403 49.006194697916506 0
      vertex -5.587155744433403 47.99619469791651 1.01
      vertex -6.683648178577423 48.99480775207281 0
    endloop
  endfacet
  facet normal 0.030192713387892377 -0.6915268102371335 -0.7217195236250245
    outer loop
      vertex -6.597155744433403 49.006194697916506 0
      vertex -6.51 49.01 0
      vertex -5.587155744433403 47.99619469791651 1.01
    endloop
  endfacet
  facet normal 0.6915268102371336 -0.03019271338789327 -0.7217195236250242
    outer loop
      vertex -7.51 48.01 0
      vertex -6.496194697916508 47.0871557444334 1.01
      vertex -6.5 47 1.01
    endloop
  endfacet
  facet normal 0.6596716851023299 -0.08684743153803005 -0.7465191166403574
    outer loop
      vertex -7.5061946979165075 48.0971557444334 0
      vertex -6.484807752072811 47.17364817857742 1.01
      vertex -6.496194697916508 47.0871557444334 1.01
    endloop
  endfacet
  facet normal 0.6272476239722092 -0.13905743753270935 -0.766305061504917
    outer loop
      vertex -7.494807752072811 48.18364817857742 0
      vertex -6.465925827622414 47.25881904363632 1.01
      vertex -6.484807752072811 47.17364817857742 1.01
    endloop
  endfacet
  facet normal 0.5944987908698445 -0.18744472536779702 -0.7819435162376399
    outer loop
      vertex -7.475925827622413 48.26881904363632 0
      vertex -6.439692623913288 47.34202014654875 1.01
      vertex -6.465925827622414 47.25881904363632 1.01
    endloop
  endfacet
  facet normal 0.5615166502165965 -0.23258784332695098 -0.7941044935435452
    outer loop
      vertex -7.449692623913288 48.352020146548746 0
      vertex -6.40630778670311 47.42261826246977 1.01
      vertex -6.439692623913288 47.34202014654875 1.01
    endloop
  endfacet
  facet normal 0.5282866939633103 -0.2750086508222913 -0.8032953447856016
    outer loop
      vertex -7.4163077867031095 48.43261826246977 0
      vertex -6.366025403141975 47.5 1.01
      vertex -6.40630778670311 47.42261826246977 1.01
    endloop
  endfacet
  facet normal 0.4947187637416725 -0.3151706249745182 -0.8098893887161892
    outer loop
      vertex -7.376025403141975 48.51 0
      vertex -6.319152042269707 47.57357643544674 1.01
      vertex -6.366025403141975 47.5 1.01
    endloop
  endfacet
  facet normal 0.46066639998375924 -0.35348171155501085 -0.8141481115387686
    outer loop
      vertex -7.3291520422697065 48.58357643544674 0
      vertex -6.266044445335865 47.642787612974644 1.01
      vertex -6.319152042269707 47.57357643544674 1.01
    endloop
  endfacet
  facet normal 0.4259374918425865 -0.3902998010643216 -0.816237292906908
    outer loop
      vertex -7.276044445335865 48.65278761297464 0
      vertex -6.207106783986092 47.70710678398609 1.01
      vertex -6.266044445335865 47.642787612974644 1.01
    endloop
  endfacet
  facet normal 0.3902998010643223 -0.4259374918425858 -0.816237292906908
    outer loop
      vertex -7.217106783986091 48.71710678398609 0
      vertex -6.142787612974644 47.766044445335865 1.01
      vertex -6.207106783986092 47.70710678398609 1.01
    endloop
  endfacet
  facet normal 0.3534817115550108 -0.4606663999837584 -0.8141481115387692
    outer loop
      vertex -7.1527876129746435 48.77604444533586 0
      vertex -6.073576435446739 47.81915204226971 1.01
      vertex -6.142787612974644 47.766044445335865 1.01
    endloop
  endfacet
  facet normal 0.3151706249745177 -0.49471876374167295 -0.8098893887161892
    outer loop
      vertex -7.083576435446739 48.829152042269705 0
      vertex -6 47.866025403141975 1.01
      vertex -6.073576435446739 47.81915204226971 1.01
    endloop
  endfacet
  facet normal 0.27500865082229164 -0.5282866939633102 -0.8032953447856018
    outer loop
      vertex -7.01 48.87602540314197 0
      vertex -5.9226182624697685 47.90630778670311 1.01
      vertex -6 47.866025403141975 1.01
    endloop
  endfacet
  facet normal 0.2325878433269509 -0.5615166502165955 -0.7941044935435456
    outer loop
      vertex -6.852020146548748 48.949692623913286 0
      vertex -5.842020146548748 47.93969262391329 1.01
      vertex -5.9226182624697685 47.90630778670311 1.01
    endloop
  endfacet
  facet normal 0.18744472536779638 -0.5944987908698449 -0.7819435162376397
    outer loop
      vertex -6.852020146548748 48.949692623913286 0
      vertex -5.758819043636322 47.965925827622414 1.01
      vertex -5.842020146548748 47.93969262391329 1.01
    endloop
  endfacet
  facet normal 0.13905743753270935 -0.6272476239722092 -0.766305061504917
    outer loop
      vertex -6.768819043636322 48.97592582762241 0
      vertex -5.673648178577423 47.98480775207281 1.01
      vertex -5.758819043636322 47.965925827622414 1.01
    endloop
  endfacet
  facet normal 0.08684743153803 -0.6596716851023295 -0.7465191166403579
    outer loop
      vertex -6.683648178577423 48.99480775207281 0
      vertex -5.587155744433403 47.99619469791651 1.01
      vertex -5.673648178577423 47.98480775207281 1.01
    endloop
  endfacet
  facet normal 0.030192713387891566 -0.6915268102371336 -0.7217195236250243
    outer loop
      vertex -6.51 49.01 0
      vertex -5.5 48 1.01
      vertex -5.587155744433403 47.99619469791651 1.01
    endloop
  endfacet
  facet normal 0 -0.7071067811865482 -0.7071067811865468
    outer loop
      vertex -6.51 49.01 0
      vertex 5.5 48 1.01
      vertex -5.5 48 1.01
    endloop
  endfacet
  facet normal 0 0.7071067811865476 -0.7071067811865475
    outer loop
      vertex -5.5 6 1.01
      vertex 5.5 6 1.01
      vertex 6.51 4.99 0
    endloop
  endfacet
  facet normal -0.03019271338789235 0.6915268102371328 -0.721719523625025
    outer loop
      vertex 6.51 4.99 0
      vertex 5.587155744433403 6.003805302083492 1.01
      vertex 6.597155744433403 4.9938053020834925 0
    endloop
  endfacet
  facet normal -0.08684743153802224 0.6596716851023334 -0.7465191166403554
    outer loop
      vertex 6.597155744433403 4.9938053020834925 0
      vertex 5.587155744433403 6.003805302083492 1.01
      vertex 6.683648178577424 5.005192247927188 0
    endloop
  endfacet
  facet normal -0.1390574375327155 0.6272476239722043 -0.7663050615049197
    outer loop
      vertex 6.683648178577424 5.005192247927188 0
      vertex 5.758819043636322 6.034074172377586 1.01
      vertex 6.768819043636322 5.024074172377587 0
    endloop
  endfacet
  facet normal -0.18744472536779613 0.5944987908698443 -0.7819435162376401
    outer loop
      vertex 6.768819043636322 5.024074172377587 0
      vertex 5.758819043636322 6.034074172377586 1.01
      vertex 6.852020146548748 5.050307376086712 0
    endloop
  endfacet
  facet normal -0.2325878433269505 0.5615166502165956 -0.7941044935435458
    outer loop
      vertex 6.852020146548748 5.050307376086712 0
      vertex 5.9226182624697685 6.09369221329689 1.01
      vertex 6.932618262469768 5.0836922132968905 0
    endloop
  endfacet
  facet normal -0.2750086508222917 0.5282866939633102 -0.8032953447856017
    outer loop
      vertex 6.932618262469768 5.0836922132968905 0
      vertex 5.9226182624697685 6.09369221329689 1.01
      vertex 7.01 5.123974596858025 0
    endloop
  endfacet
  facet normal -0.31517062497451753 0.49471876374167234 -0.8098893887161898
    outer loop
      vertex 7.01 5.123974596858025 0
      vertex 6 6.133974596858025 1.01
      vertex 7.083576435446739 5.1708479577302935 0
    endloop
  endfacet
  facet normal -0.3534817115550105 0.4606663999837588 -0.8141481115387691
    outer loop
      vertex 7.083576435446739 5.1708479577302935 0
      vertex 6.142787612974644 6.233955554664135 1.01
      vertex 7.1527876129746435 5.223955554664135 0
    endloop
  endfacet
  facet normal -0.39029980106432194 0.4259374918425862 -0.8162372929069079
    outer loop
      vertex 7.1527876129746435 5.223955554664135 0
      vertex 6.207106783986092 6.292893216013908 1.01
      vertex 7.217106783986091 5.282893216013909 0
    endloop
  endfacet
  facet normal -0.4259374918425862 0.39029980106432194 -0.8162372929069079
    outer loop
      vertex 7.217106783986091 5.282893216013909 0
      vertex 6.207106783986092 6.292893216013908 1.01
      vertex 7.276044445335865 5.3472123870253565 0
    endloop
  endfacet
  facet normal -0.4606663999837588 0.3534817115550105 -0.8141481115387691
    outer loop
      vertex 7.276044445335865 5.3472123870253565 0
      vertex 6.266044445335865 6.357212387025356 1.01
      vertex 7.3291520422697065 5.416423564553261 0
    endloop
  endfacet
  facet normal -0.03019271338789325 0.6915268102371323 -0.7217195236250254
    outer loop
      vertex 6.51 4.99 0
      vertex 5.5 6 1.01
      vertex 5.587155744433403 6.003805302083492 1.01
    endloop
  endfacet
  facet normal -0.0868474315380299 0.6596716851023287 -0.7465191166403585
    outer loop
      vertex 6.683648178577424 5.005192247927188 0
      vertex 5.587155744433403 6.003805302083492 1.01
      vertex 5.673648178577423 6.015192247927189 1.01
    endloop
  endfacet
  facet normal -0.13905743753270927 0.627247623972208 -0.7663050615049182
    outer loop
      vertex 6.683648178577424 5.005192247927188 0
      vertex 5.673648178577423 6.015192247927189 1.01
      vertex 5.758819043636322 6.034074172377586 1.01
    endloop
  endfacet
  facet normal -0.49471876374167234 0.31517062497451753 -0.8098893887161898
    outer loop
      vertex 7.3291520422697065 5.416423564553261 0
      vertex 6.319152042269707 6.426423564553261 1.01
      vertex 7.376025403141975 5.49 0
    endloop
  endfacet
  facet normal -0.5282866939633102 0.2750086508222917 -0.8032953447856017
    outer loop
      vertex 7.376025403141975 5.49 0
      vertex 6.366025403141975 6.5 1.01
      vertex 7.4163077867031095 5.567381737530232 0
    endloop
  endfacet
  facet normal -0.5615166502165956 0.2325878433269505 -0.7941044935435458
    outer loop
      vertex 7.4163077867031095 5.567381737530232 0
      vertex 6.40630778670311 6.5773817375302315 1.01
      vertex 7.449692623913288 5.647979853451252 0
    endloop
  endfacet
  facet normal -0.5944987908698443 0.18744472536779613 -0.7819435162376401
    outer loop
      vertex 7.449692623913288 5.647979853451252 0
      vertex 6.439692623913288 6.657979853451252 1.01
      vertex 7.475925827622413 5.731180956363678 0
    endloop
  endfacet
  facet normal -0.6272476239722091 0.13905743753270855 -0.7663050615049173
    outer loop
      vertex 7.475925827622413 5.731180956363678 0
      vertex 6.465925827622414 6.741180956363678 1.01
      vertex 7.494807752072811 5.816351821422577 0
    endloop
  endfacet
  facet normal -0.6596716851023291 0.08684743153802933 -0.7465191166403582
    outer loop
      vertex 7.494807752072811 5.816351821422577 0
      vertex 6.484807752072811 6.826351821422577 1.01
      vertex 7.5061946979165075 5.902844255566597 0
    endloop
  endfacet
  facet normal -0.6915268102371328 0.03019271338789235 -0.721719523625025
    outer loop
      vertex 7.5061946979165075 5.902844255566597 0
      vertex 6.496194697916508 6.912844255566597 1.01
      vertex 7.51 5.99 0
    endloop
  endfacet
  facet normal -0.18744472536779616 0.5944987908698441 -0.7819435162376404
    outer loop
      vertex 6.852020146548748 5.050307376086712 0
      vertex 5.758819043636322 6.034074172377586 1.01
      vertex 5.842020146548748 6.060307376086712 1.01
    endloop
  endfacet
  facet normal -0.23258784332695076 0.5615166502165951 -0.794104493543546
    outer loop
      vertex 6.852020146548748 5.050307376086712 0
      vertex 5.842020146548748 6.060307376086712 1.01
      vertex 5.9226182624697685 6.09369221329689 1.01
    endloop
  endfacet
  facet normal -0.27500865082229164 0.5282866939633102 -0.8032953447856018
    outer loop
      vertex 7.01 5.123974596858025 0
      vertex 5.9226182624697685 6.09369221329689 1.01
      vertex 6 6.133974596858025 1.01
    endloop
  endfacet
  facet normal -0.31517062497451737 0.4947187637416724 -0.8098893887161898
    outer loop
      vertex 7.083576435446739 5.1708479577302935 0
      vertex 6 6.133974596858025 1.01
      vertex 6.073576435446739 6.180847957730293 1.01
    endloop
  endfacet
  facet normal -0.35348171155501046 0.46066639998375875 -0.8141481115387692
    outer loop
      vertex 7.083576435446739 5.1708479577302935 0
      vertex 6.073576435446739 6.180847957730293 1.01
      vertex 6.142787612974644 6.233955554664135 1.01
    endloop
  endfacet
  facet normal -0.3902998010643216 0.4259374918425865 -0.816237292906908
    outer loop
      vertex 7.1527876129746435 5.223955554664135 0
      vertex 6.142787612974644 6.233955554664135 1.01
      vertex 6.207106783986092 6.292893216013908 1.01
    endloop
  endfacet
  facet normal -0.4259374918425865 0.3902998010643216 -0.816237292906908
    outer loop
      vertex 7.276044445335865 5.3472123870253565 0
      vertex 6.207106783986092 6.292893216013908 1.01
      vertex 6.266044445335865 6.357212387025356 1.01
    endloop
  endfacet
  facet normal -0.46066639998375875 0.35348171155501046 -0.8141481115387692
    outer loop
      vertex 7.3291520422697065 5.416423564553261 0
      vertex 6.266044445335865 6.357212387025356 1.01
      vertex 6.319152042269707 6.426423564553261 1.01
    endloop
  endfacet
  facet normal -0.49471876374167223 0.315170624974518 -0.8098893887161895
    outer loop
      vertex 7.376025403141975 5.49 0
      vertex 6.319152042269707 6.426423564553261 1.01
      vertex 6.366025403141975 6.5 1.01
    endloop
  endfacet
  facet normal -0.5282866939633107 0.27500865082229153 -0.8032953447856015
    outer loop
      vertex 7.4163077867031095 5.567381737530232 0
      vertex 6.366025403141975 6.5 1.01
      vertex 6.40630778670311 6.5773817375302315 1.01
    endloop
  endfacet
  facet normal -0.5615166502165951 0.23258784332695076 -0.794104493543546
    outer loop
      vertex 7.449692623913288 5.647979853451252 0
      vertex 6.40630778670311 6.5773817375302315 1.01
      vertex 6.439692623913288 6.657979853451252 1.01
    endloop
  endfacet
  facet normal -0.5944987908698437 0.1874447253677968 -0.7819435162376406
    outer loop
      vertex 7.475925827622413 5.731180956363678 0
      vertex 6.439692623913288 6.657979853451252 1.01
      vertex 6.465925827622414 6.741180956363678 1.01
    endloop
  endfacet
  facet normal -0.6272476239722097 0.13905743753270944 -0.7663050615049166
    outer loop
      vertex 7.494807752072811 5.816351821422577 0
      vertex 6.465925827622414 6.741180956363678 1.01
      vertex 6.484807752072811 6.826351821422577 1.01
    endloop
  endfacet
  facet normal -0.6596716851023287 0.08684743153803 -0.7465191166403586
    outer loop
      vertex 7.5061946979165075 5.902844255566597 0
      vertex 6.484807752072811 6.826351821422577 1.01
      vertex 6.496194697916508 6.912844255566597 1.01
    endloop
  endfacet
  facet normal -0.6915268102371323 0.03019271338789325 -0.7217195236250254
    outer loop
      vertex 7.51 5.99 0
      vertex 6.496194697916508 6.912844255566597 1.01
      vertex 6.5 7 1.01
    endloop
  endfacet
  facet normal -0.7071067811865476 0 -0.7071067811865475
    outer loop
      vertex 7.51 5.99 0
      vertex 6.5 7 1.01
      vertex 6.5 47 1.01
    endloop
  endfacet
  facet normal -0.7071067811865476 0 -0.7071067811865475
    outer loop
      vertex 7.51 5.99 0
      vertex 6.5 47 1.01
      vertex 7.51 48.01 0
    endloop
  endfacet
  facet normal 0 -0.7071067811865481 -0.7071067811865468
    outer loop
      vertex -6.51 49.01 0
      vertex 6.51 49.01 0
      vertex 5.5 48 1.01
    endloop
  endfacet
  facet normal -0.6915268102371328 -0.03019271338789235 -0.7217195236250249
    outer loop
      vertex 7.51 48.01 0
      vertex 6.5 47 1.01
      vertex 7.5061946979165075 48.0971557444334 0
    endloop
  endfacet
  facet normal -0.6596716851023291 -0.08684743153802933 -0.7465191166403581
    outer loop
      vertex 7.5061946979165075 48.0971557444334 0
      vertex 6.496194697916508 47.0871557444334 1.01
      vertex 7.494807752072811 48.18364817857742 0
    endloop
  endfacet
  facet normal -0.6272476239722092 -0.13905743753270858 -0.7663050615049173
    outer loop
      vertex 7.494807752072811 48.18364817857742 0
      vertex 6.484807752072811 47.17364817857742 1.01
      vertex 7.475925827622413 48.26881904363632 0
    endloop
  endfacet
  facet normal -0.5944987908698444 -0.18744472536779616 -0.78194351623764
    outer loop
      vertex 7.475925827622413 48.26881904363632 0
      vertex 6.465925827622414 47.25881904363632 1.01
      vertex 7.449692623913288 48.352020146548746 0
    endloop
  endfacet
  facet normal -0.4947187637416725 -0.31517062497451764 -0.8098893887161894
    outer loop
      vertex 7.376025403141975 48.51 0
      vertex 6.319152042269707 47.57357643544674 1.01
      vertex 7.3291520422697065 48.58357643544674 0
    endloop
  endfacet
  facet normal -0.5615166502165958 -0.2325878433269506 -0.7941044935435457
    outer loop
      vertex 7.449692623913288 48.352020146548746 0
      vertex 6.40630778670311 47.42261826246977 1.01
      vertex 7.4163077867031095 48.43261826246977 0
    endloop
  endfacet
  facet normal -0.5282866939633103 -0.27500865082229176 -0.8032953447856015
    outer loop
      vertex 7.376025403141975 48.51 0
      vertex 7.4163077867031095 48.43261826246977 0
      vertex 6.40630778670311 47.42261826246977 1.01
    endloop
  endfacet
  facet normal -0.030192713387892377 -0.6915268102371335 -0.7217195236250245
    outer loop
      vertex 6.51 49.01 0
      vertex 6.597155744433403 49.006194697916506 0
      vertex 5.587155744433403 47.99619469791651 1.01
    endloop
  endfacet
  facet normal -0.08684743153802942 -0.6596716851023297 -0.7465191166403577
    outer loop
      vertex 6.597155744433403 49.006194697916506 0
      vertex 6.683648178577423 48.99480775207281 0
      vertex 5.673648178577423 47.98480775207281 1.01
    endloop
  endfacet
  facet normal -0.13905743753270866 -0.6272476239722096 -0.766305061504917
    outer loop
      vertex 6.683648178577423 48.99480775207281 0
      vertex 6.768819043636322 48.97592582762241 0
      vertex 5.758819043636322 47.965925827622414 1.01
    endloop
  endfacet
  facet normal -0.18744472536779627 -0.5944987908698447 -0.7819435162376398
    outer loop
      vertex 6.768819043636322 48.97592582762241 0
      vertex 6.852020146548748 48.949692623913286 0
      vertex 5.842020146548748 47.93969262391329 1.01
    endloop
  endfacet
  facet normal -0.31517062497451775 -0.4947187637416727 -0.8098893887161894
    outer loop
      vertex 7.01 48.87602540314197 0
      vertex 7.083576435446739 48.829152042269705 0
      vertex 6.073576435446739 47.81915204226971 1.01
    endloop
  endfacet
  facet normal -0.3534817115550107 -0.460666399983759 -0.8141481115387688
    outer loop
      vertex 7.1527876129746435 48.77604444533586 0
      vertex 6.142787612974644 47.766044445335865 1.01
      vertex 7.083576435446739 48.829152042269705 0
    endloop
  endfacet
  facet normal -0.39029980106432216 -0.42593749184258645 -0.8162372929069076
    outer loop
      vertex 7.217106783986091 48.71710678398609 0
      vertex 6.207106783986092 47.70710678398609 1.01
      vertex 7.1527876129746435 48.77604444533586 0
    endloop
  endfacet
  facet normal -0.2325878433269507 -0.561516650216596 -0.7941044935435455
    outer loop
      vertex 6.852020146548748 48.949692623913286 0
      vertex 6.932618262469768 48.91630778670311 0
      vertex 5.9226182624697685 47.90630778670311 1.01
    endloop
  endfacet
  facet normal -0.2750086508222919 -0.5282866939633106 -0.8032953447856014
    outer loop
      vertex 7.01 48.87602540314197 0
      vertex 6 47.866025403141975 1.01
      vertex 6.932618262469768 48.91630778670311 0
    endloop
  endfacet
  facet normal -0.42593749184258645 -0.39029980106432216 -0.8162372929069077
    outer loop
      vertex 7.217106783986091 48.71710678398609 0
      vertex 7.276044445335865 48.65278761297464 0
      vertex 6.207106783986092 47.70710678398609 1.01
    endloop
  endfacet
  facet normal -0.46066639998375897 -0.3534817115550106 -0.8141481115387688
    outer loop
      vertex 7.3291520422697065 48.58357643544674 0
      vertex 6.266044445335865 47.642787612974644 1.01
      vertex 7.276044445335865 48.65278761297464 0
    endloop
  endfacet
  facet normal -0.2325878433269509 -0.5615166502165955 -0.7941044935435456
    outer loop
      vertex 6.852020146548748 48.949692623913286 0
      vertex 5.9226182624697685 47.90630778670311 1.01
      vertex 5.842020146548748 47.93969262391329 1.01
    endloop
  endfacet
  facet normal -0.2750086508222917 -0.528286693963311 -0.8032953447856012
    outer loop
      vertex 6.932618262469768 48.91630778670311 0
      vertex 6 47.866025403141975 1.01
      vertex 5.9226182624697685 47.90630778670311 1.01
    endloop
  endfacet
  facet normal -0.3534817115550107 -0.46066639998375897 -0.8141481115387689
    outer loop
      vertex 7.083576435446739 48.829152042269705 0
      vertex 6.142787612974644 47.766044445335865 1.01
      vertex 6.073576435446739 47.81915204226971 1.01
    endloop
  endfacet
  facet normal -0.39029980106432177 -0.4259374918425867 -0.8162372929069078
    outer loop
      vertex 7.1527876129746435 48.77604444533586 0
      vertex 6.207106783986092 47.70710678398609 1.01
      vertex 6.142787612974644 47.766044445335865 1.01
    endloop
  endfacet
  facet normal -0.31517062497451726 -0.4947187637416734 -0.8098893887161892
    outer loop
      vertex 7.01 48.87602540314197 0
      vertex 6.073576435446739 47.81915204226971 1.01
      vertex 6 47.866025403141975 1.01
    endloop
  endfacet
  facet normal -0.6915268102371332 -0.03019271338789151 -0.7217195236250248
    outer loop
      vertex 7.5061946979165075 48.0971557444334 0
      vertex 6.5 47 1.01
      vertex 6.496194697916508 47.0871557444334 1.01
    endloop
  endfacet
  facet normal -0.6596716851023287 -0.0868474315380299 -0.7465191166403585
    outer loop
      vertex 7.494807752072811 48.18364817857742 0
      vertex 6.496194697916508 47.0871557444334 1.01
      vertex 6.484807752072811 47.17364817857742 1.01
    endloop
  endfacet
  facet normal -0.6272476239722093 -0.13905743753270777 -0.7663050615049172
    outer loop
      vertex 7.475925827622413 48.26881904363632 0
      vertex 6.484807752072811 47.17364817857742 1.01
      vertex 6.465925827622414 47.25881904363632 1.01
    endloop
  endfacet
  facet normal -0.5615166502165965 -0.23258784332695098 -0.7941044935435452
    outer loop
      vertex 7.449692623913288 48.352020146548746 0
      vertex 6.439692623913288 47.34202014654875 1.01
      vertex 6.40630778670311 47.42261826246977 1.01
    endloop
  endfacet
  facet normal -0.5944987908698441 -0.18744472536779616 -0.7819435162376404
    outer loop
      vertex 7.449692623913288 48.352020146548746 0
      vertex 6.465925827622414 47.25881904363632 1.01
      vertex 6.439692623913288 47.34202014654875 1.01
    endloop
  endfacet
  facet normal -0.4259374918425865 -0.3902998010643216 -0.816237292906908
    outer loop
      vertex 7.276044445335865 48.65278761297464 0
      vertex 6.266044445335865 47.642787612974644 1.01
      vertex 6.207106783986092 47.70710678398609 1.01
    endloop
  endfacet
  facet normal -0.46066639998375924 -0.35348171155501085 -0.8141481115387686
    outer loop
      vertex 7.3291520422697065 48.58357643544674 0
      vertex 6.319152042269707 47.57357643544674 1.01
      vertex 6.266044445335865 47.642787612974644 1.01
    endloop
  endfacet
  facet normal -0.5282866939633102 -0.27500865082229164 -0.8032953447856018
    outer loop
      vertex 7.376025403141975 48.51 0
      vertex 6.40630778670311 47.42261826246977 1.01
      vertex 6.366025403141975 47.5 1.01
    endloop
  endfacet
  facet normal -0.4947187637416725 -0.3151706249745182 -0.8098893887161892
    outer loop
      vertex 7.376025403141975 48.51 0
      vertex 6.366025403141975 47.5 1.01
      vertex 6.319152042269707 47.57357643544674 1.01
    endloop
  endfacet
  facet normal -0.030192713387891566 -0.6915268102371336 -0.7217195236250243
    outer loop
      vertex 6.51 49.01 0
      vertex 5.587155744433403 47.99619469791651 1.01
      vertex 5.5 48 1.01
    endloop
  endfacet
  facet normal -0.08684743153803005 -0.6596716851023291 -0.7465191166403583
    outer loop
      vertex 6.597155744433403 49.006194697916506 0
      vertex 5.673648178577423 47.98480775207281 1.01
      vertex 5.587155744433403 47.99619469791651 1.01
    endloop
  endfacet
  facet normal -0.13905743753270797 -0.6272476239722102 -0.7663050615049166
    outer loop
      vertex 6.683648178577423 48.99480775207281 0
      vertex 5.758819043636322 47.965925827622414 1.01
      vertex 5.673648178577423 47.98480775207281 1.01
    endloop
  endfacet
  facet normal -0.1874447253677956 -0.5944987908698449 -0.7819435162376397
    outer loop
      vertex 6.768819043636322 48.97592582762241 0
      vertex 5.842020146548748 47.93969262391329 1.01
      vertex 5.758819043636322 47.965925827622414 1.01
    endloop
  endfacet
  facet normal 0.6087613752359998 0.793353381552492 0
    outer loop
      vertex -6.073576435446739 6.180847957730293 1.01
      vertex -6.142787612974644 6.233955554664135 1.01
      vertex -6.142787612974644 6.233955554664135 1.2
    endloop
  endfacet
  facet normal 0.4617486194440415 0.8870108299460169 0
    outer loop
      vertex -6 6.133974596858025 1.01
      vertex -6 6.133974596858025 1.2
      vertex -5.9226182624697685 6.09369221329689 1.01
    endloop
  endfacet
  facet normal 0.5372996242702033 0.843391435668574 0
    outer loop
      vertex -6.073576435446739 6.180847957730293 1.01
      vertex -6.073576435446739 6.180847957730293 1.2
      vertex -6 6.133974596858025 1.01
    endloop
  endfacet
  facet normal 0.38268347633459465 0.9238795142985203 0
    outer loop
      vertex -5.842020146548748 6.060307376086712 1.01
      vertex -5.9226182624697685 6.09369221329689 1.01
      vertex -5.9226182624697685 6.09369221329689 1.2
    endloop
  endfacet
  facet normal 0.30070576538366295 0.9537169615064134 0
    outer loop
      vertex -5.842020146548748 6.060307376086712 1.01
      vertex -5.842020146548748 6.060307376086712 1.2
      vertex -5.758819043636322 6.034074172377586 1.01
    endloop
  endfacet
  facet normal 0.7372773375807703 0.6755902067746474 0
    outer loop
      vertex -6.207106783986092 6.292893216013908 1.01
      vertex -6.266044445335865 6.357212387025356 1.01
      vertex -6.266044445335865 6.357212387025356 1.2
    endloop
  endfacet
  facet normal 0.6755902067746474 0.7372773375807703 0
    outer loop
      vertex -6.142787612974644 6.233955554664135 1.01
      vertex -6.207106783986092 6.292893216013908 1.01
      vertex -6.207106783986092 6.292893216013908 1.2
    endloop
  endfacet
  facet normal 0.793353381552492 0.6087613752359998 0
    outer loop
      vertex -6.266044445335865 6.357212387025356 1.01
      vertex -6.319152042269707 6.426423564553261 1.01
      vertex -6.319152042269707 6.426423564553261 1.2
    endloop
  endfacet
  facet normal 0.843391435668574 0.5372996242702033 0
    outer loop
      vertex -6.319152042269707 6.426423564553261 1.01
      vertex -6.366025403141975 6.5 1.01
      vertex -6.366025403141975 6.5 1.2
    endloop
  endfacet
  facet normal 0.8870108299460169 0.4617486194440415 0
    outer loop
      vertex -6.366025403141975 6.5 1.01
      vertex -6.40630778670311 6.5773817375302315 1.01
      vertex -6.40630778670311 6.5773817375302315 1.2
    endloop
  endfacet
  facet normal 0.9238795142985203 0.38268347633459465 0
    outer loop
      vertex -6.40630778670311 6.5773817375302315 1.01
      vertex -6.439692623913288 6.657979853451252 1.01
      vertex -6.439692623913288 6.657979853451252 1.2
    endloop
  endfacet
  facet normal 0.9537169615064134 0.30070576538366295 0
    outer loop
      vertex -6.439692623913288 6.657979853451252 1.01
      vertex -6.465925827622414 6.741180956363678 1.01
      vertex -6.465925827622414 6.741180956363678 1.2
    endloop
  endfacet
  facet normal 0.6087613752359998 0.793353381552492 0
    outer loop
      vertex -6.073576435446739 6.180847957730293 1.01
      vertex -6.142787612974644 6.233955554664135 1.2
      vertex -6.073576435446739 6.180847957730293 1.2
    endloop
  endfacet
  facet normal 0.5372996242702033 0.843391435668574 0
    outer loop
      vertex -6 6.133974596858025 1.01
      vertex -6.073576435446739 6.180847957730293 1.2
      vertex -6 6.133974596858025 1.2
    endloop
  endfacet
  facet normal 0.38268347633459465 0.9238795142985203 0
    outer loop
      vertex -5.842020146548748 6.060307376086712 1.01
      vertex -5.9226182624697685 6.09369221329689 1.2
      vertex -5.842020146548748 6.060307376086712 1.2
    endloop
  endfacet
  facet normal 0.30070576538366295 0.9537169615064134 0
    outer loop
      vertex -5.842020146548748 6.060307376086712 1.2
      vertex -5.758819043636322 6.034074172377586 1.2
      vertex -5.758819043636322 6.034074172377586 1.01
    endloop
  endfacet
  facet normal 0.4617486194440415 0.8870108299460169 0
    outer loop
      vertex -5.9226182624697685 6.09369221329689 1.01
      vertex -6 6.133974596858025 1.2
      vertex -5.9226182624697685 6.09369221329689 1.2
    endloop
  endfacet
  facet normal 0.843391435668574 0.5372996242702033 0
    outer loop
      vertex -6.319152042269707 6.426423564553261 1.01
      vertex -6.366025403141975 6.5 1.2
      vertex -6.319152042269707 6.426423564553261 1.2
    endloop
  endfacet
  facet normal 0.6755902067746474 0.7372773375807703 0
    outer loop
      vertex -6.142787612974644 6.233955554664135 1.01
      vertex -6.207106783986092 6.292893216013908 1.2
      vertex -6.142787612974644 6.233955554664135 1.2
    endloop
  endfacet
  facet normal 0.7372773375807703 0.6755902067746474 0
    outer loop
      vertex -6.207106783986092 6.292893216013908 1.01
      vertex -6.266044445335865 6.357212387025356 1.2
      vertex -6.207106783986092 6.292893216013908 1.2
    endloop
  endfacet
  facet normal 0.793353381552492 0.6087613752359998 0
    outer loop
      vertex -6.266044445335865 6.357212387025356 1.01
      vertex -6.319152042269707 6.426423564553261 1.2
      vertex -6.266044445335865 6.357212387025356 1.2
    endloop
  endfacet
  facet normal 0.8870108299460169 0.4617486194440415 0
    outer loop
      vertex -6.366025403141975 6.5 1.01
      vertex -6.40630778670311 6.5773817375302315 1.2
      vertex -6.366025403141975 6.5 1.2
    endloop
  endfacet
  facet normal 0.9238795142985203 0.38268347633459465 0
    outer loop
      vertex -6.40630778670311 6.5773817375302315 1.01
      vertex -6.439692623913288 6.657979853451252 1.2
      vertex -6.40630778670311 6.5773817375302315 1.2
    endloop
  endfacet
  facet normal 0.9537169615064134 0.30070576538366295 0
    outer loop
      vertex -6.439692623913288 6.657979853451252 1.01
      vertex -6.465925827622414 6.741180956363678 1.2
      vertex -6.439692623913288 6.657979853451252 1.2
    endloop
  endfacet
  facet normal 0.9762960113487004 0.2164395948633669 0
    outer loop
      vertex -6.465925827622414 6.741180956363678 1.01
      vertex -6.484807752072811 6.826351821422577 1.01
      vertex -6.484807752072811 6.826351821422577 1.2
    endloop
  endfacet
  facet normal 0.9914448600888598 0.13052620198021944 0
    outer loop
      vertex -6.484807752072811 6.826351821422577 1.01
      vertex -6.496194697916508 6.912844255566597 1.01
      vertex -6.496194697916508 6.912844255566597 1.2
    endloop
  endfacet
  facet normal 0.9990482215310879 0.04361938852815863 0
    outer loop
      vertex -6.496194697916508 6.912844255566597 1.01
      vertex -6.5 7 1.01
      vertex -6.5 7 1.2
    endloop
  endfacet
  facet normal 0.9762960113487004 0.2164395948633669 0
    outer loop
      vertex -6.465925827622414 6.741180956363678 1.01
      vertex -6.484807752072811 6.826351821422577 1.2
      vertex -6.465925827622414 6.741180956363678 1.2
    endloop
  endfacet
  facet normal 0.9914448600888598 0.13052620198021944 0
    outer loop
      vertex -6.484807752072811 6.826351821422577 1.01
      vertex -6.496194697916508 6.912844255566597 1.2
      vertex -6.484807752072811 6.826351821422577 1.2
    endloop
  endfacet
  facet normal 0.9990482215310879 0.04361938852815863 0
    outer loop
      vertex -6.496194697916508 6.912844255566597 1.01
      vertex -6.5 7 1.2
      vertex -6.496194697916508 6.912844255566597 1.2
    endloop
  endfacet
  facet normal 0.2164395948633669 0.9762960113487004 0
    outer loop
      vertex -5.758819043636322 6.034074172377586 1.01
      vertex -5.758819043636322 6.034074172377586 1.2
      vertex -5.673648178577423 6.015192247927189 1.01
    endloop
  endfacet
  facet normal 0.13052620198021944 0.9914448600888598 0
    outer loop
      vertex -5.673648178577423 6.015192247927189 1.01
      vertex -5.673648178577423 6.015192247927189 1.2
      vertex -5.587155744433403 6.003805302083492 1.01
    endloop
  endfacet
  facet normal 0.04361938852815863 0.9990482215310879 0
    outer loop
      vertex -5.587155744433403 6.003805302083492 1.01
      vertex -5.587155744433403 6.003805302083492 1.2
      vertex -5.5 6 1.01
    endloop
  endfacet
  facet normal 0.2164395948633669 0.9762960113487004 0
    outer loop
      vertex -5.673648178577423 6.015192247927189 1.01
      vertex -5.758819043636322 6.034074172377586 1.2
      vertex -5.673648178577423 6.015192247927189 1.2
    endloop
  endfacet
  facet normal 0.13052620198021944 0.9914448600888598 0
    outer loop
      vertex -5.587155744433403 6.003805302083492 1.01
      vertex -5.673648178577423 6.015192247927189 1.2
      vertex -5.587155744433403 6.003805302083492 1.2
    endloop
  endfacet
  facet normal 0.04361938852815863 0.9990482215310879 0
    outer loop
      vertex -5.5 6 1.01
      vertex -5.587155744433403 6.003805302083492 1.2
      vertex -5.5 6 1.2
    endloop
  endfacet
  facet normal 0 1 0
    outer loop
      vertex -5.5 6 1.01
      vertex -5.5 6 1.2
      vertex 5.5 6 1.01
    endloop
  endfacet
  facet normal 1 0 0
    outer loop
      vertex -6.5 7 1.01
      vertex -6.5 47 1.2
      vertex -6.5 7 1.2
    endloop
  endfacet
  facet normal 1 0 0
    outer loop
      vertex -6.5 7 1.01
      vertex -6.5 47 1.01
      vertex -6.5 47 1.2
    endloop
  endfacet
  facet normal 0.9990482215310879 -0.04361938852815863 0
    outer loop
      vertex -6.5 47 1.01
      vertex -6.496194697916508 47.0871557444334 1.01
      vertex -6.496194697916508 47.0871557444334 1.2
    endloop
  endfacet
  facet normal 0.9914448600888598 -0.13052620198021944 0
    outer loop
      vertex -6.496194697916508 47.0871557444334 1.01
      vertex -6.484807752072811 47.17364817857742 1.01
      vertex -6.484807752072811 47.17364817857742 1.2
    endloop
  endfacet
  facet normal 0.9762960113487004 -0.2164395948633669 0
    outer loop
      vertex -6.484807752072811 47.17364817857742 1.01
      vertex -6.465925827622414 47.25881904363632 1.01
      vertex -6.465925827622414 47.25881904363632 1.2
    endloop
  endfacet
  facet normal 0.9990482215310879 -0.04361938852815863 0
    outer loop
      vertex -6.5 47 1.01
      vertex -6.496194697916508 47.0871557444334 1.2
      vertex -6.5 47 1.2
    endloop
  endfacet
  facet normal 0.9914448600888598 -0.13052620198021944 0
    outer loop
      vertex -6.496194697916508 47.0871557444334 1.01
      vertex -6.484807752072811 47.17364817857742 1.2
      vertex -6.496194697916508 47.0871557444334 1.2
    endloop
  endfacet
  facet normal 0.9762960113487004 -0.2164395948633669 0
    outer loop
      vertex -6.484807752072811 47.17364817857742 1.01
      vertex -6.465925827622414 47.25881904363632 1.2
      vertex -6.484807752072811 47.17364817857742 1.2
    endloop
  endfacet
  facet normal 0.9537169615064134 -0.30070576538366295 0
    outer loop
      vertex -6.465925827622414 47.25881904363632 1.01
      vertex -6.439692623913288 47.34202014654875 1.01
      vertex -6.439692623913288 47.34202014654875 1.2
    endloop
  endfacet
  facet normal 0.9238795142985203 -0.38268347633459465 0
    outer loop
      vertex -6.439692623913288 47.34202014654875 1.01
      vertex -6.40630778670311 47.42261826246977 1.01
      vertex -6.40630778670311 47.42261826246977 1.2
    endloop
  endfacet
  facet normal 0.8870108299460169 -0.4617486194440415 0
    outer loop
      vertex -6.40630778670311 47.42261826246977 1.01
      vertex -6.366025403141975 47.5 1.01
      vertex -6.366025403141975 47.5 1.2
    endloop
  endfacet
  facet normal 0.843391435668574 -0.5372996242702033 0
    outer loop
      vertex -6.366025403141975 47.5 1.01
      vertex -6.319152042269707 47.57357643544674 1.01
      vertex -6.319152042269707 47.57357643544674 1.2
    endloop
  endfacet
  facet normal 0.793353381552492 -0.6087613752359998 0
    outer loop
      vertex -6.319152042269707 47.57357643544674 1.01
      vertex -6.266044445335865 47.642787612974644 1.01
      vertex -6.266044445335865 47.642787612974644 1.2
    endloop
  endfacet
  facet normal 0.7372773375807703 -0.6755902067746474 0
    outer loop
      vertex -6.266044445335865 47.642787612974644 1.01
      vertex -6.207106783986092 47.70710678398609 1.01
      vertex -6.207106783986092 47.70710678398609 1.2
    endloop
  endfacet
  facet normal 0.6755902067746474 -0.7372773375807703 0
    outer loop
      vertex -6.207106783986092 47.70710678398609 1.01
      vertex -6.142787612974644 47.766044445335865 1.01
      vertex -6.142787612974644 47.766044445335865 1.2
    endloop
  endfacet
  facet normal 0.6087613752359998 -0.793353381552492 0
    outer loop
      vertex -6.142787612974644 47.766044445335865 1.01
      vertex -6.073576435446739 47.81915204226971 1.01
      vertex -6.073576435446739 47.81915204226971 1.2
    endloop
  endfacet
  facet normal 0.5372996242702033 -0.843391435668574 0
    outer loop
      vertex -6.073576435446739 47.81915204226971 1.01
      vertex -6 47.866025403141975 1.01
      vertex -6 47.866025403141975 1.2
    endloop
  endfacet
  facet normal 0.4617486194440415 -0.8870108299460169 0
    outer loop
      vertex -6 47.866025403141975 1.01
      vertex -5.9226182624697685 47.90630778670311 1.01
      vertex -5.9226182624697685 47.90630778670311 1.2
    endloop
  endfacet
  facet normal 0.38268347633459465 -0.9238795142985203 0
    outer loop
      vertex -5.9226182624697685 47.90630778670311 1.01
      vertex -5.842020146548748 47.93969262391329 1.01
      vertex -5.842020146548748 47.93969262391329 1.2
    endloop
  endfacet
  facet normal 0.30070576538366295 -0.9537169615064134 0
    outer loop
      vertex -5.842020146548748 47.93969262391329 1.01
      vertex -5.758819043636322 47.965925827622414 1.01
      vertex -5.758819043636322 47.965925827622414 1.2
    endloop
  endfacet
  facet normal 0.9537169615064134 -0.30070576538366295 0
    outer loop
      vertex -6.465925827622414 47.25881904363632 1.01
      vertex -6.439692623913288 47.34202014654875 1.2
      vertex -6.465925827622414 47.25881904363632 1.2
    endloop
  endfacet
  facet normal 0.9238795142985203 -0.38268347633459465 0
    outer loop
      vertex -6.439692623913288 47.34202014654875 1.01
      vertex -6.40630778670311 47.42261826246977 1.2
      vertex -6.439692623913288 47.34202014654875 1.2
    endloop
  endfacet
  facet normal 0.8870108299460169 -0.4617486194440415 0
    outer loop
      vertex -6.40630778670311 47.42261826246977 1.01
      vertex -6.366025403141975 47.5 1.2
      vertex -6.40630778670311 47.42261826246977 1.2
    endloop
  endfacet
  facet normal 0.843391435668574 -0.5372996242702033 0
    outer loop
      vertex -6.366025403141975 47.5 1.01
      vertex -6.319152042269707 47.57357643544674 1.2
      vertex -6.366025403141975 47.5 1.2
    endloop
  endfacet
  facet normal 0.793353381552492 -0.6087613752359998 0
    outer loop
      vertex -6.319152042269707 47.57357643544674 1.01
      vertex -6.266044445335865 47.642787612974644 1.2
      vertex -6.319152042269707 47.57357643544674 1.2
    endloop
  endfacet
  facet normal 0.7372773375807703 -0.6755902067746474 0
    outer loop
      vertex -6.266044445335865 47.642787612974644 1.01
      vertex -6.207106783986092 47.70710678398609 1.2
      vertex -6.266044445335865 47.642787612974644 1.2
    endloop
  endfacet
  facet normal 0.6755902067746474 -0.7372773375807703 0
    outer loop
      vertex -6.207106783986092 47.70710678398609 1.01
      vertex -6.142787612974644 47.766044445335865 1.2
      vertex -6.207106783986092 47.70710678398609 1.2
    endloop
  endfacet
  facet normal 0.6087613752359998 -0.793353381552492 0
    outer loop
      vertex -6.142787612974644 47.766044445335865 1.01
      vertex -6.073576435446739 47.81915204226971 1.2
      vertex -6.142787612974644 47.766044445335865 1.2
    endloop
  endfacet
  facet normal 0.5372996242702033 -0.843391435668574 0
    outer loop
      vertex -6.073576435446739 47.81915204226971 1.01
      vertex -6 47.866025403141975 1.2
      vertex -6.073576435446739 47.81915204226971 1.2
    endloop
  endfacet
  facet normal 0.4617486194440415 -0.8870108299460169 0
    outer loop
      vertex -6 47.866025403141975 1.01
      vertex -5.9226182624697685 47.90630778670311 1.2
      vertex -6 47.866025403141975 1.2
    endloop
  endfacet
  facet normal 0.38268347633459465 -0.9238795142985203 0
    outer loop
      vertex -5.9226182624697685 47.90630778670311 1.01
      vertex -5.842020146548748 47.93969262391329 1.2
      vertex -5.9226182624697685 47.90630778670311 1.2
    endloop
  endfacet
  facet normal 0.30070576538366295 -0.9537169615064134 0
    outer loop
      vertex -5.842020146548748 47.93969262391329 1.01
      vertex -5.758819043636322 47.965925827622414 1.2
      vertex -5.842020146548748 47.93969262391329 1.2
    endloop
  endfacet
  facet normal 0.2164395948633669 -0.9762960113487004 0
    outer loop
      vertex -5.758819043636322 47.965925827622414 1.01
      vertex -5.673648178577423 47.98480775207281 1.01
      vertex -5.673648178577423 47.98480775207281 1.2
    endloop
  endfacet
  facet normal 0.13052620198021944 -0.9914448600888598 0
    outer loop
      vertex -5.673648178577423 47.98480775207281 1.01
      vertex -5.587155744433403 47.99619469791651 1.01
      vertex -5.587155744433403 47.99619469791651 1.2
    endloop
  endfacet
  facet normal 0.04361938852815863 -0.9990482215310879 0
    outer loop
      vertex -5.587155744433403 47.99619469791651 1.01
      vertex -5.5 48 1.01
      vertex -5.5 48 1.2
    endloop
  endfacet
  facet normal 0.2164395948633669 -0.9762960113487004 0
    outer loop
      vertex -5.758819043636322 47.965925827622414 1.01
      vertex -5.673648178577423 47.98480775207281 1.2
      vertex -5.758819043636322 47.965925827622414 1.2
    endloop
  endfacet
  facet normal 0.13052620198021944 -0.9914448600888598 0
    outer loop
      vertex -5.673648178577423 47.98480775207281 1.01
      vertex -5.587155744433403 47.99619469791651 1.2
      vertex -5.673648178577423 47.98480775207281 1.2
    endloop
  endfacet
  facet normal 0.04361938852815863 -0.9990482215310879 0
    outer loop
      vertex -5.587155744433403 47.99619469791651 1.01
      vertex -5.5 48 1.2
      vertex -5.587155744433403 47.99619469791651 1.2
    endloop
  endfacet
  facet normal 0 -1 0
    outer loop
      vertex -5.5 48 1.01
      vertex 5.5 48 1.2
      vertex -5.5 48 1.2
    endloop
  endfacet
  facet normal 0 1 0
    outer loop
      vertex -5.5 6 1.2
      vertex 5.5 6 1.2
      vertex 5.5 6 1.01
    endloop
  endfacet
  facet normal -0.04361938852815863 0.9990482215310879 0
    outer loop
      vertex 5.5 6 1.01
      vertex 5.5 6 1.2
      vertex 5.587155744433403 6.003805302083492 1.01
    endloop
  endfacet
  facet normal -0.13052620198021944 0.9914448600888598 0
    outer loop
      vertex 5.587155744433403 6.003805302083492 1.01
      vertex 5.587155744433403 6.003805302083492 1.2
      vertex 5.673648178577423 6.015192247927189 1.01
    endloop
  endfacet
  facet normal -0.2164395948633669 0.9762960113487004 0
    outer loop
      vertex 5.673648178577423 6.015192247927189 1.01
      vertex 5.673648178577423 6.015192247927189 1.2
      vertex 5.758819043636322 6.034074172377586 1.01
    endloop
  endfacet
  facet normal -0.04361938852815863 0.9990482215310879 0
    outer loop
      vertex 5.587155744433403 6.003805302083492 1.01
      vertex 5.5 6 1.2
      vertex 5.587155744433403 6.003805302083492 1.2
    endloop
  endfacet
  facet normal -0.13052620198021944 0.9914448600888598 0
    outer loop
      vertex 5.673648178577423 6.015192247927189 1.01
      vertex 5.587155744433403 6.003805302083492 1.2
      vertex 5.673648178577423 6.015192247927189 1.2
    endloop
  endfacet
  facet normal -0.2164395948633669 0.9762960113487004 0
    outer loop
      vertex 5.758819043636322 6.034074172377586 1.01
      vertex 5.673648178577423 6.015192247927189 1.2
      vertex 5.758819043636322 6.034074172377586 1.2
    endloop
  endfacet
  facet normal -0.30070576538366295 0.9537169615064134 0
    outer loop
      vertex 5.758819043636322 6.034074172377586 1.01
      vertex 5.758819043636322 6.034074172377586 1.2
      vertex 5.842020146548748 6.060307376086712 1.01
    endloop
  endfacet
  facet normal -0.38268347633459465 0.9238795142985203 0
    outer loop
      vertex 5.842020146548748 6.060307376086712 1.01
      vertex 5.842020146548748 6.060307376086712 1.2
      vertex 5.9226182624697685 6.09369221329689 1.01
    endloop
  endfacet
  facet normal -0.4617486194440415 0.8870108299460169 0
    outer loop
      vertex 5.9226182624697685 6.09369221329689 1.01
      vertex 5.9226182624697685 6.09369221329689 1.2
      vertex 6 6.133974596858025 1.01
    endloop
  endfacet
  facet normal -0.5372996242702033 0.843391435668574 0
    outer loop
      vertex 6 6.133974596858025 1.01
      vertex 6 6.133974596858025 1.2
      vertex 6.073576435446739 6.180847957730293 1.01
    endloop
  endfacet
  facet normal -0.6087613752359998 0.793353381552492 0
    outer loop
      vertex 6.073576435446739 6.180847957730293 1.01
      vertex 6.073576435446739 6.180847957730293 1.2
      vertex 6.142787612974644 6.233955554664135 1.01
    endloop
  endfacet
  facet normal -0.6755902067746474 0.7372773375807703 0
    outer loop
      vertex 6.142787612974644 6.233955554664135 1.01
      vertex 6.142787612974644 6.233955554664135 1.2
      vertex 6.207106783986092 6.292893216013908 1.01
    endloop
  endfacet
  facet normal -0.7372773375807703 0.6755902067746474 0
    outer loop
      vertex 6.207106783986092 6.292893216013908 1.01
      vertex 6.207106783986092 6.292893216013908 1.2
      vertex 6.266044445335865 6.357212387025356 1.01
    endloop
  endfacet
  facet normal -0.793353381552492 0.6087613752359998 0
    outer loop
      vertex 6.266044445335865 6.357212387025356 1.01
      vertex 6.266044445335865 6.357212387025356 1.2
      vertex 6.319152042269707 6.426423564553261 1.01
    endloop
  endfacet
  facet normal -0.843391435668574 0.5372996242702033 0
    outer loop
      vertex 6.319152042269707 6.426423564553261 1.01
      vertex 6.319152042269707 6.426423564553261 1.2
      vertex 6.366025403141975 6.5 1.01
    endloop
  endfacet
  facet normal -0.8870108299460169 0.4617486194440415 0
    outer loop
      vertex 6.366025403141975 6.5 1.01
      vertex 6.366025403141975 6.5 1.2
      vertex 6.40630778670311 6.5773817375302315 1.01
    endloop
  endfacet
  facet normal -0.9238795142985203 0.38268347633459465 0
    outer loop
      vertex 6.40630778670311 6.5773817375302315 1.01
      vertex 6.40630778670311 6.5773817375302315 1.2
      vertex 6.439692623913288 6.657979853451252 1.01
    endloop
  endfacet
  facet normal -0.9537169615064134 0.30070576538366295 0
    outer loop
      vertex 6.439692623913288 6.657979853451252 1.01
      vertex 6.439692623913288 6.657979853451252 1.2
      vertex 6.465925827622414 6.741180956363678 1.01
    endloop
  endfacet
  facet normal -0.30070576538366295 0.9537169615064134 0
    outer loop
      vertex 5.758819043636322 6.034074172377586 1.2
      vertex 5.842020146548748 6.060307376086712 1.2
      vertex 5.842020146548748 6.060307376086712 1.01
    endloop
  endfacet
  facet normal -0.38268347633459465 0.9238795142985203 0
    outer loop
      vertex 5.9226182624697685 6.09369221329689 1.01
      vertex 5.842020146548748 6.060307376086712 1.2
      vertex 5.9226182624697685 6.09369221329689 1.2
    endloop
  endfacet
  facet normal -0.4617486194440415 0.8870108299460169 0
    outer loop
      vertex 6 6.133974596858025 1.01
      vertex 5.9226182624697685 6.09369221329689 1.2
      vertex 6 6.133974596858025 1.2
    endloop
  endfacet
  facet normal -0.5372996242702033 0.843391435668574 0
    outer loop
      vertex 6.073576435446739 6.180847957730293 1.01
      vertex 6 6.133974596858025 1.2
      vertex 6.073576435446739 6.180847957730293 1.2
    endloop
  endfacet
  facet normal -0.6087613752359998 0.793353381552492 0
    outer loop
      vertex 6.142787612974644 6.233955554664135 1.01
      vertex 6.073576435446739 6.180847957730293 1.2
      vertex 6.142787612974644 6.233955554664135 1.2
    endloop
  endfacet
  facet normal -0.6755902067746474 0.7372773375807703 0
    outer loop
      vertex 6.207106783986092 6.292893216013908 1.01
      vertex 6.142787612974644 6.233955554664135 1.2
      vertex 6.207106783986092 6.292893216013908 1.2
    endloop
  endfacet
  facet normal -0.7372773375807703 0.6755902067746474 0
    outer loop
      vertex 6.266044445335865 6.357212387025356 1.01
      vertex 6.207106783986092 6.292893216013908 1.2
      vertex 6.266044445335865 6.357212387025356 1.2
    endloop
  endfacet
  facet normal -0.793353381552492 0.6087613752359998 0
    outer loop
      vertex 6.319152042269707 6.426423564553261 1.01
      vertex 6.266044445335865 6.357212387025356 1.2
      vertex 6.319152042269707 6.426423564553261 1.2
    endloop
  endfacet
  facet normal -0.843391435668574 0.5372996242702033 0
    outer loop
      vertex 6.366025403141975 6.5 1.01
      vertex 6.319152042269707 6.426423564553261 1.2
      vertex 6.366025403141975 6.5 1.2
    endloop
  endfacet
  facet normal -0.8870108299460169 0.4617486194440415 0
    outer loop
      vertex 6.40630778670311 6.5773817375302315 1.01
      vertex 6.366025403141975 6.5 1.2
      vertex 6.40630778670311 6.5773817375302315 1.2
    endloop
  endfacet
  facet normal -0.9238795142985203 0.38268347633459465 0
    outer loop
      vertex 6.439692623913288 6.657979853451252 1.01
      vertex 6.40630778670311 6.5773817375302315 1.2
      vertex 6.439692623913288 6.657979853451252 1.2
    endloop
  endfacet
  facet normal -0.9537169615064134 0.30070576538366295 0
    outer loop
      vertex 6.465925827622414 6.741180956363678 1.01
      vertex 6.439692623913288 6.657979853451252 1.2
      vertex 6.465925827622414 6.741180956363678 1.2
    endloop
  endfacet
  facet normal -0.9762960113487004 0.2164395948633669 0
    outer loop
      vertex 6.465925827622414 6.741180956363678 1.01
      vertex 6.465925827622414 6.741180956363678 1.2
      vertex 6.484807752072811 6.826351821422577 1.01
    endloop
  endfacet
  facet normal -0.9914448600888598 0.13052620198021944 0
    outer loop
      vertex 6.484807752072811 6.826351821422577 1.01
      vertex 6.484807752072811 6.826351821422577 1.2
      vertex 6.496194697916508 6.912844255566597 1.01
    endloop
  endfacet
  facet normal -0.9990482215310879 0.04361938852815863 0
    outer loop
      vertex 6.496194697916508 6.912844255566597 1.01
      vertex 6.496194697916508 6.912844255566597 1.2
      vertex 6.5 7 1.01
    endloop
  endfacet
  facet normal -0.9762960113487004 0.2164395948633669 0
    outer loop
      vertex 6.484807752072811 6.826351821422577 1.01
      vertex 6.465925827622414 6.741180956363678 1.2
      vertex 6.484807752072811 6.826351821422577 1.2
    endloop
  endfacet
  facet normal -0.9914448600888598 0.13052620198021944 0
    outer loop
      vertex 6.496194697916508 6.912844255566597 1.01
      vertex 6.484807752072811 6.826351821422577 1.2
      vertex 6.496194697916508 6.912844255566597 1.2
    endloop
  endfacet
  facet normal -0.9990482215310879 0.04361938852815863 0
    outer loop
      vertex 6.5 7 1.01
      vertex 6.496194697916508 6.912844255566597 1.2
      vertex 6.5 7 1.2
    endloop
  endfacet
  facet normal -1 0 0
    outer loop
      vertex 6.5 7 1.01
      vertex 6.5 7 1.2
      vertex 6.5 47 1.01
    endloop
  endfacet
  facet normal -1 0 0
    outer loop
      vertex 6.5 7 1.2
      vertex 6.5 47 1.2
      vertex 6.5 47 1.01
    endloop
  endfacet
  facet normal 0 -1 0
    outer loop
      vertex -5.5 48 1.01
      vertex 5.5 48 1.01
      vertex 5.5 48 1.2
    endloop
  endfacet
  facet normal -0.04361938852815863 -0.9990482215310879 0
    outer loop
      vertex 5.5 48 1.01
      vertex 5.587155744433403 47.99619469791651 1.01
      vertex 5.587155744433403 47.99619469791651 1.2
    endloop
  endfacet
  facet normal -0.13052620198021944 -0.9914448600888598 0
    outer loop
      vertex 5.587155744433403 47.99619469791651 1.01
      vertex 5.673648178577423 47.98480775207281 1.01
      vertex 5.673648178577423 47.98480775207281 1.2
    endloop
  endfacet
  facet normal -0.2164395948633669 -0.9762960113487004 0
    outer loop
      vertex 5.673648178577423 47.98480775207281 1.01
      vertex 5.758819043636322 47.965925827622414 1.01
      vertex 5.758819043636322 47.965925827622414 1.2
    endloop
  endfacet
  facet normal -0.04361938852815863 -0.9990482215310879 0
    outer loop
      vertex 5.5 48 1.01
      vertex 5.587155744433403 47.99619469791651 1.2
      vertex 5.5 48 1.2
    endloop
  endfacet
  facet normal -0.13052620198021944 -0.9914448600888598 0
    outer loop
      vertex 5.587155744433403 47.99619469791651 1.01
      vertex 5.673648178577423 47.98480775207281 1.2
      vertex 5.587155744433403 47.99619469791651 1.2
    endloop
  endfacet
  facet normal -0.2164395948633669 -0.9762960113487004 0
    outer loop
      vertex 5.673648178577423 47.98480775207281 1.01
      vertex 5.758819043636322 47.965925827622414 1.2
      vertex 5.673648178577423 47.98480775207281 1.2
    endloop
  endfacet
  facet normal -0.9990482215310879 -0.04361938852815863 0
    outer loop
      vertex 6.5 47 1.01
      vertex 6.5 47 1.2
      vertex 6.496194697916508 47.0871557444334 1.01
    endloop
  endfacet
  facet normal -0.9914448600888598 -0.13052620198021944 0
    outer loop
      vertex 6.496194697916508 47.0871557444334 1.01
      vertex 6.496194697916508 47.0871557444334 1.2
      vertex 6.484807752072811 47.17364817857742 1.01
    endloop
  endfacet
  facet normal -0.9762960113487004 -0.2164395948633669 0
    outer loop
      vertex 6.484807752072811 47.17364817857742 1.01
      vertex 6.484807752072811 47.17364817857742 1.2
      vertex 6.465925827622414 47.25881904363632 1.01
    endloop
  endfacet
  facet normal -0.9990482215310879 -0.04361938852815863 0
    outer loop
      vertex 6.496194697916508 47.0871557444334 1.01
      vertex 6.5 47 1.2
      vertex 6.496194697916508 47.0871557444334 1.2
    endloop
  endfacet
  facet normal -0.9914448600888598 -0.13052620198021944 0
    outer loop
      vertex 6.484807752072811 47.17364817857742 1.01
      vertex 6.496194697916508 47.0871557444334 1.2
      vertex 6.484807752072811 47.17364817857742 1.2
    endloop
  endfacet
  facet normal -0.9762960113487004 -0.2164395948633669 0
    outer loop
      vertex 6.465925827622414 47.25881904363632 1.01
      vertex 6.484807752072811 47.17364817857742 1.2
      vertex 6.465925827622414 47.25881904363632 1.2
    endloop
  endfacet
  facet normal -0.9537169615064134 -0.30070576538366295 0
    outer loop
      vertex 6.465925827622414 47.25881904363632 1.01
      vertex 6.465925827622414 47.25881904363632 1.2
      vertex 6.439692623913288 47.34202014654875 1.01
    endloop
  endfacet
  facet normal -0.9238795142985203 -0.38268347633459465 0
    outer loop
      vertex 6.439692623913288 47.34202014654875 1.01
      vertex 6.439692623913288 47.34202014654875 1.2
      vertex 6.40630778670311 47.42261826246977 1.01
    endloop
  endfacet
  facet normal -0.8870108299460169 -0.4617486194440415 0
    outer loop
      vertex 6.40630778670311 47.42261826246977 1.01
      vertex 6.40630778670311 47.42261826246977 1.2
      vertex 6.366025403141975 47.5 1.01
    endloop
  endfacet
  facet normal -0.793353381552492 -0.6087613752359998 0
    outer loop
      vertex 6.319152042269707 47.57357643544674 1.01
      vertex 6.319152042269707 47.57357643544674 1.2
      vertex 6.266044445335865 47.642787612974644 1.01
    endloop
  endfacet
  facet normal -0.6755902067746474 -0.7372773375807703 0
    outer loop
      vertex 6.207106783986092 47.70710678398609 1.01
      vertex 6.207106783986092 47.70710678398609 1.2
      vertex 6.142787612974644 47.766044445335865 1.01
    endloop
  endfacet
  facet normal -0.7372773375807703 -0.6755902067746474 0
    outer loop
      vertex 6.207106783986092 47.70710678398609 1.01
      vertex 6.266044445335865 47.642787612974644 1.01
      vertex 6.266044445335865 47.642787612974644 1.2
    endloop
  endfacet
  facet normal -0.843391435668574 -0.5372996242702033 0
    outer loop
      vertex 6.366025403141975 47.5 1.01
      vertex 6.366025403141975 47.5 1.2
      vertex 6.319152042269707 47.57357643544674 1.01
    endloop
  endfacet
  facet normal -0.30070576538366295 -0.9537169615064134 0
    outer loop
      vertex 5.758819043636322 47.965925827622414 1.01
      vertex 5.842020146548748 47.93969262391329 1.01
      vertex 5.842020146548748 47.93969262391329 1.2
    endloop
  endfacet
  facet normal -0.38268347633459465 -0.9238795142985203 0
    outer loop
      vertex 5.842020146548748 47.93969262391329 1.01
      vertex 5.9226182624697685 47.90630778670311 1.01
      vertex 5.9226182624697685 47.90630778670311 1.2
    endloop
  endfacet
  facet normal -0.4617486194440415 -0.8870108299460169 0
    outer loop
      vertex 5.9226182624697685 47.90630778670311 1.01
      vertex 6 47.866025403141975 1.01
      vertex 6 47.866025403141975 1.2
    endloop
  endfacet
  facet normal -0.5372996242702033 -0.843391435668574 0
    outer loop
      vertex 6 47.866025403141975 1.01
      vertex 6.073576435446739 47.81915204226971 1.01
      vertex 6.073576435446739 47.81915204226971 1.2
    endloop
  endfacet
  facet normal -0.6087613752359998 -0.793353381552492 0
    outer loop
      vertex 6.073576435446739 47.81915204226971 1.01
      vertex 6.142787612974644 47.766044445335865 1.01
      vertex 6.142787612974644 47.766044445335865 1.2
    endloop
  endfacet
  facet normal -0.9537169615064134 -0.30070576538366295 0
    outer loop
      vertex 6.439692623913288 47.34202014654875 1.01
      vertex 6.465925827622414 47.25881904363632 1.2
      vertex 6.439692623913288 47.34202014654875 1.2
    endloop
  endfacet
  facet normal -0.8870108299460169 -0.4617486194440415 0
    outer loop
      vertex 6.366025403141975 47.5 1.01
      vertex 6.40630778670311 47.42261826246977 1.2
      vertex 6.366025403141975 47.5 1.2
    endloop
  endfacet
  facet normal -0.9238795142985203 -0.38268347633459465 0
    outer loop
      vertex 6.40630778670311 47.42261826246977 1.01
      vertex 6.439692623913288 47.34202014654875 1.2
      vertex 6.40630778670311 47.42261826246977 1.2
    endloop
  endfacet
  facet normal -0.793353381552492 -0.6087613752359998 0
    outer loop
      vertex 6.266044445335865 47.642787612974644 1.01
      vertex 6.319152042269707 47.57357643544674 1.2
      vertex 6.266044445335865 47.642787612974644 1.2
    endloop
  endfacet
  facet normal -0.7372773375807703 -0.6755902067746474 0
    outer loop
      vertex 6.207106783986092 47.70710678398609 1.01
      vertex 6.266044445335865 47.642787612974644 1.2
      vertex 6.207106783986092 47.70710678398609 1.2
    endloop
  endfacet
  facet normal -0.6755902067746474 -0.7372773375807703 0
    outer loop
      vertex 6.142787612974644 47.766044445335865 1.01
      vertex 6.207106783986092 47.70710678398609 1.2
      vertex 6.142787612974644 47.766044445335865 1.2
    endloop
  endfacet
  facet normal -0.843391435668574 -0.5372996242702033 0
    outer loop
      vertex 6.319152042269707 47.57357643544674 1.01
      vertex 6.366025403141975 47.5 1.2
      vertex 6.319152042269707 47.57357643544674 1.2
    endloop
  endfacet
  facet normal -0.38268347633459465 -0.9238795142985203 0
    outer loop
      vertex 5.842020146548748 47.93969262391329 1.01
      vertex 5.9226182624697685 47.90630778670311 1.2
      vertex 5.842020146548748 47.93969262391329 1.2
    endloop
  endfacet
  facet normal -0.30070576538366295 -0.9537169615064134 0
    outer loop
      vertex 5.758819043636322 47.965925827622414 1.01
      vertex 5.842020146548748 47.93969262391329 1.2
      vertex 5.758819043636322 47.965925827622414 1.2
    endloop
  endfacet
  facet normal -0.4617486194440415 -0.8870108299460169 0
    outer loop
      vertex 5.9226182624697685 47.90630778670311 1.01
      vertex 6 47.866025403141975 1.2
      vertex 5.9226182624697685 47.90630778670311 1.2
    endloop
  endfacet
  facet normal -0.5372996242702033 -0.843391435668574 0
    outer loop
      vertex 6 47.866025403141975 1.01
      vertex 6.073576435446739 47.81915204226971 1.2
      vertex 6 47.866025403141975 1.2
    endloop
  endfacet
  facet normal -0.6087613752359998 -0.793353381552492 0
    outer loop
      vertex 6.073576435446739 47.81915204226971 1.01
      vertex 6.142787612974644 47.766044445335865 1.2
      vertex 6.073576435446739 47.81915204226971 1.2
    endloop
  endfacet
  facet normal 0.7372773368101119 0.6755902076156737 0
    outer loop
      vertex -44.29906666467847 -6.464181414529809 0
      vertex -44.29906666467847 -6.464181414529809 2.4
      vertex -44.21066017177982 -6.560660171779821 0
    endloop
  endfacet
  facet normal 0.6755902076156658 0.7372773368101189 0
    outer loop
      vertex -44.11418141452981 -6.649066664678467 0
      vertex -44.21066017177982 -6.560660171779821 0
      vertex -44.21066017177982 -6.560660171779821 2.4
    endloop
  endfacet
  facet normal 0.21643961393809272 0.9762960071199357 0
    outer loop
      vertex -43.41047226650039 -6.977211629518312 0
      vertex -43.53822856765378 -6.9488887394336025 0
      vertex -43.53822856765378 -6.9488887394336025 2.4
    endloop
  endfacet
  facet normal 0.13052619222005563 0.9914448613738098 0
    outer loop
      vertex -43.41047226650039 -6.977211629518312 0
      vertex -43.41047226650039 -6.977211629518312 2.4
      vertex -43.28073361412149 -6.994292047137618 0
    endloop
  endfacet
  facet normal 0.5372996083468211 0.8433914458128875 0
    outer loop
      vertex -44.01036465452657 -6.728728066433487 0
      vertex -44.01036465452657 -6.728728066433487 2.4
      vertex -43.9 -6.799038105676658 0
    endloop
  endfacet
  facet normal 0.3826834323650927 0.9238795325112856 0
    outer loop
      vertex -43.78392739261105 -6.859461680554975 0
      vertex -43.78392739261105 -6.859461680554975 2.4
      vertex -43.6630302149885 -6.909538931178862 0
    endloop
  endfacet
  facet normal 0.46174861323503247 0.8870108331782225 0
    outer loop
      vertex -43.78392739261105 -6.859461680554975 0
      vertex -43.9 -6.799038105676658 0
      vertex -43.9 -6.799038105676658 2.4
    endloop
  endfacet
  facet normal 0.6087614290087143 0.79335334029124 0
    outer loop
      vertex -44.11418141452981 -6.649066664678467 0
      vertex -44.11418141452981 -6.649066664678467 2.4
      vertex -44.01036465452657 -6.728728066433487 0
    endloop
  endfacet
  facet normal 0.30070579950427767 0.9537169507482254 0
    outer loop
      vertex -43.6630302149885 -6.909538931178862 0
      vertex -43.6630302149885 -6.909538931178862 2.4
      vertex -43.53822856765378 -6.9488887394336025 0
    endloop
  endfacet
  facet normal 0.04361938736533782 0.9990482215818576 0
    outer loop
      vertex -43.28073361412149 -6.994292047137618 0
      vertex -43.28073361412149 -6.994292047137618 2.4
      vertex -43.15 -7 0
    endloop
  endfacet
  facet normal 0 1 0
    outer loop
      vertex -43.15 -7 0
      vertex -43.15 -7 2.4
      vertex -42.35 -7 0
    endloop
  endfacet
  facet normal -0.04361938736533782 0.9990482215818576 0
    outer loop
      vertex -42.35 -7 0
      vertex -42.35 -7 2.4
      vertex -42.21926638587851 -6.994292047137618 0
    endloop
  endfacet
  facet normal -0.13052619222005563 0.9914448613738098 0
    outer loop
      vertex -42.21926638587851 -6.994292047137618 0
      vertex -42.21926638587851 -6.994292047137618 2.4
      vertex -42.08952773349961 -6.977211629518312 0
    endloop
  endfacet
  facet normal -0.21643961393809272 0.9762960071199357 0
    outer loop
      vertex -42.08952773349961 -6.977211629518312 0
      vertex -42.08952773349961 -6.977211629518312 2.4
      vertex -41.96177143234622 -6.9488887394336025 0
    endloop
  endfacet
  facet normal -0.30070579950427767 0.9537169507482254 0
    outer loop
      vertex -41.96177143234622 -6.9488887394336025 0
      vertex -41.96177143234622 -6.9488887394336025 2.4
      vertex -41.8369697850115 -6.909538931178862 0
    endloop
  endfacet
  facet normal -0.3826834323650927 0.9238795325112856 0
    outer loop
      vertex -41.8369697850115 -6.909538931178862 0
      vertex -41.8369697850115 -6.909538931178862 2.4
      vertex -41.71607260738895 -6.859461680554975 0
    endloop
  endfacet
  facet normal -0.46174861323503247 0.8870108331782225 0
    outer loop
      vertex -41.71607260738895 -6.859461680554975 0
      vertex -41.71607260738895 -6.859461680554975 2.4
      vertex -41.6 -6.799038105676658 0
    endloop
  endfacet
  facet normal -0.5372996083468211 0.8433914458128875 0
    outer loop
      vertex -41.6 -6.799038105676658 0
      vertex -41.6 -6.799038105676658 2.4
      vertex -41.48963534547343 -6.728728066433487 0
    endloop
  endfacet
  facet normal -0.6087614290087143 0.79335334029124 0
    outer loop
      vertex -41.48963534547343 -6.728728066433487 0
      vertex -41.48963534547343 -6.728728066433487 2.4
      vertex -41.38581858547019 -6.649066664678467 0
    endloop
  endfacet
  facet normal -0.6755902076156658 0.7372773368101189 0
    outer loop
      vertex -41.38581858547019 -6.649066664678467 0
      vertex -41.38581858547019 -6.649066664678467 2.4
      vertex -41.28933982822018 -6.560660171779821 0
    endloop
  endfacet
  facet normal -0.7372773368101119 0.6755902076156737 0
    outer loop
      vertex -41.28933982822018 -6.560660171779821 0
      vertex -41.28933982822018 -6.560660171779821 2.4
      vertex -41.20093333532153 -6.464181414529809 0
    endloop
  endfacet
  facet normal 0.8870108331782086 0.4617486132350591 0
    outer loop
      vertex -44.44903810567666 -6.25 0
      vertex -44.50946168055498 -6.133927392611049 0
      vertex -44.50946168055498 -6.133927392611049 2.4
    endloop
  endfacet
  facet normal 0.9238795325112914 0.3826834323650787 0
    outer loop
      vertex -44.50946168055498 -6.133927392611049 0
      vertex -44.559538931178864 -6.013030214988503 0
      vertex -44.559538931178864 -6.013030214988503 2.4
    endloop
  endfacet
  facet normal 0.793353340291244 0.608761429008709 0
    outer loop
      vertex -44.29906666467847 -6.464181414529809 0
      vertex -44.37872806643349 -6.360364654526569 0
      vertex -44.37872806643349 -6.360364654526569 2.4
    endloop
  endfacet
  facet normal 0.8433914458128928 0.5372996083468128 0
    outer loop
      vertex -44.44903810567666 -6.25 0
      vertex -44.44903810567666 -6.25 2.4
      vertex -44.37872806643349 -6.360364654526569 0
    endloop
  endfacet
  facet normal 0.9537169507482242 0.300705799504282 0
    outer loop
      vertex -44.559538931178864 -6.013030214988503 0
      vertex -44.598888739433605 -5.8882285676537816 0
      vertex -44.598888739433605 -5.8882285676537816 2.4
    endloop
  endfacet
  facet normal 0.9762960071199344 0.21643961393809846 0
    outer loop
      vertex -44.627211629518314 -5.760472266500395 0
      vertex -44.627211629518314 -5.760472266500395 2.4
      vertex -44.598888739433605 -5.8882285676537816 0
    endloop
  endfacet
  facet normal 0.9914448613738122 0.13052619222003875 0
    outer loop
      vertex -44.627211629518314 -5.760472266500395 0
      vertex -44.64429204713762 -5.630733614121487 0
      vertex -44.64429204713762 -5.630733614121487 2.4
    endloop
  endfacet
  facet normal 0.9990482215818582 0.04361938736532486 0
    outer loop
      vertex -44.64429204713762 -5.630733614121487 0
      vertex -44.65 -5.5 0
      vertex -44.65 -5.5 2.4
    endloop
  endfacet
  facet normal 1 0 0
    outer loop
      vertex -44.65 -5.5 0
      vertex -44.65 -4 0
      vertex -44.65 -4 2.4
    endloop
  endfacet
  facet normal 0.9990482215818582 -0.04361938736532486 0
    outer loop
      vertex -44.65 -4 0
      vertex -44.64429204713762 -3.869266385878513 0
      vertex -44.64429204713762 -3.869266385878513 2.4
    endloop
  endfacet
  facet normal 0.9914448613738122 -0.1305261922200383 0
    outer loop
      vertex -44.64429204713762 -3.869266385878513 0
      vertex -44.627211629518314 -3.7395277334996044 0
      vertex -44.627211629518314 -3.7395277334996044 2.4
    endloop
  endfacet
  facet normal 0.976296007119934 -0.21643961393809988 0
    outer loop
      vertex -44.627211629518314 -3.7395277334996044 0
      vertex -44.598888739433605 -3.611771432346219 0
      vertex -44.598888739433605 -3.611771432346219 2.4
    endloop
  endfacet
  facet normal 0.9537169507482245 -0.300705799504281 0
    outer loop
      vertex -44.598888739433605 -3.611771432346219 0
      vertex -44.559538931178864 -3.486969785011497 0
      vertex -44.559538931178864 -3.486969785011497 2.4
    endloop
  endfacet
  facet normal 0.9238795325112914 -0.3826834323650787 0
    outer loop
      vertex -44.559538931178864 -3.486969785011497 0
      vertex -44.50946168055498 -3.3660726073889506 0
      vertex -44.50946168055498 -3.3660726073889506 2.4
    endloop
  endfacet
  facet normal 0.8870108331782086 -0.4617486132350591 0
    outer loop
      vertex -44.50946168055498 -3.3660726073889506 0
      vertex -44.44903810567666 -3.25 0
      vertex -44.44903810567666 -3.25 2.4
    endloop
  endfacet
  facet normal 0.8433914458128938 -0.5372996083468112 0
    outer loop
      vertex -44.44903810567666 -3.25 0
      vertex -44.37872806643349 -3.139635345473431 0
      vertex -44.37872806643349 -3.139635345473431 2.4
    endloop
  endfacet
  facet normal 0.7933533402912428 -0.6087614290087106 0
    outer loop
      vertex -44.37872806643349 -3.139635345473431 0
      vertex -44.29906666467847 -3.0358185854701913 0
      vertex -44.29906666467847 -3.0358185854701913 2.4
    endloop
  endfacet
  facet normal 0.7372773368101133 -0.6755902076156718 0
    outer loop
      vertex -44.29906666467847 -3.0358185854701913 0
      vertex -44.21066017177982 -2.9393398282201786 0
      vertex -44.21066017177982 -2.9393398282201786 2.4
    endloop
  endfacet
  facet normal 0.675590207615664 -0.7372773368101205 0
    outer loop
      vertex -44.21066017177982 -2.9393398282201786 0
      vertex -44.11418141452981 -2.8509333353215327 0
      vertex -44.11418141452981 -2.8509333353215327 2.4
    endloop
  endfacet
  facet normal 0.6087614290087143 -0.79335334029124 0
    outer loop
      vertex -44.11418141452981 -2.8509333353215327 0
      vertex -44.01036465452657 -2.7712719335665126 0
      vertex -44.01036465452657 -2.7712719335665126 2.4
    endloop
  endfacet
  facet normal 0.5372996083468211 -0.8433914458128875 0
    outer loop
      vertex -44.01036465452657 -2.7712719335665126 0
      vertex -43.9 -2.700961894323342 0
      vertex -43.9 -2.700961894323342 2.4
    endloop
  endfacet
  facet normal 0.46174861323503247 -0.8870108331782225 0
    outer loop
      vertex -43.9 -2.700961894323342 0
      vertex -43.78392739261105 -2.6405383194450254 0
      vertex -43.78392739261105 -2.6405383194450254 2.4
    endloop
  endfacet
  facet normal 0.3826834323650927 -0.9238795325112856 0
    outer loop
      vertex -43.78392739261105 -2.6405383194450254 0
      vertex -43.6630302149885 -2.5904610688211376 0
      vertex -43.6630302149885 -2.5904610688211376 2.4
    endloop
  endfacet
  facet normal 0.30070579950427767 -0.9537169507482254 0
    outer loop
      vertex -43.6630302149885 -2.5904610688211376 0
      vertex -43.53822856765378 -2.5511112605663975 0
      vertex -43.53822856765378 -2.5511112605663975 2.4
    endloop
  endfacet
  facet normal 0.21643961393809272 -0.9762960071199357 0
    outer loop
      vertex -43.53822856765378 -2.5511112605663975 0
      vertex -43.41047226650039 -2.5227883704816882 0
      vertex -43.41047226650039 -2.5227883704816882 2.4
    endloop
  endfacet
  facet normal -0.793353340291244 0.608761429008709 0
    outer loop
      vertex -41.20093333532153 -6.464181414529809 0
      vertex -41.20093333532153 -6.464181414529809 2.4
      vertex -41.12127193356651 -6.360364654526569 0
    endloop
  endfacet
  facet normal -0.8433914458128928 0.5372996083468128 0
    outer loop
      vertex -41.12127193356651 -6.360364654526569 0
      vertex -41.12127193356651 -6.360364654526569 2.4
      vertex -41.05096189432334 -6.25 0
    endloop
  endfacet
  facet normal -0.8870108331782086 0.4617486132350591 0
    outer loop
      vertex -41.05096189432334 -6.25 0
      vertex -41.05096189432334 -6.25 2.4
      vertex -40.99053831944502 -6.133927392611049 0
    endloop
  endfacet
  facet normal -0.9238795325112914 0.3826834323650787 0
    outer loop
      vertex -40.99053831944502 -6.133927392611049 0
      vertex -40.99053831944502 -6.133927392611049 2.4
      vertex -40.940461068821136 -6.013030214988503 0
    endloop
  endfacet
  facet normal -0.9537169507482242 0.300705799504282 0
    outer loop
      vertex -40.940461068821136 -6.013030214988503 0
      vertex -40.940461068821136 -6.013030214988503 2.4
      vertex -40.901111260566395 -5.8882285676537816 0
    endloop
  endfacet
  facet normal -0.9762960071199344 0.21643961393809846 0
    outer loop
      vertex -40.901111260566395 -5.8882285676537816 0
      vertex -40.901111260566395 -5.8882285676537816 2.4
      vertex -40.872788370481686 -5.760472266500395 0
    endloop
  endfacet
  facet normal -0.9914448613738122 0.13052619222003875 0
    outer loop
      vertex -40.872788370481686 -5.760472266500395 0
      vertex -40.872788370481686 -5.760472266500395 2.4
      vertex -40.85570795286238 -5.630733614121487 0
    endloop
  endfacet
  facet normal -0.9990482215818582 0.04361938736532486 0
    outer loop
      vertex -40.85570795286238 -5.630733614121487 0
      vertex -40.85570795286238 -5.630733614121487 2.4
      vertex -40.85 -5.5 0
    endloop
  endfacet
  facet normal -1 0 0
    outer loop
      vertex -40.85 -5.5 0
      vertex -40.85 -5.5 2.4
      vertex -40.85 -4 0
    endloop
  endfacet
  facet normal 0.13052619222005896 -0.9914448613738095 0
    outer loop
      vertex -43.41047226650039 -2.5227883704816882 0
      vertex -43.28073361412149 -2.5057079528623816 0
      vertex -43.28073361412149 -2.5057079528623816 2.4
    endloop
  endfacet
  facet normal 0.04361938736533443 -0.9990482215818578 0
    outer loop
      vertex -43.28073361412149 -2.5057079528623816 0
      vertex -43.15 -2.5 0
      vertex -43.15 -2.5 2.4
    endloop
  endfacet
  facet normal 0 -1 0
    outer loop
      vertex -43.15 -2.5 0
      vertex -42.35 -2.5 0
      vertex -42.35 -2.5 2.4
    endloop
  endfacet
  facet normal -0.04361938736533443 -0.9990482215818578 0
    outer loop
      vertex -42.35 -2.5 0
      vertex -42.21926638587851 -2.5057079528623816 0
      vertex -42.21926638587851 -2.5057079528623816 2.4
    endloop
  endfacet
  facet normal -0.13052619222005896 -0.9914448613738095 0
    outer loop
      vertex -42.21926638587851 -2.5057079528623816 0
      vertex -42.08952773349961 -2.5227883704816882 0
      vertex -42.08952773349961 -2.5227883704816882 2.4
    endloop
  endfacet
  facet normal -0.21643961393809272 -0.9762960071199357 0
    outer loop
      vertex -42.08952773349961 -2.5227883704816882 0
      vertex -41.96177143234622 -2.5511112605663975 0
      vertex -41.96177143234622 -2.5511112605663975 2.4
    endloop
  endfacet
  facet normal -0.9990482215818582 -0.04361938736532486 0
    outer loop
      vertex -40.85 -4 0
      vertex -40.85 -4 2.4
      vertex -40.85570795286238 -3.869266385878513 0
    endloop
  endfacet
  facet normal -0.9914448613738122 -0.1305261922200383 0
    outer loop
      vertex -40.85570795286238 -3.869266385878513 0
      vertex -40.85570795286238 -3.869266385878513 2.4
      vertex -40.872788370481686 -3.7395277334996044 0
    endloop
  endfacet
  facet normal -0.976296007119934 -0.21643961393809988 0
    outer loop
      vertex -40.872788370481686 -3.7395277334996044 0
      vertex -40.872788370481686 -3.7395277334996044 2.4
      vertex -40.901111260566395 -3.611771432346219 0
    endloop
  endfacet
  facet normal -0.9537169507482245 -0.300705799504281 0
    outer loop
      vertex -40.901111260566395 -3.611771432346219 0
      vertex -40.901111260566395 -3.611771432346219 2.4
      vertex -40.940461068821136 -3.486969785011497 0
    endloop
  endfacet
  facet normal -0.9238795325112914 -0.3826834323650787 0
    outer loop
      vertex -40.940461068821136 -3.486969785011497 0
      vertex -40.940461068821136 -3.486969785011497 2.4
      vertex -40.99053831944502 -3.3660726073889506 0
    endloop
  endfacet
  facet normal -0.675590207615664 -0.7372773368101205 0
    outer loop
      vertex -41.28933982822018 -2.9393398282201786 0
      vertex -41.28933982822018 -2.9393398282201786 2.4
      vertex -41.38581858547019 -2.8509333353215327 0
    endloop
  endfacet
  facet normal -0.7372773368101133 -0.6755902076156718 0
    outer loop
      vertex -41.20093333532153 -3.0358185854701913 0
      vertex -41.20093333532153 -3.0358185854701913 2.4
      vertex -41.28933982822018 -2.9393398282201786 0
    endloop
  endfacet
  facet normal -0.46174861323503247 -0.8870108331782225 0
    outer loop
      vertex -41.6 -2.700961894323342 0
      vertex -41.6 -2.700961894323342 2.4
      vertex -41.71607260738895 -2.6405383194450254 0
    endloop
  endfacet
  facet normal -0.30070579950427767 -0.9537169507482254 0
    outer loop
      vertex -41.96177143234622 -2.5511112605663975 0
      vertex -41.8369697850115 -2.5904610688211376 0
      vertex -41.8369697850115 -2.5904610688211376 2.4
    endloop
  endfacet
  facet normal -0.3826834323650927 -0.9238795325112856 0
    outer loop
      vertex -41.8369697850115 -2.5904610688211376 0
      vertex -41.71607260738895 -2.6405383194450254 0
      vertex -41.71607260738895 -2.6405383194450254 2.4
    endloop
  endfacet
  facet normal -0.6087614290087143 -0.79335334029124 0
    outer loop
      vertex -41.38581858547019 -2.8509333353215327 0
      vertex -41.38581858547019 -2.8509333353215327 2.4
      vertex -41.48963534547343 -2.7712719335665126 0
    endloop
  endfacet
  facet normal -0.5372996083468211 -0.8433914458128875 0
    outer loop
      vertex -41.6 -2.700961894323342 0
      vertex -41.48963534547343 -2.7712719335665126 0
      vertex -41.48963534547343 -2.7712719335665126 2.4
    endloop
  endfacet
  facet normal -0.8433914458128938 -0.5372996083468112 0
    outer loop
      vertex -41.05096189432334 -3.25 0
      vertex -41.05096189432334 -3.25 2.4
      vertex -41.12127193356651 -3.139635345473431 0
    endloop
  endfacet
  facet normal -0.8870108331782086 -0.4617486132350591 0
    outer loop
      vertex -41.05096189432334 -3.25 0
      vertex -40.99053831944502 -3.3660726073889506 0
      vertex -40.99053831944502 -3.3660726073889506 2.4
    endloop
  endfacet
  facet normal -0.7933533402912428 -0.6087614290087106 0
    outer loop
      vertex -41.20093333532153 -3.0358185854701913 0
      vertex -41.12127193356651 -3.139635345473431 0
      vertex -41.12127193356651 -3.139635345473431 2.4
    endloop
  endfacet
  facet normal 0.6755902076156658 0.7372773368101189 0
    outer loop
      vertex -44.11418141452981 -6.649066664678467 0
      vertex -44.21066017177982 -6.560660171779821 2.4
      vertex -44.11418141452981 -6.649066664678467 2.4
    endloop
  endfacet
  facet normal 0.7372773368101119 0.6755902076156737 0
    outer loop
      vertex -44.21066017177982 -6.560660171779821 0
      vertex -44.29906666467847 -6.464181414529809 2.4
      vertex -44.21066017177982 -6.560660171779821 2.4
    endloop
  endfacet
  facet normal 0.21643961393809272 0.9762960071199357 0
    outer loop
      vertex -43.41047226650039 -6.977211629518312 0
      vertex -43.53822856765378 -6.9488887394336025 2.4
      vertex -43.41047226650039 -6.977211629518312 2.4
    endloop
  endfacet
  facet normal 0.6087614290087143 0.79335334029124 0
    outer loop
      vertex -44.01036465452657 -6.728728066433487 0
      vertex -44.11418141452981 -6.649066664678467 2.4
      vertex -44.01036465452657 -6.728728066433487 2.4
    endloop
  endfacet
  facet normal 0.5372996083468211 0.8433914458128875 0
    outer loop
      vertex -43.9 -6.799038105676658 0
      vertex -44.01036465452657 -6.728728066433487 2.4
      vertex -43.9 -6.799038105676658 2.4
    endloop
  endfacet
  facet normal 0.46174861323503247 0.8870108331782225 0
    outer loop
      vertex -43.78392739261105 -6.859461680554975 0
      vertex -43.9 -6.799038105676658 2.4
      vertex -43.78392739261105 -6.859461680554975 2.4
    endloop
  endfacet
  facet normal 0.3826834323650927 0.9238795325112856 0
    outer loop
      vertex -43.6630302149885 -6.909538931178862 0
      vertex -43.78392739261105 -6.859461680554975 2.4
      vertex -43.6630302149885 -6.909538931178862 2.4
    endloop
  endfacet
  facet normal 0.30070579950427767 0.9537169507482254 0
    outer loop
      vertex -43.53822856765378 -6.9488887394336025 0
      vertex -43.6630302149885 -6.909538931178862 2.4
      vertex -43.53822856765378 -6.9488887394336025 2.4
    endloop
  endfacet
  facet normal 0.13052619222005563 0.9914448613738098 0
    outer loop
      vertex -43.28073361412149 -6.994292047137618 0
      vertex -43.41047226650039 -6.977211629518312 2.4
      vertex -43.28073361412149 -6.994292047137618 2.4
    endloop
  endfacet
  facet normal 0.04361938736533782 0.9990482215818576 0
    outer loop
      vertex -43.15 -7 0
      vertex -43.28073361412149 -6.994292047137618 2.4
      vertex -43.15 -7 2.4
    endloop
  endfacet
  facet normal 0 1 0
    outer loop
      vertex -42.35 -7 0
      vertex -43.15 -7 2.4
      vertex -42.35 -7 2.4
    endloop
  endfacet
  facet normal -0.04361938736533782 0.9990482215818576 0
    outer loop
      vertex -42.21926638587851 -6.994292047137618 0
      vertex -42.35 -7 2.4
      vertex -42.21926638587851 -6.994292047137618 2.4
    endloop
  endfacet
  facet normal -0.13052619222005563 0.9914448613738098 0
    outer loop
      vertex -42.08952773349961 -6.977211629518312 0
      vertex -42.21926638587851 -6.994292047137618 2.4
      vertex -42.08952773349961 -6.977211629518312 2.4
    endloop
  endfacet
  facet normal -0.21643961393809272 0.9762960071199357 0
    outer loop
      vertex -41.96177143234622 -6.9488887394336025 0
      vertex -42.08952773349961 -6.977211629518312 2.4
      vertex -41.96177143234622 -6.9488887394336025 2.4
    endloop
  endfacet
  facet normal -0.30070579950427767 0.9537169507482254 0
    outer loop
      vertex -41.8369697850115 -6.909538931178862 0
      vertex -41.96177143234622 -6.9488887394336025 2.4
      vertex -41.8369697850115 -6.909538931178862 2.4
    endloop
  endfacet
  facet normal -0.3826834323650927 0.9238795325112856 0
    outer loop
      vertex -41.71607260738895 -6.859461680554975 0
      vertex -41.8369697850115 -6.909538931178862 2.4
      vertex -41.71607260738895 -6.859461680554975 2.4
    endloop
  endfacet
  facet normal -0.46174861323503247 0.8870108331782225 0
    outer loop
      vertex -41.6 -6.799038105676658 0
      vertex -41.71607260738895 -6.859461680554975 2.4
      vertex -41.6 -6.799038105676658 2.4
    endloop
  endfacet
  facet normal -0.5372996083468211 0.8433914458128875 0
    outer loop
      vertex -41.48963534547343 -6.728728066433487 0
      vertex -41.6 -6.799038105676658 2.4
      vertex -41.48963534547343 -6.728728066433487 2.4
    endloop
  endfacet
  facet normal -0.6087614290087143 0.79335334029124 0
    outer loop
      vertex -41.38581858547019 -6.649066664678467 0
      vertex -41.48963534547343 -6.728728066433487 2.4
      vertex -41.38581858547019 -6.649066664678467 2.4
    endloop
  endfacet
  facet normal -0.6755902076156658 0.7372773368101189 0
    outer loop
      vertex -41.28933982822018 -6.560660171779821 0
      vertex -41.38581858547019 -6.649066664678467 2.4
      vertex -41.28933982822018 -6.560660171779821 2.4
    endloop
  endfacet
  facet normal -0.7372773368101119 0.6755902076156737 0
    outer loop
      vertex -41.20093333532153 -6.464181414529809 0
      vertex -41.28933982822018 -6.560660171779821 2.4
      vertex -41.20093333532153 -6.464181414529809 2.4
    endloop
  endfacet
  facet normal 0.8870108331782086 0.4617486132350591 0
    outer loop
      vertex -44.44903810567666 -6.25 0
      vertex -44.50946168055498 -6.133927392611049 2.4
      vertex -44.44903810567666 -6.25 2.4
    endloop
  endfacet
  facet normal 0.9238795325112914 0.3826834323650787 0
    outer loop
      vertex -44.50946168055498 -6.133927392611049 0
      vertex -44.559538931178864 -6.013030214988503 2.4
      vertex -44.50946168055498 -6.133927392611049 2.4
    endloop
  endfacet
  facet normal 0.9537169507482242 0.300705799504282 0
    outer loop
      vertex -44.559538931178864 -6.013030214988503 0
      vertex -44.598888739433605 -5.8882285676537816 2.4
      vertex -44.559538931178864 -6.013030214988503 2.4
    endloop
  endfacet
  facet normal 0.8433914458128928 0.5372996083468128 0
    outer loop
      vertex -44.37872806643349 -6.360364654526569 0
      vertex -44.44903810567666 -6.25 2.4
      vertex -44.37872806643349 -6.360364654526569 2.4
    endloop
  endfacet
  facet normal 0.793353340291244 0.608761429008709 0
    outer loop
      vertex -44.29906666467847 -6.464181414529809 0
      vertex -44.37872806643349 -6.360364654526569 2.4
      vertex -44.29906666467847 -6.464181414529809 2.4
    endloop
  endfacet
  facet normal 0.9914448613738122 0.13052619222003875 0
    outer loop
      vertex -44.627211629518314 -5.760472266500395 0
      vertex -44.64429204713762 -5.630733614121487 2.4
      vertex -44.627211629518314 -5.760472266500395 2.4
    endloop
  endfacet
  facet normal 0.9762960071199344 0.21643961393809846 0
    outer loop
      vertex -44.598888739433605 -5.8882285676537816 0
      vertex -44.627211629518314 -5.760472266500395 2.4
      vertex -44.598888739433605 -5.8882285676537816 2.4
    endloop
  endfacet
  facet normal 0.9990482215818582 0.04361938736532486 0
    outer loop
      vertex -44.64429204713762 -5.630733614121487 0
      vertex -44.65 -5.5 2.4
      vertex -44.64429204713762 -5.630733614121487 2.4
    endloop
  endfacet
  facet normal 1 0 0
    outer loop
      vertex -44.65 -5.5 0
      vertex -44.65 -4 2.4
      vertex -44.65 -5.5 2.4
    endloop
  endfacet
  facet normal 0.9990482215818582 -0.04361938736532486 0
    outer loop
      vertex -44.65 -4 0
      vertex -44.64429204713762 -3.869266385878513 2.4
      vertex -44.65 -4 2.4
    endloop
  endfacet
  facet normal 0.9914448613738122 -0.1305261922200383 0
    outer loop
      vertex -44.64429204713762 -3.869266385878513 0
      vertex -44.627211629518314 -3.7395277334996044 2.4
      vertex -44.64429204713762 -3.869266385878513 2.4
    endloop
  endfacet
  facet normal 0.976296007119934 -0.21643961393809988 0
    outer loop
      vertex -44.627211629518314 -3.7395277334996044 0
      vertex -44.598888739433605 -3.611771432346219 2.4
      vertex -44.627211629518314 -3.7395277334996044 2.4
    endloop
  endfacet
  facet normal 0.9537169507482245 -0.300705799504281 0
    outer loop
      vertex -44.598888739433605 -3.611771432346219 0
      vertex -44.559538931178864 -3.486969785011497 2.4
      vertex -44.598888739433605 -3.611771432346219 2.4
    endloop
  endfacet
  facet normal 0.9238795325112914 -0.3826834323650787 0
    outer loop
      vertex -44.559538931178864 -3.486969785011497 0
      vertex -44.50946168055498 -3.3660726073889506 2.4
      vertex -44.559538931178864 -3.486969785011497 2.4
    endloop
  endfacet
  facet normal 0.8870108331782086 -0.4617486132350591 0
    outer loop
      vertex -44.50946168055498 -3.3660726073889506 0
      vertex -44.44903810567666 -3.25 2.4
      vertex -44.50946168055498 -3.3660726073889506 2.4
    endloop
  endfacet
  facet normal 0.8433914458128938 -0.5372996083468112 0
    outer loop
      vertex -44.44903810567666 -3.25 0
      vertex -44.37872806643349 -3.139635345473431 2.4
      vertex -44.44903810567666 -3.25 2.4
    endloop
  endfacet
  facet normal 0.7933533402912428 -0.6087614290087106 0
    outer loop
      vertex -44.37872806643349 -3.139635345473431 0
      vertex -44.29906666467847 -3.0358185854701913 2.4
      vertex -44.37872806643349 -3.139635345473431 2.4
    endloop
  endfacet
  facet normal 0.7372773368101133 -0.6755902076156718 0
    outer loop
      vertex -44.29906666467847 -3.0358185854701913 0
      vertex -44.21066017177982 -2.9393398282201786 2.4
      vertex -44.29906666467847 -3.0358185854701913 2.4
    endloop
  endfacet
  facet normal 0.675590207615664 -0.7372773368101205 0
    outer loop
      vertex -44.21066017177982 -2.9393398282201786 0
      vertex -44.11418141452981 -2.8509333353215327 2.4
      vertex -44.21066017177982 -2.9393398282201786 2.4
    endloop
  endfacet
  facet normal 0.6087614290087143 -0.79335334029124 0
    outer loop
      vertex -44.11418141452981 -2.8509333353215327 0
      vertex -44.01036465452657 -2.7712719335665126 2.4
      vertex -44.11418141452981 -2.8509333353215327 2.4
    endloop
  endfacet
  facet normal 0.5372996083468211 -0.8433914458128875 0
    outer loop
      vertex -44.01036465452657 -2.7712719335665126 0
      vertex -43.9 -2.700961894323342 2.4
      vertex -44.01036465452657 -2.7712719335665126 2.4
    endloop
  endfacet
  facet normal 0.46174861323503247 -0.8870108331782225 0
    outer loop
      vertex -43.9 -2.700961894323342 0
      vertex -43.78392739261105 -2.6405383194450254 2.4
      vertex -43.9 -2.700961894323342 2.4
    endloop
  endfacet
  facet normal 0.3826834323650927 -0.9238795325112856 0
    outer loop
      vertex -43.78392739261105 -2.6405383194450254 0
      vertex -43.6630302149885 -2.5904610688211376 2.4
      vertex -43.78392739261105 -2.6405383194450254 2.4
    endloop
  endfacet
  facet normal 0.30070579950427767 -0.9537169507482254 0
    outer loop
      vertex -43.6630302149885 -2.5904610688211376 0
      vertex -43.53822856765378 -2.5511112605663975 2.4
      vertex -43.6630302149885 -2.5904610688211376 2.4
    endloop
  endfacet
  facet normal 0.21643961393809272 -0.9762960071199357 0
    outer loop
      vertex -43.53822856765378 -2.5511112605663975 0
      vertex -43.41047226650039 -2.5227883704816882 2.4
      vertex -43.53822856765378 -2.5511112605663975 2.4
    endloop
  endfacet
  facet normal 0.13052619222005896 -0.9914448613738095 0
    outer loop
      vertex -43.41047226650039 -2.5227883704816882 0
      vertex -43.28073361412149 -2.5057079528623816 2.4
      vertex -43.41047226650039 -2.5227883704816882 2.4
    endloop
  endfacet
  facet normal -0.793353340291244 0.608761429008709 0
    outer loop
      vertex -41.12127193356651 -6.360364654526569 0
      vertex -41.20093333532153 -6.464181414529809 2.4
      vertex -41.12127193356651 -6.360364654526569 2.4
    endloop
  endfacet
  facet normal -0.8433914458128928 0.5372996083468128 0
    outer loop
      vertex -41.05096189432334 -6.25 0
      vertex -41.12127193356651 -6.360364654526569 2.4
      vertex -41.05096189432334 -6.25 2.4
    endloop
  endfacet
  facet normal -0.8870108331782086 0.4617486132350591 0
    outer loop
      vertex -40.99053831944502 -6.133927392611049 0
      vertex -41.05096189432334 -6.25 2.4
      vertex -40.99053831944502 -6.133927392611049 2.4
    endloop
  endfacet
  facet normal -0.9238795325112914 0.3826834323650787 0
    outer loop
      vertex -40.940461068821136 -6.013030214988503 0
      vertex -40.99053831944502 -6.133927392611049 2.4
      vertex -40.940461068821136 -6.013030214988503 2.4
    endloop
  endfacet
  facet normal -0.9537169507482242 0.300705799504282 0
    outer loop
      vertex -40.901111260566395 -5.8882285676537816 0
      vertex -40.940461068821136 -6.013030214988503 2.4
      vertex -40.901111260566395 -5.8882285676537816 2.4
    endloop
  endfacet
  facet normal -0.9762960071199344 0.21643961393809846 0
    outer loop
      vertex -40.872788370481686 -5.760472266500395 0
      vertex -40.901111260566395 -5.8882285676537816 2.4
      vertex -40.872788370481686 -5.760472266500395 2.4
    endloop
  endfacet
  facet normal -0.9914448613738122 0.13052619222003875 0
    outer loop
      vertex -40.85570795286238 -5.630733614121487 0
      vertex -40.872788370481686 -5.760472266500395 2.4
      vertex -40.85570795286238 -5.630733614121487 2.4
    endloop
  endfacet
  facet normal -0.9990482215818582 0.04361938736532486 0
    outer loop
      vertex -40.85 -5.5 0
      vertex -40.85570795286238 -5.630733614121487 2.4
      vertex -40.85 -5.5 2.4
    endloop
  endfacet
  facet normal -1 0 0
    outer loop
      vertex -40.85 -4 0
      vertex -40.85 -5.5 2.4
      vertex -40.85 -4 2.4
    endloop
  endfacet
  facet normal 0.04361938736533443 -0.9990482215818578 0
    outer loop
      vertex -43.28073361412149 -2.5057079528623816 0
      vertex -43.15 -2.5 2.4
      vertex -43.28073361412149 -2.5057079528623816 2.4
    endloop
  endfacet
  facet normal 0 -1 0
    outer loop
      vertex -43.15 -2.5 0
      vertex -42.35 -2.5 2.4
      vertex -43.15 -2.5 2.4
    endloop
  endfacet
  facet normal -0.04361938736533443 -0.9990482215818578 0
    outer loop
      vertex -42.35 -2.5 0
      vertex -42.21926638587851 -2.5057079528623816 2.4
      vertex -42.35 -2.5 2.4
    endloop
  endfacet
  facet normal -0.13052619222005896 -0.9914448613738095 0
    outer loop
      vertex -42.21926638587851 -2.5057079528623816 0
      vertex -42.08952773349961 -2.5227883704816882 2.4
      vertex -42.21926638587851 -2.5057079528623816 2.4
    endloop
  endfacet
  facet normal -0.21643961393809272 -0.9762960071199357 0
    outer loop
      vertex -42.08952773349961 -2.5227883704816882 0
      vertex -41.96177143234622 -2.5511112605663975 2.4
      vertex -42.08952773349961 -2.5227883704816882 2.4
    endloop
  endfacet
  facet normal -0.30070579950427767 -0.9537169507482254 0
    outer loop
      vertex -41.96177143234622 -2.5511112605663975 0
      vertex -41.8369697850115 -2.5904610688211376 2.4
      vertex -41.96177143234622 -2.5511112605663975 2.4
    endloop
  endfacet
  facet normal -0.9990482215818582 -0.04361938736532486 0
    outer loop
      vertex -40.85570795286238 -3.869266385878513 0
      vertex -40.85 -4 2.4
      vertex -40.85570795286238 -3.869266385878513 2.4
    endloop
  endfacet
  facet normal -0.9914448613738122 -0.1305261922200383 0
    outer loop
      vertex -40.872788370481686 -3.7395277334996044 0
      vertex -40.85570795286238 -3.869266385878513 2.4
      vertex -40.872788370481686 -3.7395277334996044 2.4
    endloop
  endfacet
  facet normal -0.976296007119934 -0.21643961393809988 0
    outer loop
      vertex -40.901111260566395 -3.611771432346219 0
      vertex -40.872788370481686 -3.7395277334996044 2.4
      vertex -40.901111260566395 -3.611771432346219 2.4
    endloop
  endfacet
  facet normal -0.9537169507482245 -0.300705799504281 0
    outer loop
      vertex -40.940461068821136 -3.486969785011497 0
      vertex -40.901111260566395 -3.611771432346219 2.4
      vertex -40.940461068821136 -3.486969785011497 2.4
    endloop
  endfacet
  facet normal -0.7372773368101133 -0.6755902076156718 0
    outer loop
      vertex -41.28933982822018 -2.9393398282201786 0
      vertex -41.20093333532153 -3.0358185854701913 2.4
      vertex -41.28933982822018 -2.9393398282201786 2.4
    endloop
  endfacet
  facet normal -0.46174861323503247 -0.8870108331782225 0
    outer loop
      vertex -41.71607260738895 -2.6405383194450254 0
      vertex -41.6 -2.700961894323342 2.4
      vertex -41.71607260738895 -2.6405383194450254 2.4
    endloop
  endfacet
  facet normal -0.5372996083468211 -0.8433914458128875 0
    outer loop
      vertex -41.6 -2.700961894323342 0
      vertex -41.48963534547343 -2.7712719335665126 2.4
      vertex -41.6 -2.700961894323342 2.4
    endloop
  endfacet
  facet normal -0.3826834323650927 -0.9238795325112856 0
    outer loop
      vertex -41.8369697850115 -2.5904610688211376 0
      vertex -41.71607260738895 -2.6405383194450254 2.4
      vertex -41.8369697850115 -2.5904610688211376 2.4
    endloop
  endfacet
  facet normal -0.6087614290087143 -0.79335334029124 0
    outer loop
      vertex -41.48963534547343 -2.7712719335665126 0
      vertex -41.38581858547019 -2.8509333353215327 2.4
      vertex -41.48963534547343 -2.7712719335665126 2.4
    endloop
  endfacet
  facet normal -0.675590207615664 -0.7372773368101205 0
    outer loop
      vertex -41.38581858547019 -2.8509333353215327 0
      vertex -41.28933982822018 -2.9393398282201786 2.4
      vertex -41.38581858547019 -2.8509333353215327 2.4
    endloop
  endfacet
  facet normal -0.8870108331782086 -0.4617486132350591 0
    outer loop
      vertex -41.05096189432334 -3.25 0
      vertex -40.99053831944502 -3.3660726073889506 2.4
      vertex -41.05096189432334 -3.25 2.4
    endloop
  endfacet
  facet normal -0.8433914458128938 -0.5372996083468112 0
    outer loop
      vertex -41.12127193356651 -3.139635345473431 0
      vertex -41.05096189432334 -3.25 2.4
      vertex -41.12127193356651 -3.139635345473431 2.4
    endloop
  endfacet
  facet normal -0.9238795325112914 -0.3826834323650787 0
    outer loop
      vertex -40.99053831944502 -3.3660726073889506 0
      vertex -40.940461068821136 -3.486969785011497 2.4
      vertex -40.99053831944502 -3.3660726073889506 2.4
    endloop
  endfacet
  facet normal -0.7933533402912428 -0.6087614290087106 0
    outer loop
      vertex -41.20093333532153 -3.0358185854701913 0
      vertex -41.12127193356651 -3.139635345473431 2.4
      vertex -41.20093333532153 -3.0358185854701913 2.4
    endloop
  endfacet
  facet normal 0.5372996083468211 0.8433914458128875 0
    outer loop
      vertex 41.48963534547343 -6.728728066433487 0
      vertex 41.48963534547343 -6.728728066433487 2.4
      vertex 41.6 -6.799038105676658 0
    endloop
  endfacet
  facet normal 0.6755902076156658 0.7372773368101189 0
    outer loop
      vertex 41.28933982822018 -6.560660171779821 0
      vertex 41.28933982822018 -6.560660171779821 2.4
      vertex 41.38581858547019 -6.649066664678467 0
    endloop
  endfacet
  facet normal 0.7372773368101119 0.6755902076156737 0
    outer loop
      vertex 41.20093333532153 -6.464181414529809 0
      vertex 41.20093333532153 -6.464181414529809 2.4
      vertex 41.28933982822018 -6.560660171779821 0
    endloop
  endfacet
  facet normal 0.6087614290087143 0.79335334029124 0
    outer loop
      vertex 41.48963534547343 -6.728728066433487 0
      vertex 41.38581858547019 -6.649066664678467 0
      vertex 41.38581858547019 -6.649066664678467 2.4
    endloop
  endfacet
  facet normal 0.46174861323503247 0.8870108331782225 0
    outer loop
      vertex 41.71607260738895 -6.859461680554975 0
      vertex 41.6 -6.799038105676658 0
      vertex 41.6 -6.799038105676658 2.4
    endloop
  endfacet
  facet normal 0.3826834323650927 0.9238795325112856 0
    outer loop
      vertex 41.71607260738895 -6.859461680554975 0
      vertex 41.71607260738895 -6.859461680554975 2.4
      vertex 41.8369697850115 -6.909538931178862 0
    endloop
  endfacet
  facet normal 0.30070579950427767 0.9537169507482254 0
    outer loop
      vertex 41.8369697850115 -6.909538931178862 0
      vertex 41.8369697850115 -6.909538931178862 2.4
      vertex 41.96177143234622 -6.9488887394336025 0
    endloop
  endfacet
  facet normal 0.21643961393809272 0.9762960071199357 0
    outer loop
      vertex 42.08952773349961 -6.977211629518312 0
      vertex 41.96177143234622 -6.9488887394336025 0
      vertex 41.96177143234622 -6.9488887394336025 2.4
    endloop
  endfacet
  facet normal 0.13052619222005563 0.9914448613738098 0
    outer loop
      vertex 42.08952773349961 -6.977211629518312 0
      vertex 42.08952773349961 -6.977211629518312 2.4
      vertex 42.21926638587851 -6.994292047137618 0
    endloop
  endfacet
  facet normal 0.04361938736533782 0.9990482215818576 0
    outer loop
      vertex 42.21926638587851 -6.994292047137618 0
      vertex 42.21926638587851 -6.994292047137618 2.4
      vertex 42.35 -7 0
    endloop
  endfacet
  facet normal 0 1 0
    outer loop
      vertex 42.35 -7 0
      vertex 42.35 -7 2.4
      vertex 43.15 -7 0
    endloop
  endfacet
  facet normal -0.04361938736533782 0.9990482215818576 0
    outer loop
      vertex 43.15 -7 0
      vertex 43.15 -7 2.4
      vertex 43.28073361412149 -6.994292047137618 0
    endloop
  endfacet
  facet normal -0.13052619222005563 0.9914448613738098 0
    outer loop
      vertex 43.28073361412149 -6.994292047137618 0
      vertex 43.28073361412149 -6.994292047137618 2.4
      vertex 43.41047226650039 -6.977211629518312 0
    endloop
  endfacet
  facet normal -0.21643961393809272 0.9762960071199357 0
    outer loop
      vertex 43.41047226650039 -6.977211629518312 0
      vertex 43.41047226650039 -6.977211629518312 2.4
      vertex 43.53822856765378 -6.9488887394336025 0
    endloop
  endfacet
  facet normal -0.30070579950427767 0.9537169507482254 0
    outer loop
      vertex 43.53822856765378 -6.9488887394336025 0
      vertex 43.53822856765378 -6.9488887394336025 2.4
      vertex 43.6630302149885 -6.909538931178862 0
    endloop
  endfacet
  facet normal -0.3826834323650927 0.9238795325112856 0
    outer loop
      vertex 43.6630302149885 -6.909538931178862 0
      vertex 43.6630302149885 -6.909538931178862 2.4
      vertex 43.78392739261105 -6.859461680554975 0
    endloop
  endfacet
  facet normal -0.46174861323503247 0.8870108331782225 0
    outer loop
      vertex 43.78392739261105 -6.859461680554975 0
      vertex 43.78392739261105 -6.859461680554975 2.4
      vertex 43.9 -6.799038105676658 0
    endloop
  endfacet
  facet normal -0.5372996083468211 0.8433914458128875 0
    outer loop
      vertex 43.9 -6.799038105676658 0
      vertex 43.9 -6.799038105676658 2.4
      vertex 44.01036465452657 -6.728728066433487 0
    endloop
  endfacet
  facet normal -0.6087614290087143 0.79335334029124 0
    outer loop
      vertex 44.01036465452657 -6.728728066433487 0
      vertex 44.01036465452657 -6.728728066433487 2.4
      vertex 44.11418141452981 -6.649066664678467 0
    endloop
  endfacet
  facet normal -0.6755902076156658 0.7372773368101189 0
    outer loop
      vertex 44.11418141452981 -6.649066664678467 0
      vertex 44.11418141452981 -6.649066664678467 2.4
      vertex 44.21066017177982 -6.560660171779821 0
    endloop
  endfacet
  facet normal -0.7372773368101119 0.6755902076156737 0
    outer loop
      vertex 44.21066017177982 -6.560660171779821 0
      vertex 44.21066017177982 -6.560660171779821 2.4
      vertex 44.29906666467847 -6.464181414529809 0
    endloop
  endfacet
  facet normal 0.793353340291244 0.608761429008709 0
    outer loop
      vertex 41.20093333532153 -6.464181414529809 0
      vertex 41.12127193356651 -6.360364654526569 0
      vertex 41.12127193356651 -6.360364654526569 2.4
    endloop
  endfacet
  facet normal 0.8433914458128928 0.5372996083468128 0
    outer loop
      vertex 41.12127193356651 -6.360364654526569 0
      vertex 41.05096189432334 -6.25 0
      vertex 41.05096189432334 -6.25 2.4
    endloop
  endfacet
  facet normal 0.8870108331782086 0.4617486132350591 0
    outer loop
      vertex 41.05096189432334 -6.25 0
      vertex 40.99053831944502 -6.133927392611049 0
      vertex 40.99053831944502 -6.133927392611049 2.4
    endloop
  endfacet
  facet normal 0.9238795325112914 0.3826834323650787 0
    outer loop
      vertex 40.99053831944502 -6.133927392611049 0
      vertex 40.940461068821136 -6.013030214988503 0
      vertex 40.940461068821136 -6.013030214988503 2.4
    endloop
  endfacet
  facet normal 0.9537169507482242 0.300705799504282 0
    outer loop
      vertex 40.940461068821136 -6.013030214988503 0
      vertex 40.901111260566395 -5.8882285676537816 0
      vertex 40.901111260566395 -5.8882285676537816 2.4
    endloop
  endfacet
  facet normal 0.9762960071199344 0.21643961393809846 0
    outer loop
      vertex 40.901111260566395 -5.8882285676537816 0
      vertex 40.872788370481686 -5.760472266500395 0
      vertex 40.872788370481686 -5.760472266500395 2.4
    endloop
  endfacet
  facet normal 0.9914448613738122 0.13052619222003875 0
    outer loop
      vertex 40.872788370481686 -5.760472266500395 0
      vertex 40.85570795286238 -5.630733614121487 0
      vertex 40.85570795286238 -5.630733614121487 2.4
    endloop
  endfacet
  facet normal 0.9990482215818582 0.04361938736532486 0
    outer loop
      vertex 40.85570795286238 -5.630733614121487 0
      vertex 40.85 -5.5 0
      vertex 40.85 -5.5 2.4
    endloop
  endfacet
  facet normal 1 0 0
    outer loop
      vertex 40.85 -5.5 0
      vertex 40.85 -4 0
      vertex 40.85 -4 2.4
    endloop
  endfacet
  facet normal 0.9990482215818582 -0.04361938736532486 0
    outer loop
      vertex 40.85 -4 0
      vertex 40.85570795286238 -3.869266385878513 0
      vertex 40.85570795286238 -3.869266385878513 2.4
    endloop
  endfacet
  facet normal 0.9914448613738122 -0.1305261922200383 0
    outer loop
      vertex 40.85570795286238 -3.869266385878513 0
      vertex 40.872788370481686 -3.7395277334996044 0
      vertex 40.872788370481686 -3.7395277334996044 2.4
    endloop
  endfacet
  facet normal 0.976296007119934 -0.21643961393809988 0
    outer loop
      vertex 40.872788370481686 -3.7395277334996044 0
      vertex 40.901111260566395 -3.611771432346219 0
      vertex 40.901111260566395 -3.611771432346219 2.4
    endloop
  endfacet
  facet normal 0.9537169507482245 -0.300705799504281 0
    outer loop
      vertex 40.901111260566395 -3.611771432346219 0
      vertex 40.940461068821136 -3.486969785011497 0
      vertex 40.940461068821136 -3.486969785011497 2.4
    endloop
  endfacet
  facet normal 0.9238795325112914 -0.3826834323650787 0
    outer loop
      vertex 40.940461068821136 -3.486969785011497 0
      vertex 40.99053831944502 -3.3660726073889506 0
      vertex 40.99053831944502 -3.3660726073889506 2.4
    endloop
  endfacet
  facet normal 0.8870108331782086 -0.4617486132350591 0
    outer loop
      vertex 40.99053831944502 -3.3660726073889506 0
      vertex 41.05096189432334 -3.25 0
      vertex 41.05096189432334 -3.25 2.4
    endloop
  endfacet
  facet normal 0.8433914458128938 -0.5372996083468112 0
    outer loop
      vertex 41.05096189432334 -3.25 0
      vertex 41.12127193356651 -3.139635345473431 0
      vertex 41.12127193356651 -3.139635345473431 2.4
    endloop
  endfacet
  facet normal 0.7933533402912428 -0.6087614290087106 0
    outer loop
      vertex 41.12127193356651 -3.139635345473431 0
      vertex 41.20093333532153 -3.0358185854701913 0
      vertex 41.20093333532153 -3.0358185854701913 2.4
    endloop
  endfacet
  facet normal 0.7372773368101133 -0.6755902076156718 0
    outer loop
      vertex 41.20093333532153 -3.0358185854701913 0
      vertex 41.28933982822018 -2.9393398282201786 0
      vertex 41.28933982822018 -2.9393398282201786 2.4
    endloop
  endfacet
  facet normal 0.675590207615664 -0.7372773368101205 0
    outer loop
      vertex 41.28933982822018 -2.9393398282201786 0
      vertex 41.38581858547019 -2.8509333353215327 0
      vertex 41.38581858547019 -2.8509333353215327 2.4
    endloop
  endfacet
  facet normal 0.6087614290087143 -0.79335334029124 0
    outer loop
      vertex 41.38581858547019 -2.8509333353215327 0
      vertex 41.48963534547343 -2.7712719335665126 0
      vertex 41.48963534547343 -2.7712719335665126 2.4
    endloop
  endfacet
  facet normal 0.5372996083468211 -0.8433914458128875 0
    outer loop
      vertex 41.48963534547343 -2.7712719335665126 0
      vertex 41.6 -2.700961894323342 0
      vertex 41.6 -2.700961894323342 2.4
    endloop
  endfacet
  facet normal 0.46174861323503247 -0.8870108331782225 0
    outer loop
      vertex 41.6 -2.700961894323342 0
      vertex 41.71607260738895 -2.6405383194450254 0
      vertex 41.71607260738895 -2.6405383194450254 2.4
    endloop
  endfacet
  facet normal 0.3826834323650927 -0.9238795325112856 0
    outer loop
      vertex 41.71607260738895 -2.6405383194450254 0
      vertex 41.8369697850115 -2.5904610688211376 0
      vertex 41.8369697850115 -2.5904610688211376 2.4
    endloop
  endfacet
  facet normal 0.30070579950427767 -0.9537169507482254 0
    outer loop
      vertex 41.8369697850115 -2.5904610688211376 0
      vertex 41.96177143234622 -2.5511112605663975 0
      vertex 41.96177143234622 -2.5511112605663975 2.4
    endloop
  endfacet
  facet normal 0.21643961393809272 -0.9762960071199357 0
    outer loop
      vertex 41.96177143234622 -2.5511112605663975 0
      vertex 42.08952773349961 -2.5227883704816882 0
      vertex 42.08952773349961 -2.5227883704816882 2.4
    endloop
  endfacet
  facet normal 0.13052619222005896 -0.9914448613738095 0
    outer loop
      vertex 42.08952773349961 -2.5227883704816882 0
      vertex 42.21926638587851 -2.5057079528623816 0
      vertex 42.21926638587851 -2.5057079528623816 2.4
    endloop
  endfacet
  facet normal 0.04361938736533443 -0.9990482215818578 0
    outer loop
      vertex 42.21926638587851 -2.5057079528623816 0
      vertex 42.35 -2.5 0
      vertex 42.35 -2.5 2.4
    endloop
  endfacet
  facet normal 0 -1 0
    outer loop
      vertex 42.35 -2.5 0
      vertex 43.15 -2.5 0
      vertex 43.15 -2.5 2.4
    endloop
  endfacet
  facet normal -0.04361938736533443 -0.9990482215818578 0
    outer loop
      vertex 43.15 -2.5 0
      vertex 43.28073361412149 -2.5057079528623816 0
      vertex 43.28073361412149 -2.5057079528623816 2.4
    endloop
  endfacet
  facet normal -0.793353340291244 0.608761429008709 0
    outer loop
      vertex 44.29906666467847 -6.464181414529809 0
      vertex 44.29906666467847 -6.464181414529809 2.4
      vertex 44.37872806643349 -6.360364654526569 0
    endloop
  endfacet
  facet normal -0.8433914458128928 0.5372996083468128 0
    outer loop
      vertex 44.37872806643349 -6.360364654526569 0
      vertex 44.37872806643349 -6.360364654526569 2.4
      vertex 44.44903810567666 -6.25 0
    endloop
  endfacet
  facet normal -0.8870108331782086 0.4617486132350591 0
    outer loop
      vertex 44.44903810567666 -6.25 0
      vertex 44.44903810567666 -6.25 2.4
      vertex 44.50946168055498 -6.133927392611049 0
    endloop
  endfacet
  facet normal -0.9238795325112914 0.3826834323650787 0
    outer loop
      vertex 44.50946168055498 -6.133927392611049 0
      vertex 44.50946168055498 -6.133927392611049 2.4
      vertex 44.559538931178864 -6.013030214988503 0
    endloop
  endfacet
  facet normal -0.9537169507482242 0.300705799504282 0
    outer loop
      vertex 44.559538931178864 -6.013030214988503 0
      vertex 44.559538931178864 -6.013030214988503 2.4
      vertex 44.598888739433605 -5.8882285676537816 0
    endloop
  endfacet
  facet normal -0.9762960071199344 0.21643961393809846 0
    outer loop
      vertex 44.598888739433605 -5.8882285676537816 0
      vertex 44.598888739433605 -5.8882285676537816 2.4
      vertex 44.627211629518314 -5.760472266500395 0
    endloop
  endfacet
  facet normal -0.9914448613738122 0.13052619222003875 0
    outer loop
      vertex 44.627211629518314 -5.760472266500395 0
      vertex 44.627211629518314 -5.760472266500395 2.4
      vertex 44.64429204713762 -5.630733614121487 0
    endloop
  endfacet
  facet normal -0.9990482215818582 0.04361938736532486 0
    outer loop
      vertex 44.64429204713762 -5.630733614121487 0
      vertex 44.64429204713762 -5.630733614121487 2.4
      vertex 44.65 -5.5 0
    endloop
  endfacet
  facet normal -1 0 0
    outer loop
      vertex 44.65 -5.5 0
      vertex 44.65 -5.5 2.4
      vertex 44.65 -4 0
    endloop
  endfacet
  facet normal -0.9990482215818582 -0.04361938736532486 0
    outer loop
      vertex 44.65 -4 0
      vertex 44.65 -4 2.4
      vertex 44.64429204713762 -3.869266385878513 0
    endloop
  endfacet
  facet normal -0.976296007119934 -0.21643961393809988 0
    outer loop
      vertex 44.627211629518314 -3.7395277334996044 0
      vertex 44.627211629518314 -3.7395277334996044 2.4
      vertex 44.598888739433605 -3.611771432346219 0
    endloop
  endfacet
  facet normal -0.9914448613738122 -0.1305261922200383 0
    outer loop
      vertex 44.64429204713762 -3.869266385878513 0
      vertex 44.64429204713762 -3.869266385878513 2.4
      vertex 44.627211629518314 -3.7395277334996044 0
    endloop
  endfacet
  facet normal -0.9537169507482245 -0.300705799504281 0
    outer loop
      vertex 44.598888739433605 -3.611771432346219 0
      vertex 44.598888739433605 -3.611771432346219 2.4
      vertex 44.559538931178864 -3.486969785011497 0
    endloop
  endfacet
  facet normal -0.9238795325112914 -0.3826834323650787 0
    outer loop
      vertex 44.559538931178864 -3.486969785011497 0
      vertex 44.559538931178864 -3.486969785011497 2.4
      vertex 44.50946168055498 -3.3660726073889506 0
    endloop
  endfacet
  facet normal -0.21643961393809272 -0.9762960071199357 0
    outer loop
      vertex 43.41047226650039 -2.5227883704816882 0
      vertex 43.53822856765378 -2.5511112605663975 0
      vertex 43.53822856765378 -2.5511112605663975 2.4
    endloop
  endfacet
  facet normal -0.13052619222005896 -0.9914448613738095 0
    outer loop
      vertex 43.28073361412149 -2.5057079528623816 0
      vertex 43.41047226650039 -2.5227883704816882 0
      vertex 43.41047226650039 -2.5227883704816882 2.4
    endloop
  endfacet
  facet normal -0.30070579950427767 -0.9537169507482254 0
    outer loop
      vertex 43.53822856765378 -2.5511112605663975 0
      vertex 43.6630302149885 -2.5904610688211376 0
      vertex 43.6630302149885 -2.5904610688211376 2.4
    endloop
  endfacet
  facet normal -0.46174861323503247 -0.8870108331782225 0
    outer loop
      vertex 43.9 -2.700961894323342 0
      vertex 43.9 -2.700961894323342 2.4
      vertex 43.78392739261105 -2.6405383194450254 0
    endloop
  endfacet
  facet normal -0.6087614290087143 -0.79335334029124 0
    outer loop
      vertex 44.01036465452657 -2.7712719335665126 0
      vertex 44.11418141452981 -2.8509333353215327 0
      vertex 44.11418141452981 -2.8509333353215327 2.4
    endloop
  endfacet
  facet normal -0.5372996083468211 -0.8433914458128875 0
    outer loop
      vertex 43.9 -2.700961894323342 0
      vertex 44.01036465452657 -2.7712719335665126 0
      vertex 44.01036465452657 -2.7712719335665126 2.4
    endloop
  endfacet
  facet normal -0.3826834323650927 -0.9238795325112856 0
    outer loop
      vertex 43.6630302149885 -2.5904610688211376 0
      vertex 43.78392739261105 -2.6405383194450254 0
      vertex 43.78392739261105 -2.6405383194450254 2.4
    endloop
  endfacet
  facet normal -0.8433914458128938 -0.5372996083468112 0
    outer loop
      vertex 44.37872806643349 -3.139635345473431 0
      vertex 44.44903810567666 -3.25 0
      vertex 44.44903810567666 -3.25 2.4
    endloop
  endfacet
  facet normal -0.675590207615664 -0.7372773368101205 0
    outer loop
      vertex 44.21066017177982 -2.9393398282201786 0
      vertex 44.21066017177982 -2.9393398282201786 2.4
      vertex 44.11418141452981 -2.8509333353215327 0
    endloop
  endfacet
  facet normal -0.7933533402912428 -0.6087614290087106 0
    outer loop
      vertex 44.29906666467847 -3.0358185854701913 0
      vertex 44.37872806643349 -3.139635345473431 0
      vertex 44.37872806643349 -3.139635345473431 2.4
    endloop
  endfacet
  facet normal -0.7372773368101133 -0.6755902076156718 0
    outer loop
      vertex 44.21066017177982 -2.9393398282201786 0
      vertex 44.29906666467847 -3.0358185854701913 0
      vertex 44.29906666467847 -3.0358185854701913 2.4
    endloop
  endfacet
  facet normal -0.8870108331782086 -0.4617486132350591 0
    outer loop
      vertex 44.50946168055498 -3.3660726073889506 0
      vertex 44.50946168055498 -3.3660726073889506 2.4
      vertex 44.44903810567666 -3.25 0
    endloop
  endfacet
  facet normal 0.6087614290087143 0.79335334029124 0
    outer loop
      vertex 41.48963534547343 -6.728728066433487 0
      vertex 41.38581858547019 -6.649066664678467 2.4
      vertex 41.48963534547343 -6.728728066433487 2.4
    endloop
  endfacet
  facet normal 0.6755902076156658 0.7372773368101189 0
    outer loop
      vertex 41.38581858547019 -6.649066664678467 0
      vertex 41.28933982822018 -6.560660171779821 2.4
      vertex 41.38581858547019 -6.649066664678467 2.4
    endloop
  endfacet
  facet normal 0.7372773368101119 0.6755902076156737 0
    outer loop
      vertex 41.28933982822018 -6.560660171779821 0
      vertex 41.20093333532153 -6.464181414529809 2.4
      vertex 41.28933982822018 -6.560660171779821 2.4
    endloop
  endfacet
  facet normal 0.46174861323503247 0.8870108331782225 0
    outer loop
      vertex 41.71607260738895 -6.859461680554975 0
      vertex 41.6 -6.799038105676658 2.4
      vertex 41.71607260738895 -6.859461680554975 2.4
    endloop
  endfacet
  facet normal 0.5372996083468211 0.8433914458128875 0
    outer loop
      vertex 41.6 -6.799038105676658 0
      vertex 41.48963534547343 -6.728728066433487 2.4
      vertex 41.6 -6.799038105676658 2.4
    endloop
  endfacet
  facet normal 0.3826834323650927 0.9238795325112856 0
    outer loop
      vertex 41.8369697850115 -6.909538931178862 0
      vertex 41.71607260738895 -6.859461680554975 2.4
      vertex 41.8369697850115 -6.909538931178862 2.4
    endloop
  endfacet
  facet normal 0.21643961393809272 0.9762960071199357 0
    outer loop
      vertex 42.08952773349961 -6.977211629518312 0
      vertex 41.96177143234622 -6.9488887394336025 2.4
      vertex 42.08952773349961 -6.977211629518312 2.4
    endloop
  endfacet
  facet normal 0.13052619222005563 0.9914448613738098 0
    outer loop
      vertex 42.21926638587851 -6.994292047137618 0
      vertex 42.08952773349961 -6.977211629518312 2.4
      vertex 42.21926638587851 -6.994292047137618 2.4
    endloop
  endfacet
  facet normal 0.04361938736533782 0.9990482215818576 0
    outer loop
      vertex 42.35 -7 0
      vertex 42.21926638587851 -6.994292047137618 2.4
      vertex 42.35 -7 2.4
    endloop
  endfacet
  facet normal 0.30070579950427767 0.9537169507482254 0
    outer loop
      vertex 41.96177143234622 -6.9488887394336025 0
      vertex 41.8369697850115 -6.909538931178862 2.4
      vertex 41.96177143234622 -6.9488887394336025 2.4
    endloop
  endfacet
  facet normal 0 1 0
    outer loop
      vertex 43.15 -7 0
      vertex 42.35 -7 2.4
      vertex 43.15 -7 2.4
    endloop
  endfacet
  facet normal -0.04361938736533782 0.9990482215818576 0
    outer loop
      vertex 43.28073361412149 -6.994292047137618 0
      vertex 43.15 -7 2.4
      vertex 43.28073361412149 -6.994292047137618 2.4
    endloop
  endfacet
  facet normal -0.13052619222005563 0.9914448613738098 0
    outer loop
      vertex 43.41047226650039 -6.977211629518312 0
      vertex 43.28073361412149 -6.994292047137618 2.4
      vertex 43.41047226650039 -6.977211629518312 2.4
    endloop
  endfacet
  facet normal -0.21643961393809272 0.9762960071199357 0
    outer loop
      vertex 43.53822856765378 -6.9488887394336025 0
      vertex 43.41047226650039 -6.977211629518312 2.4
      vertex 43.53822856765378 -6.9488887394336025 2.4
    endloop
  endfacet
  facet normal -0.30070579950427767 0.9537169507482254 0
    outer loop
      vertex 43.6630302149885 -6.909538931178862 0
      vertex 43.53822856765378 -6.9488887394336025 2.4
      vertex 43.6630302149885 -6.909538931178862 2.4
    endloop
  endfacet
  facet normal -0.3826834323650927 0.9238795325112856 0
    outer loop
      vertex 43.78392739261105 -6.859461680554975 0
      vertex 43.6630302149885 -6.909538931178862 2.4
      vertex 43.78392739261105 -6.859461680554975 2.4
    endloop
  endfacet
  facet normal -0.46174861323503247 0.8870108331782225 0
    outer loop
      vertex 43.9 -6.799038105676658 0
      vertex 43.78392739261105 -6.859461680554975 2.4
      vertex 43.9 -6.799038105676658 2.4
    endloop
  endfacet
  facet normal -0.5372996083468211 0.8433914458128875 0
    outer loop
      vertex 44.01036465452657 -6.728728066433487 0
      vertex 43.9 -6.799038105676658 2.4
      vertex 44.01036465452657 -6.728728066433487 2.4
    endloop
  endfacet
  facet normal -0.6087614290087143 0.79335334029124 0
    outer loop
      vertex 44.11418141452981 -6.649066664678467 0
      vertex 44.01036465452657 -6.728728066433487 2.4
      vertex 44.11418141452981 -6.649066664678467 2.4
    endloop
  endfacet
  facet normal -0.6755902076156658 0.7372773368101189 0
    outer loop
      vertex 44.21066017177982 -6.560660171779821 0
      vertex 44.11418141452981 -6.649066664678467 2.4
      vertex 44.21066017177982 -6.560660171779821 2.4
    endloop
  endfacet
  facet normal -0.7372773368101119 0.6755902076156737 0
    outer loop
      vertex 44.29906666467847 -6.464181414529809 0
      vertex 44.21066017177982 -6.560660171779821 2.4
      vertex 44.29906666467847 -6.464181414529809 2.4
    endloop
  endfacet
  facet normal 0.8433914458128928 0.5372996083468128 0
    outer loop
      vertex 41.12127193356651 -6.360364654526569 0
      vertex 41.05096189432334 -6.25 2.4
      vertex 41.12127193356651 -6.360364654526569 2.4
    endloop
  endfacet
  facet normal 0.793353340291244 0.608761429008709 0
    outer loop
      vertex 41.20093333532153 -6.464181414529809 0
      vertex 41.12127193356651 -6.360364654526569 2.4
      vertex 41.20093333532153 -6.464181414529809 2.4
    endloop
  endfacet
  facet normal 0.8870108331782086 0.4617486132350591 0
    outer loop
      vertex 41.05096189432334 -6.25 0
      vertex 40.99053831944502 -6.133927392611049 2.4
      vertex 41.05096189432334 -6.25 2.4
    endloop
  endfacet
  facet normal 0.9238795325112914 0.3826834323650787 0
    outer loop
      vertex 40.99053831944502 -6.133927392611049 0
      vertex 40.940461068821136 -6.013030214988503 2.4
      vertex 40.99053831944502 -6.133927392611049 2.4
    endloop
  endfacet
  facet normal 0.9537169507482242 0.300705799504282 0
    outer loop
      vertex 40.940461068821136 -6.013030214988503 0
      vertex 40.901111260566395 -5.8882285676537816 2.4
      vertex 40.940461068821136 -6.013030214988503 2.4
    endloop
  endfacet
  facet normal 0.9762960071199344 0.21643961393809846 0
    outer loop
      vertex 40.901111260566395 -5.8882285676537816 0
      vertex 40.872788370481686 -5.760472266500395 2.4
      vertex 40.901111260566395 -5.8882285676537816 2.4
    endloop
  endfacet
  facet normal 0.9914448613738122 0.13052619222003875 0
    outer loop
      vertex 40.872788370481686 -5.760472266500395 0
      vertex 40.85570795286238 -5.630733614121487 2.4
      vertex 40.872788370481686 -5.760472266500395 2.4
    endloop
  endfacet
  facet normal 0.9990482215818582 0.04361938736532486 0
    outer loop
      vertex 40.85570795286238 -5.630733614121487 0
      vertex 40.85 -5.5 2.4
      vertex 40.85570795286238 -5.630733614121487 2.4
    endloop
  endfacet
  facet normal 1 0 0
    outer loop
      vertex 40.85 -5.5 0
      vertex 40.85 -4 2.4
      vertex 40.85 -5.5 2.4
    endloop
  endfacet
  facet normal 0.9990482215818582 -0.04361938736532486 0
    outer loop
      vertex 40.85 -4 0
      vertex 40.85570795286238 -3.869266385878513 2.4
      vertex 40.85 -4 2.4
    endloop
  endfacet
  facet normal 0.9914448613738122 -0.1305261922200383 0
    outer loop
      vertex 40.85570795286238 -3.869266385878513 0
      vertex 40.872788370481686 -3.7395277334996044 2.4
      vertex 40.85570795286238 -3.869266385878513 2.4
    endloop
  endfacet
  facet normal 0.976296007119934 -0.21643961393809988 0
    outer loop
      vertex 40.872788370481686 -3.7395277334996044 0
      vertex 40.901111260566395 -3.611771432346219 2.4
      vertex 40.872788370481686 -3.7395277334996044 2.4
    endloop
  endfacet
  facet normal 0.9537169507482245 -0.300705799504281 0
    outer loop
      vertex 40.901111260566395 -3.611771432346219 0
      vertex 40.940461068821136 -3.486969785011497 2.4
      vertex 40.901111260566395 -3.611771432346219 2.4
    endloop
  endfacet
  facet normal 0.9238795325112914 -0.3826834323650787 0
    outer loop
      vertex 40.940461068821136 -3.486969785011497 0
      vertex 40.99053831944502 -3.3660726073889506 2.4
      vertex 40.940461068821136 -3.486969785011497 2.4
    endloop
  endfacet
  facet normal 0.8870108331782086 -0.4617486132350591 0
    outer loop
      vertex 40.99053831944502 -3.3660726073889506 0
      vertex 41.05096189432334 -3.25 2.4
      vertex 40.99053831944502 -3.3660726073889506 2.4
    endloop
  endfacet
  facet normal 0.8433914458128938 -0.5372996083468112 0
    outer loop
      vertex 41.05096189432334 -3.25 0
      vertex 41.12127193356651 -3.139635345473431 2.4
      vertex 41.05096189432334 -3.25 2.4
    endloop
  endfacet
  facet normal 0.7933533402912428 -0.6087614290087106 0
    outer loop
      vertex 41.12127193356651 -3.139635345473431 0
      vertex 41.20093333532153 -3.0358185854701913 2.4
      vertex 41.12127193356651 -3.139635345473431 2.4
    endloop
  endfacet
  facet normal 0.7372773368101133 -0.6755902076156718 0
    outer loop
      vertex 41.20093333532153 -3.0358185854701913 0
      vertex 41.28933982822018 -2.9393398282201786 2.4
      vertex 41.20093333532153 -3.0358185854701913 2.4
    endloop
  endfacet
  facet normal 0.675590207615664 -0.7372773368101205 0
    outer loop
      vertex 41.28933982822018 -2.9393398282201786 0
      vertex 41.38581858547019 -2.8509333353215327 2.4
      vertex 41.28933982822018 -2.9393398282201786 2.4
    endloop
  endfacet
  facet normal 0.6087614290087143 -0.79335334029124 0
    outer loop
      vertex 41.38581858547019 -2.8509333353215327 0
      vertex 41.48963534547343 -2.7712719335665126 2.4
      vertex 41.38581858547019 -2.8509333353215327 2.4
    endloop
  endfacet
  facet normal 0.5372996083468211 -0.8433914458128875 0
    outer loop
      vertex 41.48963534547343 -2.7712719335665126 0
      vertex 41.6 -2.700961894323342 2.4
      vertex 41.48963534547343 -2.7712719335665126 2.4
    endloop
  endfacet
  facet normal 0.46174861323503247 -0.8870108331782225 0
    outer loop
      vertex 41.6 -2.700961894323342 0
      vertex 41.71607260738895 -2.6405383194450254 2.4
      vertex 41.6 -2.700961894323342 2.4
    endloop
  endfacet
  facet normal 0.3826834323650927 -0.9238795325112856 0
    outer loop
      vertex 41.71607260738895 -2.6405383194450254 0
      vertex 41.8369697850115 -2.5904610688211376 2.4
      vertex 41.71607260738895 -2.6405383194450254 2.4
    endloop
  endfacet
  facet normal 0.30070579950427767 -0.9537169507482254 0
    outer loop
      vertex 41.8369697850115 -2.5904610688211376 0
      vertex 41.96177143234622 -2.5511112605663975 2.4
      vertex 41.8369697850115 -2.5904610688211376 2.4
    endloop
  endfacet
  facet normal 0.21643961393809272 -0.9762960071199357 0
    outer loop
      vertex 41.96177143234622 -2.5511112605663975 0
      vertex 42.08952773349961 -2.5227883704816882 2.4
      vertex 41.96177143234622 -2.5511112605663975 2.4
    endloop
  endfacet
  facet normal 0.13052619222005896 -0.9914448613738095 0
    outer loop
      vertex 42.08952773349961 -2.5227883704816882 0
      vertex 42.21926638587851 -2.5057079528623816 2.4
      vertex 42.08952773349961 -2.5227883704816882 2.4
    endloop
  endfacet
  facet normal 0.04361938736533443 -0.9990482215818578 0
    outer loop
      vertex 42.21926638587851 -2.5057079528623816 0
      vertex 42.35 -2.5 2.4
      vertex 42.21926638587851 -2.5057079528623816 2.4
    endloop
  endfacet
  facet normal 0 -1 0
    outer loop
      vertex 42.35 -2.5 0
      vertex 43.15 -2.5 2.4
      vertex 42.35 -2.5 2.4
    endloop
  endfacet
  facet normal -0.04361938736533443 -0.9990482215818578 0
    outer loop
      vertex 43.15 -2.5 0
      vertex 43.28073361412149 -2.5057079528623816 2.4
      vertex 43.15 -2.5 2.4
    endloop
  endfacet
  facet normal -0.13052619222005896 -0.9914448613738095 0
    outer loop
      vertex 43.28073361412149 -2.5057079528623816 0
      vertex 43.41047226650039 -2.5227883704816882 2.4
      vertex 43.28073361412149 -2.5057079528623816 2.4
    endloop
  endfacet
  facet normal -0.793353340291244 0.608761429008709 0
    outer loop
      vertex 44.37872806643349 -6.360364654526569 0
      vertex 44.29906666467847 -6.464181414529809 2.4
      vertex 44.37872806643349 -6.360364654526569 2.4
    endloop
  endfacet
  facet normal -0.8433914458128928 0.5372996083468128 0
    outer loop
      vertex 44.44903810567666 -6.25 0
      vertex 44.37872806643349 -6.360364654526569 2.4
      vertex 44.44903810567666 -6.25 2.4
    endloop
  endfacet
  facet normal -0.8870108331782086 0.4617486132350591 0
    outer loop
      vertex 44.50946168055498 -6.133927392611049 0
      vertex 44.44903810567666 -6.25 2.4
      vertex 44.50946168055498 -6.133927392611049 2.4
    endloop
  endfacet
  facet normal -0.9238795325112914 0.3826834323650787 0
    outer loop
      vertex 44.559538931178864 -6.013030214988503 0
      vertex 44.50946168055498 -6.133927392611049 2.4
      vertex 44.559538931178864 -6.013030214988503 2.4
    endloop
  endfacet
  facet normal -0.9537169507482242 0.300705799504282 0
    outer loop
      vertex 44.598888739433605 -5.8882285676537816 0
      vertex 44.559538931178864 -6.013030214988503 2.4
      vertex 44.598888739433605 -5.8882285676537816 2.4
    endloop
  endfacet
  facet normal -0.9762960071199344 0.21643961393809846 0
    outer loop
      vertex 44.627211629518314 -5.760472266500395 0
      vertex 44.598888739433605 -5.8882285676537816 2.4
      vertex 44.627211629518314 -5.760472266500395 2.4
    endloop
  endfacet
  facet normal -0.9914448613738122 0.13052619222003875 0
    outer loop
      vertex 44.64429204713762 -5.630733614121487 0
      vertex 44.627211629518314 -5.760472266500395 2.4
      vertex 44.64429204713762 -5.630733614121487 2.4
    endloop
  endfacet
  facet normal -0.9990482215818582 0.04361938736532486 0
    outer loop
      vertex 44.65 -5.5 0
      vertex 44.64429204713762 -5.630733614121487 2.4
      vertex 44.65 -5.5 2.4
    endloop
  endfacet
  facet normal -1 0 0
    outer loop
      vertex 44.65 -4 0
      vertex 44.65 -5.5 2.4
      vertex 44.65 -4 2.4
    endloop
  endfacet
  facet normal -0.9990482215818582 -0.04361938736532486 0
    outer loop
      vertex 44.64429204713762 -3.869266385878513 0
      vertex 44.65 -4 2.4
      vertex 44.64429204713762 -3.869266385878513 2.4
    endloop
  endfacet
  facet normal -0.9914448613738122 -0.1305261922200383 0
    outer loop
      vertex 44.627211629518314 -3.7395277334996044 0
      vertex 44.64429204713762 -3.869266385878513 2.4
      vertex 44.627211629518314 -3.7395277334996044 2.4
    endloop
  endfacet
  facet normal -0.976296007119934 -0.21643961393809988 0
    outer loop
      vertex 44.598888739433605 -3.611771432346219 0
      vertex 44.627211629518314 -3.7395277334996044 2.4
      vertex 44.598888739433605 -3.611771432346219 2.4
    endloop
  endfacet
  facet normal -0.9537169507482245 -0.300705799504281 0
    outer loop
      vertex 44.559538931178864 -3.486969785011497 0
      vertex 44.598888739433605 -3.611771432346219 2.4
      vertex 44.559538931178864 -3.486969785011497 2.4
    endloop
  endfacet
  facet normal -0.21643961393809272 -0.9762960071199357 0
    outer loop
      vertex 43.41047226650039 -2.5227883704816882 0
      vertex 43.53822856765378 -2.5511112605663975 2.4
      vertex 43.41047226650039 -2.5227883704816882 2.4
    endloop
  endfacet
  facet normal -0.30070579950427767 -0.9537169507482254 0
    outer loop
      vertex 43.53822856765378 -2.5511112605663975 0
      vertex 43.6630302149885 -2.5904610688211376 2.4
      vertex 43.53822856765378 -2.5511112605663975 2.4
    endloop
  endfacet
  facet normal -0.3826834323650927 -0.9238795325112856 0
    outer loop
      vertex 43.6630302149885 -2.5904610688211376 0
      vertex 43.78392739261105 -2.6405383194450254 2.4
      vertex 43.6630302149885 -2.5904610688211376 2.4
    endloop
  endfacet
  facet normal -0.46174861323503247 -0.8870108331782225 0
    outer loop
      vertex 43.78392739261105 -2.6405383194450254 0
      vertex 43.9 -2.700961894323342 2.4
      vertex 43.78392739261105 -2.6405383194450254 2.4
    endloop
  endfacet
  facet normal -0.6087614290087143 -0.79335334029124 0
    outer loop
      vertex 44.01036465452657 -2.7712719335665126 0
      vertex 44.11418141452981 -2.8509333353215327 2.4
      vertex 44.01036465452657 -2.7712719335665126 2.4
    endloop
  endfacet
  facet normal -0.5372996083468211 -0.8433914458128875 0
    outer loop
      vertex 43.9 -2.700961894323342 0
      vertex 44.01036465452657 -2.7712719335665126 2.4
      vertex 43.9 -2.700961894323342 2.4
    endloop
  endfacet
  facet normal -0.8433914458128938 -0.5372996083468112 0
    outer loop
      vertex 44.37872806643349 -3.139635345473431 0
      vertex 44.44903810567666 -3.25 2.4
      vertex 44.37872806643349 -3.139635345473431 2.4
    endloop
  endfacet
  facet normal -0.7372773368101133 -0.6755902076156718 0
    outer loop
      vertex 44.21066017177982 -2.9393398282201786 0
      vertex 44.29906666467847 -3.0358185854701913 2.4
      vertex 44.21066017177982 -2.9393398282201786 2.4
    endloop
  endfacet
  facet normal -0.7933533402912428 -0.6087614290087106 0
    outer loop
      vertex 44.29906666467847 -3.0358185854701913 0
      vertex 44.37872806643349 -3.139635345473431 2.4
      vertex 44.29906666467847 -3.0358185854701913 2.4
    endloop
  endfacet
  facet normal -0.9238795325112914 -0.3826834323650787 0
    outer loop
      vertex 44.50946168055498 -3.3660726073889506 0
      vertex 44.559538931178864 -3.486969785011497 2.4
      vertex 44.50946168055498 -3.3660726073889506 2.4
    endloop
  endfacet
  facet normal -0.8870108331782086 -0.4617486132350591 0
    outer loop
      vertex 44.44903810567666 -3.25 0
      vertex 44.50946168055498 -3.3660726073889506 2.4
      vertex 44.44903810567666 -3.25 2.4
    endloop
  endfacet
  facet normal -0.675590207615664 -0.7372773368101205 0
    outer loop
      vertex 44.11418141452981 -2.8509333353215327 0
      vertex 44.21066017177982 -2.9393398282201786 2.4
      vertex 44.11418141452981 -2.8509333353215327 2.4
    endloop
  endfacet
  facet normal 0.21643958749388756 0.9762960129824744 0
    outer loop
      vertex -23.192112758755684 0.13714085221290584 0
      vertex -23.192112758755684 0.13714085221290584 4.0371408522129055
      vertex -23.099276512861252 0.11655955463647838 0
    endloop
  endfacet
  facet normal 0.38268337741387726 0.9238795552728224 0
    outer loop
      vertex -23.37065390497446 0.202124510705471 0
      vertex -23.37065390497446 0.202124510705471 4.102124510705471
      vertex -23.28280195593834 0.16573504805564876 0
    endloop
  endfacet
  facet normal 0.3007058167855415 0.9537169452994637 0
    outer loop
      vertex -23.192112758755684 0.13714085221290584 0
      vertex -23.28280195593834 0.16573504805564876 0
      vertex -23.28280195593834 0.16573504805564876 4.0657350480556484
    endloop
  endfacet
  facet normal 0.4617486284969665 0.8870108252333624 0
    outer loop
      vertex -23.45499999821186 0.24603230953216548 0
      vertex -23.45499999821186 0.24603230953216548 4.146032309532165
      vertex -23.37065390497446 0.202124510705471 0
    endloop
  endfacet
  facet normal 0.5372996314876702 0.8433914310705403 0
    outer loop
      vertex -23.53519830852747 0.297124271094799 0
      vertex -23.53519830852747 0.297124271094799 4.197124271094799
      vertex -23.45499999821186 0.24603230953216548 0
    endloop
  endfacet
  facet normal 0.6087614113855668 0.7933533538139562 0
    outer loop
      vertex -23.610638491809368 0.3550115570425987 0
      vertex -23.610638491809368 0.3550115570425987 4.255011557042598
      vertex -23.53519830852747 0.297124271094799 0
    endloop
  endfacet
  facet normal 0.6755901853079284 0.7372773572513935 0
    outer loop
      vertex -23.610638491809368 0.3550115570425987 0
      vertex -23.680746391415596 0.41925360709428783 0
      vertex -23.680746391415596 0.41925360709428783 4.3192536070942875
    endloop
  endfacet
  facet normal 0.7372773572513935 0.6755901853079282 0
    outer loop
      vertex -23.680746391415596 0.41925360709428783 0
      vertex -23.744988441467285 0.4893615067005157 0
      vertex -23.744988441467285 0.4893615067005157 4.389361506700515
    endloop
  endfacet
  facet normal 0.7933533538139563 0.6087614113855669 0
    outer loop
      vertex -23.744988441467285 0.4893615067005157 0
      vertex -23.802875727415085 0.5648016899824142 0
      vertex -23.802875727415085 0.5648016899824142 4.464801689982414
    endloop
  endfacet
  facet normal 0.8433914310705402 0.5372996314876701 0
    outer loop
      vertex -23.85396768897772 0.6450000002980232 0
      vertex -23.85396768897772 0.6450000002980232 4.545000000298023
      vertex -23.802875727415085 0.5648016899824142 0
    endloop
  endfacet
  facet normal 0.8870108252333624 0.4617486284969665 0
    outer loop
      vertex -23.85396768897772 0.6450000002980232 0
      vertex -23.897875487804413 0.7293460935354232 0
      vertex -23.897875487804413 0.7293460935354232 4.629346093535423
    endloop
  endfacet
  facet normal 0.9238795552728224 0.38268337741387726 0
    outer loop
      vertex -23.897875487804413 0.7293460935354232 0
      vertex -23.934264950454235 0.8171980425715446 0
      vertex -23.934264950454235 0.8171980425715446 4.717198042571544
    endloop
  endfacet
  facet normal 0.9537169452994638 0.3007058167855415 0
    outer loop
      vertex -23.934264950454235 0.8171980425715446 0
      vertex -23.962859146296978 0.9078872397541999 0
      vertex -23.962859146296978 0.9078872397541999 4.8078872397542
    endloop
  endfacet
  facet normal 0.9762960129824744 0.2164395874938876 0
    outer loop
      vertex -23.962859146296978 0.9078872397541999 0
      vertex -23.983440443873405 1.000723485648632 0
      vertex -23.983440443873405 1.000723485648632 4.900723485648632
    endloop
  endfacet
  facet normal 0.9914448575542462 0.1305262212325198 0
    outer loop
      vertex -23.983440443873405 1.000723485648632 0
      vertex -23.99585221707821 1.0950002416968345 0
      vertex -23.99585221707821 1.0950002416968345 4.995000241696834
    endloop
  endfacet
  facet normal 0.9990482198371382 0.04361942732596371 0
    outer loop
      vertex -23.99585221707821 1.0950002416968345 0
      vertex -24 1.1900000020861625 0
      vertex -24 1.1900000020861625 5.090000002086162
    endloop
  endfacet
  facet normal 1 0 0
    outer loop
      vertex -24 1.1900000020861625 0
      vertex -24 1.2099999979138374 0
      vertex -24 1.2099999979138374 5.109999997913837
    endloop
  endfacet
  facet normal 0.9990482198371383 -0.04361942732596371 0
    outer loop
      vertex -24 1.2099999979138374 0
      vertex -23.99585221707821 1.3049997583031654 0
      vertex -23.99585221707821 1.3049997583031654 5.204999758303165
    endloop
  endfacet
  facet normal 0.991444857554246 -0.1305262212325198 0
    outer loop
      vertex -23.99585221707821 1.3049997583031654 0
      vertex -23.983440443873405 1.399276514351368 0
      vertex -23.983440443873405 1.399276514351368 5.299276514351368
    endloop
  endfacet
  facet normal 0.9762960129824744 -0.21643958749388756 0
    outer loop
      vertex -23.983440443873405 1.399276514351368 0
      vertex -23.962859146296978 1.4921127602458 0
      vertex -23.962859146296978 1.4921127602458 5.3921127602458
    endloop
  endfacet
  facet normal 0.9537169452994637 -0.30070581678554154 0
    outer loop
      vertex -23.962859146296978 1.4921127602458 0
      vertex -23.934264950454235 1.5828019574284553 0
      vertex -23.934264950454235 1.5828019574284553 5.4
    endloop
  endfacet
  facet normal 0.9238795552728224 -0.3826833774138773 0
    outer loop
      vertex -23.934264950454235 1.5828019574284553 0
      vertex -23.897875487804413 1.6706539064645767 0
      vertex -23.897875487804413 1.6706539064645767 5.4
    endloop
  endfacet
  facet normal 0.8870108252333624 -0.4617486284969665 0
    outer loop
      vertex -23.897875487804413 1.6706539064645767 0
      vertex -23.85396768897772 1.7549999997019767 0
      vertex -23.85396768897772 1.7549999997019767 5.4
    endloop
  endfacet
  facet normal 0.8433914310705403 -0.5372996314876701 0
    outer loop
      vertex -23.85396768897772 1.7549999997019767 0
      vertex -23.802875727415085 1.8351983100175857 0
      vertex -23.802875727415085 1.8351983100175857 5.4
    endloop
  endfacet
  facet normal 0.7933533538139563 -0.6087614113855669 0
    outer loop
      vertex -23.802875727415085 1.8351983100175857 0
      vertex -23.744988441467285 1.9106384932994842 0
      vertex -23.744988441467285 1.9106384932994842 5.4
    endloop
  endfacet
  facet normal 0.7372773572513935 -0.6755901853079284 0
    outer loop
      vertex -23.744988441467285 1.9106384932994842 0
      vertex -23.680746391415596 1.980746392905712 0
      vertex -23.680746391415596 1.980746392905712 5.4
    endloop
  endfacet
  facet normal 0.6755901853079296 -0.7372773572513924 0
    outer loop
      vertex -23.680746391415596 1.980746392905712 0
      vertex -23.610638491809368 2.0449884429574015 0
      vertex -23.610638491809368 2.0449884429574015 5.4
    endloop
  endfacet
  facet normal 0.6087614113855669 -0.7933533538139563 0
    outer loop
      vertex -23.610638491809368 2.0449884429574015 0
      vertex -23.53519830852747 2.102875728905201 0
      vertex -23.53519830852747 2.102875728905201 5.4
    endloop
  endfacet
  facet normal 0.5372996314876701 -0.8433914310705403 0
    outer loop
      vertex -23.53519830852747 2.102875728905201 0
      vertex -23.45499999821186 2.1539676904678347 0
      vertex -23.45499999821186 2.1539676904678347 5.4
    endloop
  endfacet
  facet normal 0.4617486284969665 -0.8870108252333624 0
    outer loop
      vertex -23.45499999821186 2.1539676904678347 0
      vertex -23.37065390497446 2.197875489294529 0
      vertex -23.37065390497446 2.197875489294529 5.4
    endloop
  endfacet
  facet normal 0.3826833774138773 -0.9238795552728224 0
    outer loop
      vertex -23.37065390497446 2.197875489294529 0
      vertex -23.28280195593834 2.2342649519443514 0
      vertex -23.28280195593834 2.2342649519443514 5.4
    endloop
  endfacet
  facet normal 0.30070581678554154 -0.9537169452994637 0
    outer loop
      vertex -23.28280195593834 2.2342649519443514 0
      vertex -23.192112758755684 2.2628591477870943 0
      vertex -23.192112758755684 2.2628591477870943 5.4
    endloop
  endfacet
  facet normal 0.21643958749388761 -0.9762960129824744 0
    outer loop
      vertex -23.192112758755684 2.2628591477870943 0
      vertex -23.099276512861252 2.2834404453635218 0
      vertex -23.099276512861252 2.2834404453635218 5.4
    endloop
  endfacet
  facet normal 0.21643958749388756 0.9762960129824744 0
    outer loop
      vertex -23.099276512861252 0.11655955463647838 0
      vertex -23.192112758755684 0.13714085221290584 4.0371408522129055
      vertex -23.099276512861252 0.11655955463647838 4.016559554636478
    endloop
  endfacet
  facet normal 0.1305262212325198 0.991444857554246 0
    outer loop
      vertex -23.099276512861252 0.11655955463647838 0
      vertex -23.099276512861252 0.11655955463647838 4.016559554636478
      vertex -23.00499975681305 0.10414778143167491 0
    endloop
  endfacet
  facet normal 0.04361942732596371 0.9990482198371383 0
    outer loop
      vertex -23.00499975681305 0.10414778143167491 0
      vertex -23.00499975681305 0.10414778143167491 4.004147781431675
      vertex -22.90999999642372 0.09999999850988384 0
    endloop
  endfacet
  facet normal 0 1 0
    outer loop
      vertex -22.90999999642372 0.09999999850988384 0
      vertex -22.90999999642372 0.09999999850988384 3.9999999985098835
      vertex -17.09000000357628 0.09999999850988384 0
    endloop
  endfacet
  facet normal -0.04361942732596372 0.9990482198371383 0
    outer loop
      vertex -17.09000000357628 0.09999999850988384 0
      vertex -17.09000000357628 0.09999999850988384 3.999999998509884
      vertex -16.99500024318695 0.10414778143167491 0
    endloop
  endfacet
  facet normal -0.1305262212325198 0.991444857554246 0
    outer loop
      vertex -16.99500024318695 0.10414778143167491 0
      vertex -16.99500024318695 0.10414778143167491 4.004147781431675
      vertex -16.900723487138748 0.11655955463647838 0
    endloop
  endfacet
  facet normal -0.2164395874938876 0.9762960129824744 0
    outer loop
      vertex -16.900723487138748 0.11655955463647838 0
      vertex -16.900723487138748 0.11655955463647838 4.016559554636479
      vertex -16.807887241244316 0.13714085221290584 0
    endloop
  endfacet
  facet normal -0.30070581678554154 0.9537169452994637 0
    outer loop
      vertex -16.807887241244316 0.13714085221290584 0
      vertex -16.807887241244316 0.13714085221290584 4.0371408522129055
      vertex -16.71719804406166 0.16573504805564876 0
    endloop
  endfacet
  facet normal 0.13052622123251978 -0.991444857554246 0
    outer loop
      vertex -23.099276512861252 2.2834404453635218 0
      vertex -23.00499975681305 2.295852218568325 0
      vertex -23.00499975681305 2.295852218568325 5.4
    endloop
  endfacet
  facet normal 0.04361942732596372 -0.9990482198371383 0
    outer loop
      vertex -23.00499975681305 2.295852218568325 0
      vertex -22.90999999642372 2.3000000014901163 0
      vertex -22.90999999642372 2.3000000014901163 5.4
    endloop
  endfacet
  facet normal 0 -1 0
    outer loop
      vertex -22.90999999642372 2.3000000014901163 0
      vertex -17.09000000357628 2.3000000014901163 0
      vertex -17.09000000357628 2.3000000014901163 5.4
    endloop
  endfacet
  facet normal -0.3826833774138772 0.9238795552728223 0
    outer loop
      vertex -16.71719804406166 0.16573504805564876 0
      vertex -16.71719804406166 0.16573504805564876 4.0657350480556484
      vertex -16.62934609502554 0.202124510705471 0
    endloop
  endfacet
  facet normal -0.46174862849696646 0.8870108252333623 0
    outer loop
      vertex -16.62934609502554 0.202124510705471 0
      vertex -16.62934609502554 0.202124510705471 4.102124510705471
      vertex -16.54500000178814 0.24603230953216548 0
    endloop
  endfacet
  facet normal -0.5372996314876701 0.8433914310705403 0
    outer loop
      vertex -16.54500000178814 0.24603230953216548 0
      vertex -16.54500000178814 0.24603230953216548 4.146032309532165
      vertex -16.46480169147253 0.297124271094799 0
    endloop
  endfacet
  facet normal -0.6087614113855669 0.7933533538139563 0
    outer loop
      vertex -16.46480169147253 0.297124271094799 0
      vertex -16.46480169147253 0.297124271094799 4.197124271094799
      vertex -16.389361508190632 0.3550115570425987 0
    endloop
  endfacet
  facet normal -0.6755901853079284 0.7372773572513937 0
    outer loop
      vertex -16.389361508190632 0.3550115570425987 0
      vertex -16.389361508190632 0.3550115570425987 4.255011557042598
      vertex -16.319253608584404 0.41925360709428783 0
    endloop
  endfacet
  facet normal -0.7372773572513935 0.6755901853079284 0
    outer loop
      vertex -16.319253608584404 0.41925360709428783 0
      vertex -16.319253608584404 0.41925360709428783 4.3192536070942875
      vertex -16.255011558532715 0.4893615067005157 0
    endloop
  endfacet
  facet normal -0.7933533538139562 0.6087614113855669 0
    outer loop
      vertex -16.255011558532715 0.4893615067005157 0
      vertex -16.255011558532715 0.4893615067005157 4.389361506700515
      vertex -16.197124272584915 0.5648016899824142 0
    endloop
  endfacet
  facet normal -0.8433914310705402 0.5372996314876701 0
    outer loop
      vertex -16.197124272584915 0.5648016899824142 0
      vertex -16.197124272584915 0.5648016899824142 4.464801689982414
      vertex -16.14603231102228 0.6450000002980232 0
    endloop
  endfacet
  facet normal -0.8870108252333624 0.4617486284969665 0
    outer loop
      vertex -16.14603231102228 0.6450000002980232 0
      vertex -16.14603231102228 0.6450000002980232 4.545000000298023
      vertex -16.102124512195587 0.7293460935354232 0
    endloop
  endfacet
  facet normal -0.9238795552728223 0.38268337741387726 0
    outer loop
      vertex -16.102124512195587 0.7293460935354232 0
      vertex -16.102124512195587 0.7293460935354232 4.629346093535423
      vertex -16.065735049545765 0.8171980425715446 0
    endloop
  endfacet
  facet normal -0.9537169452994637 0.30070581678554154 0
    outer loop
      vertex -16.065735049545765 0.8171980425715446 0
      vertex -16.065735049545765 0.8171980425715446 4.717198042571545
      vertex -16.037140853703022 0.9078872397541999 0
    endloop
  endfacet
  facet normal -0.9762960129824745 0.2164395874938876 0
    outer loop
      vertex -16.037140853703022 0.9078872397541999 0
      vertex -16.037140853703022 0.9078872397541999 4.8078872397542005
      vertex -16.016559556126595 1.000723485648632 0
    endloop
  endfacet
  facet normal -0.9914448575542462 0.1305262212325198 0
    outer loop
      vertex -16.016559556126595 1.000723485648632 0
      vertex -16.016559556126595 1.000723485648632 4.900723485648632
      vertex -16.00414778292179 1.0950002416968345 0
    endloop
  endfacet
  facet normal -0.9990482198371383 0.04361942732596372 0
    outer loop
      vertex -16.00414778292179 1.0950002416968345 0
      vertex -16.00414778292179 1.0950002416968345 4.995000241696834
      vertex -16 1.1900000020861625 0
    endloop
  endfacet
  facet normal -1 0 0
    outer loop
      vertex -16 1.1900000020861625 0
      vertex -16 1.1900000020861625 5.090000002086163
      vertex -16 1.2099999979138374 0
    endloop
  endfacet
  facet normal -0.9990482198371383 -0.04361942732596371 0
    outer loop
      vertex -16 1.2099999979138374 0
      vertex -16 1.2099999979138374 5.109999997913838
      vertex -16.00414778292179 1.3049997583031654 0
    endloop
  endfacet
  facet normal -0.991444857554246 -0.13052622123251983 0
    outer loop
      vertex -16.00414778292179 1.3049997583031654 0
      vertex -16.00414778292179 1.3049997583031654 5.204999758303165
      vertex -16.016559556126595 1.399276514351368 0
    endloop
  endfacet
  facet normal -0.9762960129824744 -0.2164395874938876 0
    outer loop
      vertex -16.016559556126595 1.399276514351368 0
      vertex -16.016559556126595 1.399276514351368 5.2992765143513685
      vertex -16.037140853703022 1.4921127602458 0
    endloop
  endfacet
  facet normal -0.9537169452994638 -0.30070581678554154 0
    outer loop
      vertex -16.037140853703022 1.4921127602458 0
      vertex -16.037140853703022 1.4921127602458 5.3921127602458006
      vertex -16.065735049545765 1.5828019574284553 0
    endloop
  endfacet
  facet normal -0.9238795552728224 -0.3826833774138773 0
    outer loop
      vertex -16.065735049545765 1.5828019574284553 0
      vertex -16.065735049545765 1.5828019574284553 5.4
      vertex -16.102124512195587 1.6706539064645767 0
    endloop
  endfacet
  facet normal -0.04361942732596372 -0.9990482198371383 0
    outer loop
      vertex -17.09000000357628 2.3000000014901163 0
      vertex -16.99500024318695 2.295852218568325 0
      vertex -16.99500024318695 2.295852218568325 5.4
    endloop
  endfacet
  facet normal -0.13052622123251978 -0.991444857554246 0
    outer loop
      vertex -16.99500024318695 2.295852218568325 0
      vertex -16.900723487138748 2.2834404453635218 0
      vertex -16.900723487138748 2.2834404453635218 5.4
    endloop
  endfacet
  facet normal -0.21643958749388761 -0.9762960129824744 0
    outer loop
      vertex -16.900723487138748 2.2834404453635218 0
      vertex -16.807887241244316 2.2628591477870943 0
      vertex -16.807887241244316 2.2628591477870943 5.4
    endloop
  endfacet
  facet normal -0.30070581678554154 -0.9537169452994637 0
    outer loop
      vertex -16.807887241244316 2.2628591477870943 0
      vertex -16.71719804406166 2.2342649519443514 0
      vertex -16.71719804406166 2.2342649519443514 5.4
    endloop
  endfacet
  facet normal -0.3826833774138773 -0.9238795552728224 0
    outer loop
      vertex -16.71719804406166 2.2342649519443514 0
      vertex -16.62934609502554 2.197875489294529 0
      vertex -16.62934609502554 2.197875489294529 5.4
    endloop
  endfacet
  facet normal -0.5372996314876701 -0.8433914310705403 0
    outer loop
      vertex -16.54500000178814 2.1539676904678347 0
      vertex -16.46480169147253 2.102875728905201 0
      vertex -16.46480169147253 2.102875728905201 5.4
    endloop
  endfacet
  facet normal -0.7372773572513935 -0.6755901853079284 0
    outer loop
      vertex -16.319253608584404 1.980746392905712 0
      vertex -16.255011558532715 1.9106384932994842 0
      vertex -16.255011558532715 1.9106384932994842 5.4
    endloop
  endfacet
  facet normal -0.6755901853079296 -0.7372773572513924 0
    outer loop
      vertex -16.319253608584404 1.980746392905712 0
      vertex -16.319253608584404 1.980746392905712 5.4
      vertex -16.389361508190632 2.0449884429574015 0
    endloop
  endfacet
  facet normal -0.6087614113855669 -0.7933533538139563 0
    outer loop
      vertex -16.46480169147253 2.102875728905201 0
      vertex -16.389361508190632 2.0449884429574015 0
      vertex -16.389361508190632 2.0449884429574015 5.4
    endloop
  endfacet
  facet normal -0.8870108252333624 -0.4617486284969665 0
    outer loop
      vertex -16.102124512195587 1.6706539064645767 0
      vertex -16.102124512195587 1.6706539064645767 5.4
      vertex -16.14603231102228 1.7549999997019767 0
    endloop
  endfacet
  facet normal -0.8433914310705403 -0.5372996314876701 0
    outer loop
      vertex -16.14603231102228 1.7549999997019767 0
      vertex -16.14603231102228 1.7549999997019767 5.4
      vertex -16.197124272584915 1.8351983100175857 0
    endloop
  endfacet
  facet normal -0.7933533538139563 -0.6087614113855669 0
    outer loop
      vertex -16.197124272584915 1.8351983100175857 0
      vertex -16.197124272584915 1.8351983100175857 5.4
      vertex -16.255011558532715 1.9106384932994842 0
    endloop
  endfacet
  facet normal -0.4617486284969665 -0.8870108252333624 0
    outer loop
      vertex -16.62934609502554 2.197875489294529 0
      vertex -16.54500000178814 2.1539676904678347 0
      vertex -16.54500000178814 2.1539676904678347 5.4
    endloop
  endfacet
  facet normal 0.1305262212325198 0.991444857554246 0
    outer loop
      vertex -23.00499975681305 0.10414778143167491 0
      vertex -23.099276512861252 0.11655955463647838 4.016559554636478
      vertex -23.00499975681305 0.10414778143167491 4.004147781431675
    endloop
  endfacet
  facet normal 0.04361942732596371 0.9990482198371383 0
    outer loop
      vertex -22.90999999642372 0.09999999850988384 0
      vertex -23.00499975681305 0.10414778143167491 4.004147781431675
      vertex -22.90999999642372 0.09999999850988384 3.9999999985098835
    endloop
  endfacet
  facet normal 0 1 0
    outer loop
      vertex -17.09000000357628 0.09999999850988384 0
      vertex -22.90999999642372 0.09999999850988384 3.9999999985098835
      vertex -17.09000000357628 0.09999999850988384 3.999999998509884
    endloop
  endfacet
  facet normal -0.04361942732596371 0.9990482198371383 0
    outer loop
      vertex -16.99500024318695 0.10414778143167491 0
      vertex -17.09000000357628 0.09999999850988384 3.999999998509884
      vertex -16.99500024318695 0.10414778143167491 4.004147781431675
    endloop
  endfacet
  facet normal -0.1305262212325198 0.991444857554246 0
    outer loop
      vertex -16.900723487138748 0.11655955463647838 0
      vertex -16.99500024318695 0.10414778143167491 4.004147781431675
      vertex -16.900723487138748 0.11655955463647838 4.016559554636479
    endloop
  endfacet
  facet normal -0.21643958749388756 0.9762960129824744 0
    outer loop
      vertex -16.807887241244316 0.13714085221290584 0
      vertex -16.900723487138748 0.11655955463647838 4.016559554636479
      vertex -16.807887241244316 0.13714085221290584 4.0371408522129055
    endloop
  endfacet
  facet normal 0.30070581678554154 0.9537169452994637 0
    outer loop
      vertex -23.192112758755684 0.13714085221290584 0
      vertex -23.28280195593834 0.16573504805564876 4.0657350480556484
      vertex -23.192112758755684 0.13714085221290584 4.0371408522129055
    endloop
  endfacet
  facet normal 0.3826833774138772 0.9238795552728223 0
    outer loop
      vertex -23.28280195593834 0.16573504805564876 0
      vertex -23.37065390497446 0.202124510705471 4.102124510705471
      vertex -23.28280195593834 0.16573504805564876 4.0657350480556484
    endloop
  endfacet
  facet normal 0.46174862849696646 0.8870108252333623 0
    outer loop
      vertex -23.37065390497446 0.202124510705471 0
      vertex -23.45499999821186 0.24603230953216548 4.146032309532165
      vertex -23.37065390497446 0.202124510705471 4.102124510705471
    endloop
  endfacet
  facet normal 0.5372996314876701 0.8433914310705403 0
    outer loop
      vertex -23.45499999821186 0.24603230953216548 0
      vertex -23.53519830852747 0.297124271094799 4.197124271094799
      vertex -23.45499999821186 0.24603230953216548 4.146032309532165
    endloop
  endfacet
  facet normal 0.6087614113855669 0.7933533538139563 0
    outer loop
      vertex -23.53519830852747 0.297124271094799 0
      vertex -23.610638491809368 0.3550115570425987 4.255011557042598
      vertex -23.53519830852747 0.297124271094799 4.197124271094799
    endloop
  endfacet
  facet normal 0.6755901853079284 0.7372773572513937 0
    outer loop
      vertex -23.610638491809368 0.3550115570425987 0
      vertex -23.680746391415596 0.41925360709428783 4.3192536070942875
      vertex -23.610638491809368 0.3550115570425987 4.255011557042598
    endloop
  endfacet
  facet normal 0.7372773572513935 0.6755901853079284 0
    outer loop
      vertex -23.680746391415596 0.41925360709428783 0
      vertex -23.744988441467285 0.4893615067005157 4.389361506700515
      vertex -23.680746391415596 0.41925360709428783 4.3192536070942875
    endloop
  endfacet
  facet normal 0.7933533538139562 0.6087614113855669 0
    outer loop
      vertex -23.744988441467285 0.4893615067005157 0
      vertex -23.802875727415085 0.5648016899824142 4.464801689982414
      vertex -23.744988441467285 0.4893615067005157 4.389361506700515
    endloop
  endfacet
  facet normal 0.8433914310705402 0.5372996314876701 0
    outer loop
      vertex -23.802875727415085 0.5648016899824142 0
      vertex -23.85396768897772 0.6450000002980232 4.545000000298023
      vertex -23.802875727415085 0.5648016899824142 4.464801689982414
    endloop
  endfacet
  facet normal 0.8870108252333624 0.4617486284969665 0
    outer loop
      vertex -23.85396768897772 0.6450000002980232 0
      vertex -23.897875487804413 0.7293460935354232 4.629346093535423
      vertex -23.85396768897772 0.6450000002980232 4.545000000298023
    endloop
  endfacet
  facet normal 0.9238795552728223 0.38268337741387726 0
    outer loop
      vertex -23.897875487804413 0.7293460935354232 0
      vertex -23.934264950454235 0.8171980425715446 4.717198042571544
      vertex -23.897875487804413 0.7293460935354232 4.629346093535423
    endloop
  endfacet
  facet normal 0.9537169452994637 0.3007058167855415 0
    outer loop
      vertex -23.934264950454235 0.8171980425715446 0
      vertex -23.962859146296978 0.9078872397541999 4.8078872397542
      vertex -23.934264950454235 0.8171980425715446 4.717198042571544
    endloop
  endfacet
  facet normal 0.9762960129824743 0.21643958749388756 0
    outer loop
      vertex -23.962859146296978 0.9078872397541999 0
      vertex -23.983440443873405 1.000723485648632 4.900723485648632
      vertex -23.962859146296978 0.9078872397541999 4.8078872397542
    endloop
  endfacet
  facet normal 0.9914448575542462 0.1305262212325198 0
    outer loop
      vertex -23.983440443873405 1.000723485648632 0
      vertex -23.99585221707821 1.0950002416968345 4.995000241696834
      vertex -23.983440443873405 1.000723485648632 4.900723485648632
    endloop
  endfacet
  facet normal 0.9990482198371383 0.04361942732596372 0
    outer loop
      vertex -23.99585221707821 1.0950002416968345 0
      vertex -24 1.1900000020861625 5.090000002086162
      vertex -23.99585221707821 1.0950002416968345 4.995000241696834
    endloop
  endfacet
  facet normal 1 0 0
    outer loop
      vertex -24 1.1900000020861625 0
      vertex -24 1.2099999979138374 5.109999997913837
      vertex -24 1.1900000020861625 5.090000002086162
    endloop
  endfacet
  facet normal 0.9990482198371383 -0.04361942732596372 0
    outer loop
      vertex -24 1.2099999979138374 0
      vertex -23.99585221707821 1.3049997583031654 5.204999758303165
      vertex -24 1.2099999979138374 5.109999997913837
    endloop
  endfacet
  facet normal 0.991444857554246 -0.13052622123251983 0
    outer loop
      vertex -23.99585221707821 1.3049997583031654 0
      vertex -23.983440443873405 1.399276514351368 5.299276514351368
      vertex -23.99585221707821 1.3049997583031654 5.204999758303165
    endloop
  endfacet
  facet normal 0.9762960129824744 -0.2164395874938876 0
    outer loop
      vertex -23.983440443873405 1.399276514351368 0
      vertex -23.962859146296978 1.4921127602458 5.3921127602458
      vertex -23.983440443873405 1.399276514351368 5.299276514351368
    endloop
  endfacet
  facet normal 0.9537169452994688 -0.30070581678552544 -2.9762811634826077e-16
    outer loop
      vertex -23.962859146296978 1.4921127602458 0
      vertex -23.934264950454235 1.5828019574284553 5.4
      vertex -23.960372308997755 1.5000000000000007 5.4
    endloop
  endfacet
  facet normal 0.9537169452994103 -0.30070581678571073 0
    outer loop
      vertex -23.962859146296978 1.4921127602458 0
      vertex -23.960372308997755 1.5000000000000007 5.4
      vertex -23.962859146296978 1.4921127602458 5.3921127602458
    endloop
  endfacet
  facet normal 0.9238795552728224 -0.3826833774138773 0
    outer loop
      vertex -23.934264950454235 1.5828019574284553 0
      vertex -23.897875487804413 1.6706539064645767 5.4
      vertex -23.934264950454235 1.5828019574284553 5.4
    endloop
  endfacet
  facet normal 0.8870108252333624 -0.4617486284969665 0
    outer loop
      vertex -23.897875487804413 1.6706539064645767 0
      vertex -23.85396768897772 1.7549999997019767 5.4
      vertex -23.897875487804413 1.6706539064645767 5.4
    endloop
  endfacet
  facet normal 0.8433914310705403 -0.5372996314876701 0
    outer loop
      vertex -23.85396768897772 1.7549999997019767 0
      vertex -23.802875727415085 1.8351983100175857 5.4
      vertex -23.85396768897772 1.7549999997019767 5.4
    endloop
  endfacet
  facet normal 0.7933533538139563 -0.6087614113855669 0
    outer loop
      vertex -23.802875727415085 1.8351983100175857 0
      vertex -23.744988441467285 1.9106384932994842 5.4
      vertex -23.802875727415085 1.8351983100175857 5.4
    endloop
  endfacet
  facet normal 0.7372773572513935 -0.6755901853079284 0
    outer loop
      vertex -23.744988441467285 1.9106384932994842 0
      vertex -23.680746391415596 1.980746392905712 5.4
      vertex -23.744988441467285 1.9106384932994842 5.4
    endloop
  endfacet
  facet normal 0.6755901853079296 -0.7372773572513924 0
    outer loop
      vertex -23.680746391415596 1.980746392905712 0
      vertex -23.610638491809368 2.0449884429574015 5.4
      vertex -23.680746391415596 1.980746392905712 5.4
    endloop
  endfacet
  facet normal 0.6087614113855669 -0.7933533538139563 0
    outer loop
      vertex -23.610638491809368 2.0449884429574015 0
      vertex -23.53519830852747 2.102875728905201 5.4
      vertex -23.610638491809368 2.0449884429574015 5.4
    endloop
  endfacet
  facet normal 0.5372996314876701 -0.8433914310705403 0
    outer loop
      vertex -23.53519830852747 2.102875728905201 0
      vertex -23.45499999821186 2.1539676904678347 5.4
      vertex -23.53519830852747 2.102875728905201 5.4
    endloop
  endfacet
  facet normal 0.4617486284969665 -0.8870108252333624 0
    outer loop
      vertex -23.45499999821186 2.1539676904678347 0
      vertex -23.37065390497446 2.197875489294529 5.4
      vertex -23.45499999821186 2.1539676904678347 5.4
    endloop
  endfacet
  facet normal 0.3826833774138773 -0.9238795552728224 0
    outer loop
      vertex -23.37065390497446 2.197875489294529 0
      vertex -23.28280195593834 2.2342649519443514 5.4
      vertex -23.37065390497446 2.197875489294529 5.4
    endloop
  endfacet
  facet normal 0.30070581678554154 -0.9537169452994637 0
    outer loop
      vertex -23.28280195593834 2.2342649519443514 0
      vertex -23.192112758755684 2.2628591477870943 5.4
      vertex -23.28280195593834 2.2342649519443514 5.4
    endloop
  endfacet
  facet normal 0.21643958749388761 -0.9762960129824744 0
    outer loop
      vertex -23.192112758755684 2.2628591477870943 0
      vertex -23.099276512861252 2.2834404453635218 5.4
      vertex -23.192112758755684 2.2628591477870943 5.4
    endloop
  endfacet
  facet normal -0.3007058167855415 0.9537169452994637 0
    outer loop
      vertex -16.71719804406166 0.16573504805564876 0
      vertex -16.807887241244316 0.13714085221290584 4.0371408522129055
      vertex -16.71719804406166 0.16573504805564876 4.0657350480556484
    endloop
  endfacet
  facet normal -0.38268337741387726 0.9238795552728224 0
    outer loop
      vertex -16.62934609502554 0.202124510705471 0
      vertex -16.71719804406166 0.16573504805564876 4.0657350480556484
      vertex -16.62934609502554 0.202124510705471 4.102124510705471
    endloop
  endfacet
  facet normal -0.4617486284969665 0.8870108252333624 0
    outer loop
      vertex -16.54500000178814 0.24603230953216548 0
      vertex -16.62934609502554 0.202124510705471 4.102124510705471
      vertex -16.54500000178814 0.24603230953216548 4.146032309532165
    endloop
  endfacet
  facet normal -0.5372996314876702 0.8433914310705403 0
    outer loop
      vertex -16.46480169147253 0.297124271094799 0
      vertex -16.54500000178814 0.24603230953216548 4.146032309532165
      vertex -16.46480169147253 0.297124271094799 4.197124271094799
    endloop
  endfacet
  facet normal -0.6087614113855668 0.7933533538139562 0
    outer loop
      vertex -16.389361508190632 0.3550115570425987 0
      vertex -16.46480169147253 0.297124271094799 4.197124271094799
      vertex -16.389361508190632 0.3550115570425987 4.255011557042598
    endloop
  endfacet
  facet normal -0.6755901853079284 0.7372773572513935 0
    outer loop
      vertex -16.319253608584404 0.41925360709428783 0
      vertex -16.389361508190632 0.3550115570425987 4.255011557042598
      vertex -16.319253608584404 0.41925360709428783 4.3192536070942875
    endloop
  endfacet
  facet normal -0.7372773572513935 0.6755901853079282 0
    outer loop
      vertex -16.255011558532715 0.4893615067005157 0
      vertex -16.319253608584404 0.41925360709428783 4.3192536070942875
      vertex -16.255011558532715 0.4893615067005157 4.389361506700515
    endloop
  endfacet
  facet normal -0.7933533538139563 0.6087614113855669 0
    outer loop
      vertex -16.197124272584915 0.5648016899824142 0
      vertex -16.255011558532715 0.4893615067005157 4.389361506700515
      vertex -16.197124272584915 0.5648016899824142 4.464801689982414
    endloop
  endfacet
  facet normal -0.8433914310705402 0.5372996314876701 0
    outer loop
      vertex -16.14603231102228 0.6450000002980232 0
      vertex -16.197124272584915 0.5648016899824142 4.464801689982414
      vertex -16.14603231102228 0.6450000002980232 4.545000000298023
    endloop
  endfacet
  facet normal -0.8870108252333624 0.4617486284969665 0
    outer loop
      vertex -16.102124512195587 0.7293460935354232 0
      vertex -16.14603231102228 0.6450000002980232 4.545000000298023
      vertex -16.102124512195587 0.7293460935354232 4.629346093535423
    endloop
  endfacet
  facet normal -0.9238795552728223 0.38268337741387726 0
    outer loop
      vertex -16.065735049545765 0.8171980425715446 0
      vertex -16.102124512195587 0.7293460935354232 4.629346093535423
      vertex -16.065735049545765 0.8171980425715446 4.717198042571545
    endloop
  endfacet
  facet normal -0.9537169452994638 0.30070581678554154 0
    outer loop
      vertex -16.037140853703022 0.9078872397541999 0
      vertex -16.065735049545765 0.8171980425715446 4.717198042571545
      vertex -16.037140853703022 0.9078872397541999 4.8078872397542005
    endloop
  endfacet
  facet normal -0.9762960129824744 0.2164395874938876 0
    outer loop
      vertex -16.016559556126595 1.000723485648632 0
      vertex -16.037140853703022 0.9078872397541999 4.8078872397542005
      vertex -16.016559556126595 1.000723485648632 4.900723485648632
    endloop
  endfacet
  facet normal -0.9914448575542462 0.1305262212325198 0
    outer loop
      vertex -16.00414778292179 1.0950002416968345 0
      vertex -16.016559556126595 1.000723485648632 4.900723485648632
      vertex -16.00414778292179 1.0950002416968345 4.995000241696834
    endloop
  endfacet
  facet normal -0.9990482198371382 0.04361942732596371 0
    outer loop
      vertex -16 1.1900000020861625 0
      vertex -16.00414778292179 1.0950002416968345 4.995000241696834
      vertex -16 1.1900000020861625 5.090000002086163
    endloop
  endfacet
  facet normal 0.13052622123251978 -0.991444857554246 0
    outer loop
      vertex -23.099276512861252 2.2834404453635218 0
      vertex -23.00499975681305 2.295852218568325 5.4
      vertex -23.099276512861252 2.2834404453635218 5.4
    endloop
  endfacet
  facet normal 0.04361942732596372 -0.9990482198371383 0
    outer loop
      vertex -23.00499975681305 2.295852218568325 0
      vertex -22.90999999642372 2.3000000014901163 5.4
      vertex -23.00499975681305 2.295852218568325 5.4
    endloop
  endfacet
  facet normal 0 -1 0
    outer loop
      vertex -22.90999999642372 2.3000000014901163 0
      vertex -17.09000000357628 2.3000000014901163 5.4
      vertex -22.90999999642372 2.3000000014901163 5.4
    endloop
  endfacet
  facet normal -1 0 0
    outer loop
      vertex -16 1.2099999979138374 0
      vertex -16 1.1900000020861625 5.090000002086163
      vertex -16 1.2099999979138374 5.109999997913838
    endloop
  endfacet
  facet normal -0.9990482198371383 -0.04361942732596371 0
    outer loop
      vertex -16.00414778292179 1.3049997583031654 0
      vertex -16 1.2099999979138374 5.109999997913838
      vertex -16.00414778292179 1.3049997583031654 5.204999758303165
    endloop
  endfacet
  facet normal -0.991444857554246 -0.13052622123251978 0
    outer loop
      vertex -16.016559556126595 1.399276514351368 0
      vertex -16.00414778292179 1.3049997583031654 5.204999758303165
      vertex -16.016559556126595 1.399276514351368 5.2992765143513685
    endloop
  endfacet
  facet normal -0.9762960129824744 -0.21643958749388761 0
    outer loop
      vertex -16.037140853703022 1.4921127602458 0
      vertex -16.016559556126595 1.399276514351368 5.2992765143513685
      vertex -16.037140853703022 1.4921127602458 5.3921127602458006
    endloop
  endfacet
  facet normal -0.9238795552728224 -0.3826833774138773 0
    outer loop
      vertex -16.102124512195587 1.6706539064645767 0
      vertex -16.065735049545765 1.5828019574284553 5.4
      vertex -16.102124512195587 1.6706539064645767 5.4
    endloop
  endfacet
  facet normal -0.9537169452995229 -0.300705816785354 3.4719126233804425e-15
    outer loop
      vertex -16.065735049545765 1.5828019574284553 0
      vertex -16.037140853703022 1.4921127602458 5.3921127602458006
      vertex -16.03962769100224 1.4999999999999998 5.4
    endloop
  endfacet
  facet normal -0.953716945299458 -0.30070581678555963 0
    outer loop
      vertex -16.065735049545765 1.5828019574284553 0
      vertex -16.03962769100224 1.4999999999999998 5.4
      vertex -16.065735049545765 1.5828019574284553 5.4
    endloop
  endfacet
  facet normal -0.04361942732596372 -0.9990482198371383 0
    outer loop
      vertex -17.09000000357628 2.3000000014901163 0
      vertex -16.99500024318695 2.295852218568325 5.4
      vertex -17.09000000357628 2.3000000014901163 5.4
    endloop
  endfacet
  facet normal -0.13052622123251978 -0.991444857554246 0
    outer loop
      vertex -16.99500024318695 2.295852218568325 0
      vertex -16.900723487138748 2.2834404453635218 5.4
      vertex -16.99500024318695 2.295852218568325 5.4
    endloop
  endfacet
  facet normal -0.21643958749388761 -0.9762960129824744 0
    outer loop
      vertex -16.900723487138748 2.2834404453635218 0
      vertex -16.807887241244316 2.2628591477870943 5.4
      vertex -16.900723487138748 2.2834404453635218 5.4
    endloop
  endfacet
  facet normal -0.30070581678554154 -0.9537169452994637 0
    outer loop
      vertex -16.807887241244316 2.2628591477870943 0
      vertex -16.71719804406166 2.2342649519443514 5.4
      vertex -16.807887241244316 2.2628591477870943 5.4
    endloop
  endfacet
  facet normal -0.3826833774138773 -0.9238795552728224 0
    outer loop
      vertex -16.71719804406166 2.2342649519443514 0
      vertex -16.62934609502554 2.197875489294529 5.4
      vertex -16.71719804406166 2.2342649519443514 5.4
    endloop
  endfacet
  facet normal -0.5372996314876701 -0.8433914310705403 0
    outer loop
      vertex -16.54500000178814 2.1539676904678347 0
      vertex -16.46480169147253 2.102875728905201 5.4
      vertex -16.54500000178814 2.1539676904678347 5.4
    endloop
  endfacet
  facet normal -0.6755901853079296 -0.7372773572513924 0
    outer loop
      vertex -16.389361508190632 2.0449884429574015 0
      vertex -16.319253608584404 1.980746392905712 5.4
      vertex -16.389361508190632 2.0449884429574015 5.4
    endloop
  endfacet
  facet normal -0.7372773572513935 -0.6755901853079284 0
    outer loop
      vertex -16.319253608584404 1.980746392905712 0
      vertex -16.255011558532715 1.9106384932994842 5.4
      vertex -16.319253608584404 1.980746392905712 5.4
    endloop
  endfacet
  facet normal -0.6087614113855669 -0.7933533538139563 0
    outer loop
      vertex -16.46480169147253 2.102875728905201 0
      vertex -16.389361508190632 2.0449884429574015 5.4
      vertex -16.46480169147253 2.102875728905201 5.4
    endloop
  endfacet
  facet normal -0.8870108252333624 -0.4617486284969665 0
    outer loop
      vertex -16.14603231102228 1.7549999997019767 0
      vertex -16.102124512195587 1.6706539064645767 5.4
      vertex -16.14603231102228 1.7549999997019767 5.4
    endloop
  endfacet
  facet normal -0.8433914310705403 -0.5372996314876701 0
    outer loop
      vertex -16.197124272584915 1.8351983100175857 0
      vertex -16.14603231102228 1.7549999997019767 5.4
      vertex -16.197124272584915 1.8351983100175857 5.4
    endloop
  endfacet
  facet normal -0.7933533538139563 -0.6087614113855669 0
    outer loop
      vertex -16.255011558532715 1.9106384932994842 0
      vertex -16.197124272584915 1.8351983100175857 5.4
      vertex -16.255011558532715 1.9106384932994842 5.4
    endloop
  endfacet
  facet normal -0.4617486284969665 -0.8870108252333624 0
    outer loop
      vertex -16.62934609502554 2.197875489294529 0
      vertex -16.54500000178814 2.1539676904678347 5.4
      vertex -16.62934609502554 2.197875489294529 5.4
    endloop
  endfacet
  facet normal 0.1305262212325198 0.991444857554246 0
    outer loop
      vertex 16.900723487138748 0.11655955463647838 0
      vertex 16.900723487138748 0.11655955463647838 4.016559554636478
      vertex 16.99500024318695 0.10414778143167491 0
    endloop
  endfacet
  facet normal 0.2164395874938876 0.9762960129824744 0
    outer loop
      vertex 16.807887241244316 0.13714085221290584 0
      vertex 16.807887241244316 0.13714085221290584 4.037140852212906
      vertex 16.900723487138748 0.11655955463647838 0
    endloop
  endfacet
  facet normal 0.04361942732596371 0.9990482198371383 0
    outer loop
      vertex 16.99500024318695 0.10414778143167491 0
      vertex 16.99500024318695 0.10414778143167491 4.004147781431675
      vertex 17.09000000357628 0.09999999850988384 0
    endloop
  endfacet
  facet normal 0 1 0
    outer loop
      vertex 17.09000000357628 0.09999999850988384 0
      vertex 17.09000000357628 0.09999999850988384 3.9999999985098844
      vertex 22.90999999642372 0.09999999850988384 0
    endloop
  endfacet
  facet normal -0.04361942732596371 0.9990482198371383 0
    outer loop
      vertex 22.90999999642372 0.09999999850988384 0
      vertex 22.90999999642372 0.09999999850988384 3.9999999985098835
      vertex 23.00499975681305 0.10414778143167491 0
    endloop
  endfacet
  facet normal -0.1305262212325198 0.9914448575542462 0
    outer loop
      vertex 23.00499975681305 0.10414778143167491 0
      vertex 23.00499975681305 0.10414778143167491 4.0041477814316755
      vertex 23.099276512861252 0.11655955463647838 0
    endloop
  endfacet
  facet normal 0.4617486284969665 0.8870108252333624 0
    outer loop
      vertex 16.54500000178814 0.24603230953216548 0
      vertex 16.54500000178814 0.24603230953216548 4.146032309532166
      vertex 16.62934609502554 0.202124510705471 0
    endloop
  endfacet
  facet normal 0.5372996314876702 0.8433914310705403 0
    outer loop
      vertex 16.54500000178814 0.24603230953216548 0
      vertex 16.46480169147253 0.297124271094799 0
      vertex 16.46480169147253 0.297124271094799 4.197124271094799
    endloop
  endfacet
  facet normal 0.6087614113855669 0.7933533538139563 0
    outer loop
      vertex 16.389361508190632 0.3550115570425987 0
      vertex 16.389361508190632 0.3550115570425987 4.255011557042599
      vertex 16.46480169147253 0.297124271094799 0
    endloop
  endfacet
  facet normal 0.30070581678554154 0.9537169452994637 0
    outer loop
      vertex 16.807887241244316 0.13714085221290584 0
      vertex 16.71719804406166 0.16573504805564876 0
      vertex 16.71719804406166 0.16573504805564876 4.065735048055649
    endloop
  endfacet
  facet normal 0.38268337741387726 0.9238795552728224 0
    outer loop
      vertex 16.62934609502554 0.202124510705471 0
      vertex 16.62934609502554 0.202124510705471 4.102124510705472
      vertex 16.71719804406166 0.16573504805564876 0
    endloop
  endfacet
  facet normal 0.6755901853079284 0.7372773572513935 0
    outer loop
      vertex 16.389361508190632 0.3550115570425987 0
      vertex 16.319253608584404 0.41925360709428783 0
      vertex 16.319253608584404 0.41925360709428783 4.3192536070942875
    endloop
  endfacet
  facet normal 0.7372773572513935 0.6755901853079282 0
    outer loop
      vertex 16.255011558532715 0.4893615067005157 0
      vertex 16.255011558532715 0.4893615067005157 4.389361506700515
      vertex 16.319253608584404 0.41925360709428783 0
    endloop
  endfacet
  facet normal 0.7933533538139563 0.6087614113855669 0
    outer loop
      vertex 16.255011558532715 0.4893615067005157 0
      vertex 16.197124272584915 0.5648016899824142 0
      vertex 16.197124272584915 0.5648016899824142 4.464801689982414
    endloop
  endfacet
  facet normal 0.8433914310705402 0.5372996314876701 0
    outer loop
      vertex 16.14603231102228 0.6450000002980232 0
      vertex 16.14603231102228 0.6450000002980232 4.545000000298023
      vertex 16.197124272584915 0.5648016899824142 0
    endloop
  endfacet
  facet normal 0.8870108252333624 0.4617486284969665 0
    outer loop
      vertex 16.14603231102228 0.6450000002980232 0
      vertex 16.102124512195587 0.7293460935354232 0
      vertex 16.102124512195587 0.7293460935354232 4.629346093535423
    endloop
  endfacet
  facet normal 0.9238795552728223 0.38268337741387726 0
    outer loop
      vertex 16.065735049545765 0.8171980425715446 0
      vertex 16.065735049545765 0.8171980425715446 4.717198042571545
      vertex 16.102124512195587 0.7293460935354232 0
    endloop
  endfacet
  facet normal 0.9537169452994638 0.30070581678554154 0
    outer loop
      vertex 16.065735049545765 0.8171980425715446 0
      vertex 16.037140853703022 0.9078872397541999 0
      vertex 16.037140853703022 0.9078872397541999 4.8078872397542005
    endloop
  endfacet
  facet normal 0.9762960129824744 0.2164395874938876 0
    outer loop
      vertex 16.037140853703022 0.9078872397541999 0
      vertex 16.016559556126595 1.000723485648632 0
      vertex 16.016559556126595 1.000723485648632 4.900723485648633
    endloop
  endfacet
  facet normal 0.9914448575542462 0.1305262212325198 0
    outer loop
      vertex 16.016559556126595 1.000723485648632 0
      vertex 16.00414778292179 1.0950002416968345 0
      vertex 16.00414778292179 1.0950002416968345 4.995000241696835
    endloop
  endfacet
  facet normal 0.9990482198371382 0.04361942732596371 0
    outer loop
      vertex 16.00414778292179 1.0950002416968345 0
      vertex 16 1.1900000020861625 0
      vertex 16 1.1900000020861625 5.090000002086163
    endloop
  endfacet
  facet normal 1 0 0
    outer loop
      vertex 16 1.1900000020861625 0
      vertex 16 1.2099999979138374 0
      vertex 16 1.2099999979138374 5.109999997913838
    endloop
  endfacet
  facet normal 0.9990482198371383 -0.04361942732596371 0
    outer loop
      vertex 16 1.2099999979138374 0
      vertex 16.00414778292179 1.3049997583031654 0
      vertex 16.00414778292179 1.3049997583031654 5.204999758303166
    endloop
  endfacet
  facet normal 0.991444857554246 -0.13052622123251978 0
    outer loop
      vertex 16.00414778292179 1.3049997583031654 0
      vertex 16.016559556126595 1.399276514351368 0
      vertex 16.016559556126595 1.399276514351368 5.2992765143513685
    endloop
  endfacet
  facet normal 0.9762960129824744 -0.21643958749388761 0
    outer loop
      vertex 16.016559556126595 1.399276514351368 0
      vertex 16.037140853703022 1.4921127602458 0
      vertex 16.037140853703022 1.4921127602458 5.3921127602458006
    endloop
  endfacet
  facet normal 0.9537169452994637 -0.30070581678554154 0
    outer loop
      vertex 16.037140853703022 1.4921127602458 0
      vertex 16.065735049545765 1.5828019574284553 0
      vertex 16.065735049545765 1.5828019574284553 5.4
    endloop
  endfacet
  facet normal 0.9238795552728224 -0.3826833774138773 0
    outer loop
      vertex 16.065735049545765 1.5828019574284553 0
      vertex 16.102124512195587 1.6706539064645767 0
      vertex 16.102124512195587 1.6706539064645767 5.4
    endloop
  endfacet
  facet normal 0.8870108252333624 -0.4617486284969665 0
    outer loop
      vertex 16.102124512195587 1.6706539064645767 0
      vertex 16.14603231102228 1.7549999997019767 0
      vertex 16.14603231102228 1.7549999997019767 5.4
    endloop
  endfacet
  facet normal 0.8433914310705403 -0.5372996314876701 0
    outer loop
      vertex 16.14603231102228 1.7549999997019767 0
      vertex 16.197124272584915 1.8351983100175857 0
      vertex 16.197124272584915 1.8351983100175857 5.4
    endloop
  endfacet
  facet normal 0.7933533538139563 -0.6087614113855669 0
    outer loop
      vertex 16.197124272584915 1.8351983100175857 0
      vertex 16.255011558532715 1.9106384932994842 0
      vertex 16.255011558532715 1.9106384932994842 5.4
    endloop
  endfacet
  facet normal 0.7372773572513935 -0.6755901853079284 0
    outer loop
      vertex 16.255011558532715 1.9106384932994842 0
      vertex 16.319253608584404 1.980746392905712 0
      vertex 16.319253608584404 1.980746392905712 5.4
    endloop
  endfacet
  facet normal 0.6755901853079296 -0.7372773572513924 0
    outer loop
      vertex 16.319253608584404 1.980746392905712 0
      vertex 16.389361508190632 2.0449884429574015 0
      vertex 16.389361508190632 2.0449884429574015 5.4
    endloop
  endfacet
  facet normal 0.6087614113855669 -0.7933533538139563 0
    outer loop
      vertex 16.389361508190632 2.0449884429574015 0
      vertex 16.46480169147253 2.102875728905201 0
      vertex 16.46480169147253 2.102875728905201 5.4
    endloop
  endfacet
  facet normal 0.5372996314876701 -0.8433914310705403 0
    outer loop
      vertex 16.46480169147253 2.102875728905201 0
      vertex 16.54500000178814 2.1539676904678347 0
      vertex 16.54500000178814 2.1539676904678347 5.4
    endloop
  endfacet
  facet normal 0.4617486284969665 -0.8870108252333624 0
    outer loop
      vertex 16.54500000178814 2.1539676904678347 0
      vertex 16.62934609502554 2.197875489294529 0
      vertex 16.62934609502554 2.197875489294529 5.4
    endloop
  endfacet
  facet normal 0.3826833774138773 -0.9238795552728224 0
    outer loop
      vertex 16.62934609502554 2.197875489294529 0
      vertex 16.71719804406166 2.2342649519443514 0
      vertex 16.71719804406166 2.2342649519443514 5.4
    endloop
  endfacet
  facet normal 0.30070581678554154 -0.9537169452994637 0
    outer loop
      vertex 16.71719804406166 2.2342649519443514 0
      vertex 16.807887241244316 2.2628591477870943 0
      vertex 16.807887241244316 2.2628591477870943 5.4
    endloop
  endfacet
  facet normal 0.21643958749388761 -0.9762960129824744 0
    outer loop
      vertex 16.807887241244316 2.2628591477870943 0
      vertex 16.900723487138748 2.2834404453635218 0
      vertex 16.900723487138748 2.2834404453635218 5.4
    endloop
  endfacet
  facet normal 0.13052622123251978 -0.991444857554246 0
    outer loop
      vertex 16.900723487138748 2.2834404453635218 0
      vertex 16.99500024318695 2.295852218568325 0
      vertex 16.99500024318695 2.295852218568325 5.4
    endloop
  endfacet
  facet normal 0.04361942732596372 -0.9990482198371383 0
    outer loop
      vertex 16.99500024318695 2.295852218568325 0
      vertex 17.09000000357628 2.3000000014901163 0
      vertex 17.09000000357628 2.3000000014901163 5.4
    endloop
  endfacet
  facet normal 0 -1 0
    outer loop
      vertex 17.09000000357628 2.3000000014901163 0
      vertex 22.90999999642372 2.3000000014901163 0
      vertex 22.90999999642372 2.3000000014901163 5.4
    endloop
  endfacet
  facet normal -0.13052622123251978 -0.991444857554246 0
    outer loop
      vertex 23.099276512861252 2.2834404453635218 0
      vertex 23.099276512861252 2.2834404453635218 5.4
      vertex 23.00499975681305 2.295852218568325 0
    endloop
  endfacet
  facet normal -0.04361942732596372 -0.9990482198371383 0
    outer loop
      vertex 22.90999999642372 2.3000000014901163 0
      vertex 23.00499975681305 2.295852218568325 0
      vertex 23.00499975681305 2.295852218568325 5.4
    endloop
  endfacet
  facet normal 0.1305262212325198 0.991444857554246 0
    outer loop
      vertex 16.99500024318695 0.10414778143167491 0
      vertex 16.900723487138748 0.11655955463647838 4.016559554636478
      vertex 16.99500024318695 0.10414778143167491 4.004147781431675
    endloop
  endfacet
  facet normal 0.21643958749388756 0.9762960129824744 0
    outer loop
      vertex 16.900723487138748 0.11655955463647838 0
      vertex 16.807887241244316 0.13714085221290584 4.037140852212906
      vertex 16.900723487138748 0.11655955463647838 4.016559554636478
    endloop
  endfacet
  facet normal 0.04361942732596371 0.9990482198371383 0
    outer loop
      vertex 17.09000000357628 0.09999999850988384 0
      vertex 16.99500024318695 0.10414778143167491 4.004147781431675
      vertex 17.09000000357628 0.09999999850988384 3.9999999985098844
    endloop
  endfacet
  facet normal 0 1 0
    outer loop
      vertex 22.90999999642372 0.09999999850988384 0
      vertex 17.09000000357628 0.09999999850988384 3.9999999985098844
      vertex 22.90999999642372 0.09999999850988384 3.9999999985098835
    endloop
  endfacet
  facet normal -0.04361942732596371 0.9990482198371383 0
    outer loop
      vertex 23.00499975681305 0.10414778143167491 0
      vertex 22.90999999642372 0.09999999850988384 3.9999999985098835
      vertex 23.00499975681305 0.10414778143167491 4.0041477814316755
    endloop
  endfacet
  facet normal -0.1305262212325198 0.991444857554246 0
    outer loop
      vertex 23.099276512861252 0.11655955463647838 0
      vertex 23.00499975681305 0.10414778143167491 4.0041477814316755
      vertex 23.099276512861252 0.11655955463647838 4.016559554636478
    endloop
  endfacet
  facet normal -0.21643958749388756 0.9762960129824744 0
    outer loop
      vertex 23.099276512861252 0.11655955463647838 0
      vertex 23.099276512861252 0.11655955463647838 4.016559554636478
      vertex 23.192112758755684 0.13714085221290584 0
    endloop
  endfacet
  facet normal -0.30070581678554154 0.9537169452994637 0
    outer loop
      vertex 23.192112758755684 0.13714085221290584 0
      vertex 23.192112758755684 0.13714085221290584 4.0371408522129055
      vertex 23.28280195593834 0.16573504805564876 0
    endloop
  endfacet
  facet normal -0.3826833774138772 0.9238795552728223 0
    outer loop
      vertex 23.28280195593834 0.16573504805564876 0
      vertex 23.28280195593834 0.16573504805564876 4.0657350480556484
      vertex 23.37065390497446 0.202124510705471 0
    endloop
  endfacet
  facet normal -0.46174862849696646 0.8870108252333623 0
    outer loop
      vertex 23.37065390497446 0.202124510705471 0
      vertex 23.37065390497446 0.202124510705471 4.102124510705472
      vertex 23.45499999821186 0.24603230953216548 0
    endloop
  endfacet
  facet normal -0.5372996314876701 0.8433914310705403 0
    outer loop
      vertex 23.45499999821186 0.24603230953216548 0
      vertex 23.45499999821186 0.24603230953216548 4.146032309532166
      vertex 23.53519830852747 0.297124271094799 0
    endloop
  endfacet
  facet normal -0.6087614113855669 0.7933533538139563 0
    outer loop
      vertex 23.53519830852747 0.297124271094799 0
      vertex 23.53519830852747 0.297124271094799 4.1971242710948
      vertex 23.610638491809368 0.3550115570425987 0
    endloop
  endfacet
  facet normal -0.6755901853079284 0.7372773572513937 0
    outer loop
      vertex 23.610638491809368 0.3550115570425987 0
      vertex 23.610638491809368 0.3550115570425987 4.255011557042598
      vertex 23.680746391415596 0.41925360709428783 0
    endloop
  endfacet
  facet normal -0.7372773572513937 0.6755901853079284 0
    outer loop
      vertex 23.680746391415596 0.41925360709428783 0
      vertex 23.680746391415596 0.41925360709428783 4.319253607094288
      vertex 23.744988441467285 0.4893615067005157 0
    endloop
  endfacet
  facet normal -0.7933533538139563 0.6087614113855669 0
    outer loop
      vertex 23.744988441467285 0.4893615067005157 0
      vertex 23.744988441467285 0.4893615067005157 4.389361506700516
      vertex 23.802875727415085 0.5648016899824142 0
    endloop
  endfacet
  facet normal -0.8433914310705403 0.5372996314876701 0
    outer loop
      vertex 23.802875727415085 0.5648016899824142 0
      vertex 23.802875727415085 0.5648016899824142 4.464801689982415
      vertex 23.85396768897772 0.6450000002980232 0
    endloop
  endfacet
  facet normal -0.8870108252333623 0.46174862849696646 0
    outer loop
      vertex 23.85396768897772 0.6450000002980232 0
      vertex 23.85396768897772 0.6450000002980232 4.545000000298024
      vertex 23.897875487804413 0.7293460935354232 0
    endloop
  endfacet
  facet normal -0.9238795552728223 0.38268337741387726 0
    outer loop
      vertex 23.897875487804413 0.7293460935354232 0
      vertex 23.897875487804413 0.7293460935354232 4.629346093535424
      vertex 23.934264950454235 0.8171980425715446 0
    endloop
  endfacet
  facet normal -0.9537169452994637 0.30070581678554154 0
    outer loop
      vertex 23.934264950454235 0.8171980425715446 0
      vertex 23.934264950454235 0.8171980425715446 4.717198042571545
      vertex 23.962859146296978 0.9078872397541999 0
    endloop
  endfacet
  facet normal -0.9762960129824745 0.2164395874938876 0
    outer loop
      vertex 23.962859146296978 0.9078872397541999 0
      vertex 23.962859146296978 0.9078872397541999 4.8078872397542005
      vertex 23.983440443873405 1.000723485648632 0
    endloop
  endfacet
  facet normal -0.9914448575542462 0.1305262212325198 0
    outer loop
      vertex 23.983440443873405 1.000723485648632 0
      vertex 23.983440443873405 1.000723485648632 4.900723485648632
      vertex 23.99585221707821 1.0950002416968345 0
    endloop
  endfacet
  facet normal -0.9990482198371382 0.04361942732596371 0
    outer loop
      vertex 23.99585221707821 1.0950002416968345 0
      vertex 23.99585221707821 1.0950002416968345 4.995000241696835
      vertex 24 1.1900000020861625 0
    endloop
  endfacet
  facet normal -1 0 0
    outer loop
      vertex 24 1.1900000020861625 0
      vertex 24 1.1900000020861625 5.090000002086163
      vertex 24 1.2099999979138374 0
    endloop
  endfacet
  facet normal -0.9990482198371383 -0.04361942732596371 0
    outer loop
      vertex 24 1.2099999979138374 0
      vertex 24 1.2099999979138374 5.109999997913838
      vertex 23.99585221707821 1.3049997583031654 0
    endloop
  endfacet
  facet normal -0.9914448575542462 -0.1305262212325198 0
    outer loop
      vertex 23.99585221707821 1.3049997583031654 0
      vertex 23.99585221707821 1.3049997583031654 5.204999758303166
      vertex 23.983440443873405 1.399276514351368 0
    endloop
  endfacet
  facet normal -0.9762960129824744 -0.2164395874938876 0
    outer loop
      vertex 23.983440443873405 1.399276514351368 0
      vertex 23.983440443873405 1.399276514351368 5.2992765143513685
      vertex 23.962859146296978 1.4921127602458 0
    endloop
  endfacet
  facet normal -0.9537169452994638 -0.30070581678554154 0
    outer loop
      vertex 23.962859146296978 1.4921127602458 0
      vertex 23.962859146296978 1.4921127602458 5.3921127602458006
      vertex 23.934264950454235 1.5828019574284553 0
    endloop
  endfacet
  facet normal -0.9238795552728224 -0.3826833774138773 0
    outer loop
      vertex 23.934264950454235 1.5828019574284553 0
      vertex 23.934264950454235 1.5828019574284553 5.4
      vertex 23.897875487804413 1.6706539064645767 0
    endloop
  endfacet
  facet normal -0.8433914310705403 -0.5372996314876701 0
    outer loop
      vertex 23.802875727415085 1.8351983100175857 0
      vertex 23.85396768897772 1.7549999997019767 0
      vertex 23.85396768897772 1.7549999997019767 5.4
    endloop
  endfacet
  facet normal -0.7933533538139563 -0.6087614113855669 0
    outer loop
      vertex 23.744988441467285 1.9106384932994842 0
      vertex 23.802875727415085 1.8351983100175857 0
      vertex 23.802875727415085 1.8351983100175857 5.4
    endloop
  endfacet
  facet normal -0.6755901853079296 -0.7372773572513924 0
    outer loop
      vertex 23.610638491809368 2.0449884429574015 0
      vertex 23.680746391415596 1.980746392905712 0
      vertex 23.680746391415596 1.980746392905712 5.4
    endloop
  endfacet
  facet normal -0.5372996314876701 -0.8433914310705403 0
    outer loop
      vertex 23.45499999821186 2.1539676904678347 0
      vertex 23.53519830852747 2.102875728905201 0
      vertex 23.53519830852747 2.102875728905201 5.4
    endloop
  endfacet
  facet normal -0.6087614113855669 -0.7933533538139563 0
    outer loop
      vertex 23.53519830852747 2.102875728905201 0
      vertex 23.610638491809368 2.0449884429574015 0
      vertex 23.610638491809368 2.0449884429574015 5.4
    endloop
  endfacet
  facet normal -0.7372773572513935 -0.6755901853079284 0
    outer loop
      vertex 23.744988441467285 1.9106384932994842 0
      vertex 23.744988441467285 1.9106384932994842 5.4
      vertex 23.680746391415596 1.980746392905712 0
    endloop
  endfacet
  facet normal -0.21643958749388761 -0.9762960129824744 0
    outer loop
      vertex 23.099276512861252 2.2834404453635218 0
      vertex 23.192112758755684 2.2628591477870943 0
      vertex 23.192112758755684 2.2628591477870943 5.4
    endloop
  endfacet
  facet normal -0.30070581678554154 -0.9537169452994637 0
    outer loop
      vertex 23.192112758755684 2.2628591477870943 0
      vertex 23.28280195593834 2.2342649519443514 0
      vertex 23.28280195593834 2.2342649519443514 5.4
    endloop
  endfacet
  facet normal -0.3826833774138773 -0.9238795552728224 0
    outer loop
      vertex 23.28280195593834 2.2342649519443514 0
      vertex 23.37065390497446 2.197875489294529 0
      vertex 23.37065390497446 2.197875489294529 5.4
    endloop
  endfacet
  facet normal -0.4617486284969665 -0.8870108252333624 0
    outer loop
      vertex 23.45499999821186 2.1539676904678347 0
      vertex 23.45499999821186 2.1539676904678347 5.4
      vertex 23.37065390497446 2.197875489294529 0
    endloop
  endfacet
  facet normal -0.8870108252333624 -0.4617486284969665 0
    outer loop
      vertex 23.897875487804413 1.6706539064645767 0
      vertex 23.897875487804413 1.6706539064645767 5.4
      vertex 23.85396768897772 1.7549999997019767 0
    endloop
  endfacet
  facet normal -0.21643958749388756 0.9762960129824744 0
    outer loop
      vertex 23.192112758755684 0.13714085221290584 0
      vertex 23.099276512861252 0.11655955463647838 4.016559554636478
      vertex 23.192112758755684 0.13714085221290584 4.0371408522129055
    endloop
  endfacet
  facet normal 0.46174862849696646 0.8870108252333623 0
    outer loop
      vertex 16.62934609502554 0.202124510705471 0
      vertex 16.54500000178814 0.24603230953216548 4.146032309532166
      vertex 16.62934609502554 0.202124510705471 4.102124510705472
    endloop
  endfacet
  facet normal 0.5372996314876701 0.8433914310705403 0
    outer loop
      vertex 16.54500000178814 0.24603230953216548 0
      vertex 16.46480169147253 0.297124271094799 4.197124271094799
      vertex 16.54500000178814 0.24603230953216548 4.146032309532166
    endloop
  endfacet
  facet normal 0.30070581678554154 0.9537169452994637 0
    outer loop
      vertex 16.807887241244316 0.13714085221290584 0
      vertex 16.71719804406166 0.16573504805564876 4.065735048055649
      vertex 16.807887241244316 0.13714085221290584 4.037140852212906
    endloop
  endfacet
  facet normal 0.38268337741387726 0.9238795552728223 0
    outer loop
      vertex 16.71719804406166 0.16573504805564876 0
      vertex 16.62934609502554 0.202124510705471 4.102124510705472
      vertex 16.71719804406166 0.16573504805564876 4.065735048055649
    endloop
  endfacet
  facet normal 0.6087614113855669 0.7933533538139563 0
    outer loop
      vertex 16.46480169147253 0.297124271094799 0
      vertex 16.389361508190632 0.3550115570425987 4.255011557042599
      vertex 16.46480169147253 0.297124271094799 4.197124271094799
    endloop
  endfacet
  facet normal 0.6755901853079284 0.7372773572513937 0
    outer loop
      vertex 16.389361508190632 0.3550115570425987 0
      vertex 16.319253608584404 0.41925360709428783 4.3192536070942875
      vertex 16.389361508190632 0.3550115570425987 4.255011557042599
    endloop
  endfacet
  facet normal 0.7372773572513935 0.6755901853079284 0
    outer loop
      vertex 16.319253608584404 0.41925360709428783 0
      vertex 16.255011558532715 0.4893615067005157 4.389361506700515
      vertex 16.319253608584404 0.41925360709428783 4.3192536070942875
    endloop
  endfacet
  facet normal 0.7933533538139562 0.6087614113855669 0
    outer loop
      vertex 16.255011558532715 0.4893615067005157 0
      vertex 16.197124272584915 0.5648016899824142 4.464801689982414
      vertex 16.255011558532715 0.4893615067005157 4.389361506700515
    endloop
  endfacet
  facet normal 0.8433914310705402 0.5372996314876701 0
    outer loop
      vertex 16.197124272584915 0.5648016899824142 0
      vertex 16.14603231102228 0.6450000002980232 4.545000000298023
      vertex 16.197124272584915 0.5648016899824142 4.464801689982414
    endloop
  endfacet
  facet normal 0.8870108252333624 0.4617486284969665 0
    outer loop
      vertex 16.14603231102228 0.6450000002980232 0
      vertex 16.102124512195587 0.7293460935354232 4.629346093535423
      vertex 16.14603231102228 0.6450000002980232 4.545000000298023
    endloop
  endfacet
  facet normal 0.9238795552728223 0.38268337741387726 0
    outer loop
      vertex 16.102124512195587 0.7293460935354232 0
      vertex 16.065735049545765 0.8171980425715446 4.717198042571545
      vertex 16.102124512195587 0.7293460935354232 4.629346093535423
    endloop
  endfacet
  facet normal 0.9537169452994637 0.30070581678554154 0
    outer loop
      vertex 16.065735049545765 0.8171980425715446 0
      vertex 16.037140853703022 0.9078872397541999 4.8078872397542005
      vertex 16.065735049545765 0.8171980425715446 4.717198042571545
    endloop
  endfacet
  facet normal 0.9762960129824745 0.2164395874938876 0
    outer loop
      vertex 16.037140853703022 0.9078872397541999 0
      vertex 16.016559556126595 1.000723485648632 4.900723485648633
      vertex 16.037140853703022 0.9078872397541999 4.8078872397542005
    endloop
  endfacet
  facet normal 0.991444857554246 0.1305262212325198 0
    outer loop
      vertex 16.016559556126595 1.000723485648632 0
      vertex 16.00414778292179 1.0950002416968345 4.995000241696835
      vertex 16.016559556126595 1.000723485648632 4.900723485648633
    endloop
  endfacet
  facet normal 0.9990482198371382 0.04361942732596371 0
    outer loop
      vertex 16.00414778292179 1.0950002416968345 0
      vertex 16 1.1900000020861625 5.090000002086163
      vertex 16.00414778292179 1.0950002416968345 4.995000241696835
    endloop
  endfacet
  facet normal 1 0 0
    outer loop
      vertex 16 1.1900000020861625 0
      vertex 16 1.2099999979138374 5.109999997913838
      vertex 16 1.1900000020861625 5.090000002086163
    endloop
  endfacet
  facet normal 0.9990482198371383 -0.04361942732596371 0
    outer loop
      vertex 16 1.2099999979138374 0
      vertex 16.00414778292179 1.3049997583031654 5.204999758303166
      vertex 16 1.2099999979138374 5.109999997913838
    endloop
  endfacet
  facet normal 0.9914448575542462 -0.1305262212325198 0
    outer loop
      vertex 16.00414778292179 1.3049997583031654 0
      vertex 16.016559556126595 1.399276514351368 5.2992765143513685
      vertex 16.00414778292179 1.3049997583031654 5.204999758303166
    endloop
  endfacet
  facet normal 0.9762960129824744 -0.2164395874938876 0
    outer loop
      vertex 16.016559556126595 1.399276514351368 0
      vertex 16.037140853703022 1.4921127602458 5.3921127602458006
      vertex 16.016559556126595 1.399276514351368 5.2992765143513685
    endloop
  endfacet
  facet normal 0.953716945299458 -0.30070581678555974 3.3543868124564315e-16
    outer loop
      vertex 16.037140853703022 1.4921127602458 0
      vertex 16.065735049545765 1.5828019574284553 5.4
      vertex 16.03962769100224 1.4999999999999998 5.4
    endloop
  endfacet
  facet normal 0.953716945299524 -0.3007058167853508 0
    outer loop
      vertex 16.037140853703022 1.4921127602458 0
      vertex 16.03962769100224 1.4999999999999998 5.4
      vertex 16.037140853703022 1.4921127602458 5.3921127602458006
    endloop
  endfacet
  facet normal 0.9238795552728224 -0.3826833774138773 0
    outer loop
      vertex 16.065735049545765 1.5828019574284553 0
      vertex 16.102124512195587 1.6706539064645767 5.4
      vertex 16.065735049545765 1.5828019574284553 5.4
    endloop
  endfacet
  facet normal 0.8870108252333624 -0.4617486284969665 0
    outer loop
      vertex 16.102124512195587 1.6706539064645767 0
      vertex 16.14603231102228 1.7549999997019767 5.4
      vertex 16.102124512195587 1.6706539064645767 5.4
    endloop
  endfacet
  facet normal 0.8433914310705403 -0.5372996314876701 0
    outer loop
      vertex 16.14603231102228 1.7549999997019767 0
      vertex 16.197124272584915 1.8351983100175857 5.4
      vertex 16.14603231102228 1.7549999997019767 5.4
    endloop
  endfacet
  facet normal 0.7933533538139563 -0.6087614113855669 0
    outer loop
      vertex 16.197124272584915 1.8351983100175857 0
      vertex 16.255011558532715 1.9106384932994842 5.4
      vertex 16.197124272584915 1.8351983100175857 5.4
    endloop
  endfacet
  facet normal 0.7372773572513935 -0.6755901853079284 0
    outer loop
      vertex 16.255011558532715 1.9106384932994842 0
      vertex 16.319253608584404 1.980746392905712 5.4
      vertex 16.255011558532715 1.9106384932994842 5.4
    endloop
  endfacet
  facet normal 0.6755901853079296 -0.7372773572513924 0
    outer loop
      vertex 16.319253608584404 1.980746392905712 0
      vertex 16.389361508190632 2.0449884429574015 5.4
      vertex 16.319253608584404 1.980746392905712 5.4
    endloop
  endfacet
  facet normal 0.6087614113855669 -0.7933533538139563 0
    outer loop
      vertex 16.389361508190632 2.0449884429574015 0
      vertex 16.46480169147253 2.102875728905201 5.4
      vertex 16.389361508190632 2.0449884429574015 5.4
    endloop
  endfacet
  facet normal 0.5372996314876701 -0.8433914310705403 0
    outer loop
      vertex 16.46480169147253 2.102875728905201 0
      vertex 16.54500000178814 2.1539676904678347 5.4
      vertex 16.46480169147253 2.102875728905201 5.4
    endloop
  endfacet
  facet normal 0.4617486284969665 -0.8870108252333624 0
    outer loop
      vertex 16.54500000178814 2.1539676904678347 0
      vertex 16.62934609502554 2.197875489294529 5.4
      vertex 16.54500000178814 2.1539676904678347 5.4
    endloop
  endfacet
  facet normal 0.3826833774138773 -0.9238795552728224 0
    outer loop
      vertex 16.62934609502554 2.197875489294529 0
      vertex 16.71719804406166 2.2342649519443514 5.4
      vertex 16.62934609502554 2.197875489294529 5.4
    endloop
  endfacet
  facet normal 0.30070581678554154 -0.9537169452994637 0
    outer loop
      vertex 16.71719804406166 2.2342649519443514 0
      vertex 16.807887241244316 2.2628591477870943 5.4
      vertex 16.71719804406166 2.2342649519443514 5.4
    endloop
  endfacet
  facet normal 0.21643958749388761 -0.9762960129824744 0
    outer loop
      vertex 16.807887241244316 2.2628591477870943 0
      vertex 16.900723487138748 2.2834404453635218 5.4
      vertex 16.807887241244316 2.2628591477870943 5.4
    endloop
  endfacet
  facet normal 0.13052622123251978 -0.991444857554246 0
    outer loop
      vertex 16.900723487138748 2.2834404453635218 0
      vertex 16.99500024318695 2.295852218568325 5.4
      vertex 16.900723487138748 2.2834404453635218 5.4
    endloop
  endfacet
  facet normal 0.04361942732596372 -0.9990482198371383 0
    outer loop
      vertex 16.99500024318695 2.295852218568325 0
      vertex 17.09000000357628 2.3000000014901163 5.4
      vertex 16.99500024318695 2.295852218568325 5.4
    endloop
  endfacet
  facet normal 0 -1 0
    outer loop
      vertex 17.09000000357628 2.3000000014901163 0
      vertex 22.90999999642372 2.3000000014901163 5.4
      vertex 17.09000000357628 2.3000000014901163 5.4
    endloop
  endfacet
  facet normal -0.04361942732596372 -0.9990482198371383 0
    outer loop
      vertex 22.90999999642372 2.3000000014901163 0
      vertex 23.00499975681305 2.295852218568325 5.4
      vertex 22.90999999642372 2.3000000014901163 5.4
    endloop
  endfacet
  facet normal -0.13052622123251978 -0.991444857554246 0
    outer loop
      vertex 23.00499975681305 2.295852218568325 0
      vertex 23.099276512861252 2.2834404453635218 5.4
      vertex 23.00499975681305 2.295852218568325 5.4
    endloop
  endfacet
  facet normal -0.3007058167855415 0.9537169452994637 0
    outer loop
      vertex 23.28280195593834 0.16573504805564876 0
      vertex 23.192112758755684 0.13714085221290584 4.0371408522129055
      vertex 23.28280195593834 0.16573504805564876 4.0657350480556484
    endloop
  endfacet
  facet normal -0.38268337741387726 0.9238795552728224 0
    outer loop
      vertex 23.37065390497446 0.202124510705471 0
      vertex 23.28280195593834 0.16573504805564876 4.0657350480556484
      vertex 23.37065390497446 0.202124510705471 4.102124510705472
    endloop
  endfacet
  facet normal -0.4617486284969665 0.8870108252333624 0
    outer loop
      vertex 23.45499999821186 0.24603230953216548 0
      vertex 23.37065390497446 0.202124510705471 4.102124510705472
      vertex 23.45499999821186 0.24603230953216548 4.146032309532166
    endloop
  endfacet
  facet normal -0.5372996314876701 0.8433914310705403 0
    outer loop
      vertex 23.53519830852747 0.297124271094799 0
      vertex 23.45499999821186 0.24603230953216548 4.146032309532166
      vertex 23.53519830852747 0.297124271094799 4.1971242710948
    endloop
  endfacet
  facet normal -0.6087614113855668 0.7933533538139562 0
    outer loop
      vertex 23.610638491809368 0.3550115570425987 0
      vertex 23.53519830852747 0.297124271094799 4.1971242710948
      vertex 23.610638491809368 0.3550115570425987 4.255011557042598
    endloop
  endfacet
  facet normal -0.6755901853079284 0.7372773572513937 0
    outer loop
      vertex 23.680746391415596 0.41925360709428783 0
      vertex 23.610638491809368 0.3550115570425987 4.255011557042598
      vertex 23.680746391415596 0.41925360709428783 4.319253607094288
    endloop
  endfacet
  facet normal -0.7372773572513935 0.6755901853079284 0
    outer loop
      vertex 23.744988441467285 0.4893615067005157 0
      vertex 23.680746391415596 0.41925360709428783 4.319253607094288
      vertex 23.744988441467285 0.4893615067005157 4.389361506700516
    endloop
  endfacet
  facet normal -0.7933533538139563 0.608761411385567 0
    outer loop
      vertex 23.802875727415085 0.5648016899824142 0
      vertex 23.744988441467285 0.4893615067005157 4.389361506700516
      vertex 23.802875727415085 0.5648016899824142 4.464801689982415
    endloop
  endfacet
  facet normal -0.8433914310705403 0.53729963148767 0
    outer loop
      vertex 23.85396768897772 0.6450000002980232 0
      vertex 23.802875727415085 0.5648016899824142 4.464801689982415
      vertex 23.85396768897772 0.6450000002980232 4.545000000298024
    endloop
  endfacet
  facet normal -0.8870108252333623 0.46174862849696646 0
    outer loop
      vertex 23.897875487804413 0.7293460935354232 0
      vertex 23.85396768897772 0.6450000002980232 4.545000000298024
      vertex 23.897875487804413 0.7293460935354232 4.629346093535424
    endloop
  endfacet
  facet normal -0.9238795552728223 0.38268337741387726 0
    outer loop
      vertex 23.934264950454235 0.8171980425715446 0
      vertex 23.897875487804413 0.7293460935354232 4.629346093535424
      vertex 23.934264950454235 0.8171980425715446 4.717198042571545
    endloop
  endfacet
  facet normal -0.9537169452994638 0.30070581678554154 0
    outer loop
      vertex 23.962859146296978 0.9078872397541999 0
      vertex 23.934264950454235 0.8171980425715446 4.717198042571545
      vertex 23.962859146296978 0.9078872397541999 4.8078872397542005
    endloop
  endfacet
  facet normal -0.9762960129824744 0.2164395874938876 0
    outer loop
      vertex 23.983440443873405 1.000723485648632 0
      vertex 23.962859146296978 0.9078872397541999 4.8078872397542005
      vertex 23.983440443873405 1.000723485648632 4.900723485648632
    endloop
  endfacet
  facet normal -0.9914448575542462 0.1305262212325198 0
    outer loop
      vertex 23.99585221707821 1.0950002416968345 0
      vertex 23.983440443873405 1.000723485648632 4.900723485648632
      vertex 23.99585221707821 1.0950002416968345 4.995000241696835
    endloop
  endfacet
  facet normal -0.9990482198371382 0.04361942732596371 0
    outer loop
      vertex 24 1.1900000020861625 0
      vertex 23.99585221707821 1.0950002416968345 4.995000241696835
      vertex 24 1.1900000020861625 5.090000002086163
    endloop
  endfacet
  facet normal -1 0 0
    outer loop
      vertex 24 1.2099999979138374 0
      vertex 24 1.1900000020861625 5.090000002086163
      vertex 24 1.2099999979138374 5.109999997913838
    endloop
  endfacet
  facet normal -0.9990482198371383 -0.04361942732596371 0
    outer loop
      vertex 23.99585221707821 1.3049997583031654 0
      vertex 24 1.2099999979138374 5.109999997913838
      vertex 23.99585221707821 1.3049997583031654 5.204999758303166
    endloop
  endfacet
  facet normal -0.991444857554246 -0.13052622123251978 0
    outer loop
      vertex 23.983440443873405 1.399276514351368 0
      vertex 23.99585221707821 1.3049997583031654 5.204999758303166
      vertex 23.983440443873405 1.399276514351368 5.2992765143513685
    endloop
  endfacet
  facet normal -0.9762960129824744 -0.21643958749388761 0
    outer loop
      vertex 23.962859146296978 1.4921127602458 0
      vertex 23.983440443873405 1.399276514351368 5.2992765143513685
      vertex 23.962859146296978 1.4921127602458 5.3921127602458006
    endloop
  endfacet
  facet normal -0.9537169452995229 -0.300705816785354 3.4719126233804425e-15
    outer loop
      vertex 23.934264950454235 1.5828019574284553 0
      vertex 23.962859146296978 1.4921127602458 5.3921127602458006
      vertex 23.96037230899776 1.4999999999999998 5.4
    endloop
  endfacet
  facet normal -0.9238795552728224 -0.3826833774138773 0
    outer loop
      vertex 23.897875487804413 1.6706539064645767 0
      vertex 23.934264950454235 1.5828019574284553 5.4
      vertex 23.897875487804413 1.6706539064645767 5.4
    endloop
  endfacet
  facet normal -0.953716945299458 -0.30070581678555963 0
    outer loop
      vertex 23.934264950454235 1.5828019574284553 0
      vertex 23.96037230899776 1.4999999999999998 5.4
      vertex 23.934264950454235 1.5828019574284553 5.4
    endloop
  endfacet
  facet normal -0.5372996314876701 -0.8433914310705403 0
    outer loop
      vertex 23.45499999821186 2.1539676904678347 0
      vertex 23.53519830852747 2.102875728905201 5.4
      vertex 23.45499999821186 2.1539676904678347 5.4
    endloop
  endfacet
  facet normal -0.8433914310705403 -0.5372996314876701 0
    outer loop
      vertex 23.802875727415085 1.8351983100175857 0
      vertex 23.85396768897772 1.7549999997019767 5.4
      vertex 23.802875727415085 1.8351983100175857 5.4
    endloop
  endfacet
  facet normal -0.7933533538139563 -0.6087614113855669 0
    outer loop
      vertex 23.744988441467285 1.9106384932994842 0
      vertex 23.802875727415085 1.8351983100175857 5.4
      vertex 23.744988441467285 1.9106384932994842 5.4
    endloop
  endfacet
  facet normal -0.6755901853079296 -0.7372773572513924 0
    outer loop
      vertex 23.610638491809368 2.0449884429574015 0
      vertex 23.680746391415596 1.980746392905712 5.4
      vertex 23.610638491809368 2.0449884429574015 5.4
    endloop
  endfacet
  facet normal -0.6087614113855669 -0.7933533538139563 0
    outer loop
      vertex 23.53519830852747 2.102875728905201 0
      vertex 23.610638491809368 2.0449884429574015 5.4
      vertex 23.53519830852747 2.102875728905201 5.4
    endloop
  endfacet
  facet normal -0.7372773572513935 -0.6755901853079284 0
    outer loop
      vertex 23.680746391415596 1.980746392905712 0
      vertex 23.744988441467285 1.9106384932994842 5.4
      vertex 23.680746391415596 1.980746392905712 5.4
    endloop
  endfacet
  facet normal -0.21643958749388761 -0.9762960129824744 0
    outer loop
      vertex 23.099276512861252 2.2834404453635218 0
      vertex 23.192112758755684 2.2628591477870943 5.4
      vertex 23.099276512861252 2.2834404453635218 5.4
    endloop
  endfacet
  facet normal -0.30070581678554154 -0.9537169452994637 0
    outer loop
      vertex 23.192112758755684 2.2628591477870943 0
      vertex 23.28280195593834 2.2342649519443514 5.4
      vertex 23.192112758755684 2.2628591477870943 5.4
    endloop
  endfacet
  facet normal -0.3826833774138773 -0.9238795552728224 0
    outer loop
      vertex 23.28280195593834 2.2342649519443514 0
      vertex 23.37065390497446 2.197875489294529 5.4
      vertex 23.28280195593834 2.2342649519443514 5.4
    endloop
  endfacet
  facet normal -0.4617486284969665 -0.8870108252333624 0
    outer loop
      vertex 23.37065390497446 2.197875489294529 0
      vertex 23.45499999821186 2.1539676904678347 5.4
      vertex 23.37065390497446 2.197875489294529 5.4
    endloop
  endfacet
  facet normal -0.8870108252333624 -0.4617486284969665 0
    outer loop
      vertex 23.85396768897772 1.7549999997019767 0
      vertex 23.897875487804413 1.6706539064645767 5.4
      vertex 23.85396768897772 1.7549999997019767 5.4
    endloop
  endfacet
  facet normal 0 1 0
    outer loop
      vertex -10.249999999999998 14 0
      vertex -10.249999999999998 14 5.4
      vertex -9.049999999999999 14 0
    endloop
  endfacet
  facet normal 0 1 0
    outer loop
      vertex -9.049999999999999 14 0
      vertex -10.249999999999998 14 5.4
      vertex -9.049999999999999 14 5.4
    endloop
  endfacet
  facet normal -1 0 0
    outer loop
      vertex -9.049999999999999 14 0
      vertex -9.049999999999999 14 5.4
      vertex -9.049999999999999 40 0
    endloop
  endfacet
  facet normal 1 0 3.289549702593056e-16
    outer loop
      vertex -10.249999999999998 14 0
      vertex -10.249999999999998 40 0
      vertex -10.25 40 5.4
    endloop
  endfacet
  facet normal 0 -1 0
    outer loop
      vertex -10.249999999999998 41.2 0
      vertex -10.087837837837837 41.2 0
      vertex -10.25 41.2 5.4
    endloop
  endfacet
  facet normal 1 6.832141690000964e-17 0
    outer loop
      vertex -10.249999999999998 14 0
      vertex -10.25 40 5.4
      vertex -10.249999999999998 14 5.4
    endloop
  endfacet
  facet normal -1 0 0
    outer loop
      vertex -9.049999999999999 14 5.4
      vertex -9.049999999999999 40 5.4
      vertex -9.049999999999999 40 0
    endloop
  endfacet
  facet normal 0 -1 0
    outer loop
      vertex -10.087837837837837 41.2 0
      vertex -9.21216216216216 41.2 5.4
      vertex -10.25 41.2 5.4
    endloop
  endfacet
  facet normal 0 1 0
    outer loop
      vertex 10.087837837837837 12.8 0
      vertex 10.25 12.8 5.4
      vertex 10.249999999999998 12.8 0
    endloop
  endfacet
  facet normal 0 1 0
    outer loop
      vertex 10.087837837837837 12.8 0
      vertex 9.21216216216216 12.8 5.4
      vertex 10.25 12.8 5.4
    endloop
  endfacet
  facet normal -1 0 3.289549702593056e-16
    outer loop
      vertex 10.249999999999998 14 0
      vertex 10.25 14 5.4
      vertex 10.249999999999998 40 0
    endloop
  endfacet
  facet normal 1 0 0
    outer loop
      vertex 9.049999999999999 14 0
      vertex 9.049999999999999 40 0
      vertex 9.049999999999999 40 5.4
    endloop
  endfacet
  facet normal 0 -1 0
    outer loop
      vertex 9.049999999999999 40 0
      vertex 10.249999999999998 40 0
      vertex 10.249999999999998 40 5.4
    endloop
  endfacet
  facet normal 1 0 0
    outer loop
      vertex 9.049999999999999 14 0
      vertex 9.049999999999999 40 5.4
      vertex 9.049999999999999 14 5.4
    endloop
  endfacet
  facet normal -1 -6.832141690000964e-17 0
    outer loop
      vertex 10.25 14 5.4
      vertex 10.249999999999998 40 5.4
      vertex 10.249999999999998 40 0
    endloop
  endfacet
  facet normal 0 -1 0
    outer loop
      vertex 9.049999999999999 40 0
      vertex 10.249999999999998 40 5.4
      vertex 9.049999999999999 40 5.4
    endloop
  endfacet
  facet normal -1 0 0
    outer loop
      vertex -7.85 40 0
      vertex -7.85 40 1.2
      vertex -7.85 41.2 0
    endloop
  endfacet
  facet normal 0 -1 0
    outer loop
      vertex -10.087837837837837 41.2 0
      vertex -7.85 41.2 0
      vertex -7.85 41.2 1.2
    endloop
  endfacet
  facet normal 0 1 0
    outer loop
      vertex -7.85 40 0
      vertex -7.850000001490116 40 1.2
      vertex -7.85 40 1.2
    endloop
  endfacet
  facet normal -1 0 0
    outer loop
      vertex -7.85 41.2 0
      vertex -7.85 40 1.2
      vertex -7.85 41.2 1.2
    endloop
  endfacet
  facet normal 0 -1 0
    outer loop
      vertex -10.087837837837837 41.2 0
      vertex -7.85 41.2 1.2
      vertex -7.850000001490116 41.2 1.2
    endloop
  endfacet
  facet normal 1 0 3.289549702593056e-16
    outer loop
      vertex -10.249999999999998 40 0
      vertex -10.249999999999998 41.2 0
      vertex -10.25 41.2 5.4
    endloop
  endfacet
  facet normal 0 1 0
    outer loop
      vertex -9.049999999999999 40 0
      vertex -9.049999999999999 40 5.4
      vertex -7.85 40 0
    endloop
  endfacet
  facet normal 0 -1 0
    outer loop
      vertex -10.087837837837837 41.2 0
      vertex -7.850000001490116 41.2 1.2
      vertex -9.21216216216216 41.2 5.4
    endloop
  endfacet
  facet normal 0 1 0
    outer loop
      vertex -7.85 40 0
      vertex -9.049999999999999 40 5.4
      vertex -7.850000001490116 40 1.2
    endloop
  endfacet
  facet normal 0 1 0
    outer loop
      vertex -9.049999999999999 40 5.4
      vertex -7.850000001490116 40 1.7000000029802322
      vertex -7.850000001490116 40 1.2
    endloop
  endfacet
  facet normal 1 0 3.289549702593056e-16
    outer loop
      vertex -10.249999999999998 40 0
      vertex -10.25 41.2 5.4
      vertex -10.25 40 5.4
    endloop
  endfacet
  facet normal 0 -1 0
    outer loop
      vertex -7.850000001490116 41.2 1.2
      vertex -7.850000001490116 41.2 5.4
      vertex -9.21216216216216 41.2 5.4
    endloop
  endfacet
  facet normal 0 1 0
    outer loop
      vertex -7.850000001490116 40 1.7000000029802322
      vertex -9.049999999999999 40 5.4
      vertex -7.850000001490116 40 5.399999998509884
    endloop
  endfacet
  facet normal 0 1 0
    outer loop
      vertex -7.850000001490116 40 5.4
      vertex -7.850000001490116 40 5.399999998509884
      vertex -9.049999999999999 40 5.4
    endloop
  endfacet
  facet normal 0 1 0
    outer loop
      vertex 7.85 12.8 0
      vertex 7.85 12.8 1.2
      vertex 10.087837837837837 12.8 0
    endloop
  endfacet
  facet normal 1 0 0
    outer loop
      vertex 7.85 12.8 0
      vertex 7.85 14 0
      vertex 7.85 14 1.2
    endloop
  endfacet
  facet normal 0 1 0
    outer loop
      vertex 10.087837837837837 12.8 0
      vertex 7.85 12.8 1.2
      vertex 7.850000001490116 12.8 1.2
    endloop
  endfacet
  facet normal 1 0 0
    outer loop
      vertex 7.85 12.8 0
      vertex 7.85 14 1.2
      vertex 7.85 12.8 1.2
    endloop
  endfacet
  facet normal 0 -1 0
    outer loop
      vertex 7.85 14 0
      vertex 7.850000001490116 14 1.2
      vertex 7.85 14 1.2
    endloop
  endfacet
  facet normal -1 0 3.289549702593056e-16
    outer loop
      vertex 10.249999999999998 12.8 0
      vertex 10.25 12.8 5.4
      vertex 10.249999999999998 14 0
    endloop
  endfacet
  facet normal 0 1 0
    outer loop
      vertex 10.087837837837837 12.8 0
      vertex 7.850000001490116 12.8 1.2
      vertex 9.21216216216216 12.8 5.4
    endloop
  endfacet
  facet normal 0 -1 0
    outer loop
      vertex 7.85 14 0
      vertex 9.049999999999999 14 0
      vertex 9.049999999999999 14 5.4
    endloop
  endfacet
  facet normal 0 -1 0
    outer loop
      vertex 7.85 14 0
      vertex 9.049999999999999 14 5.4
      vertex 7.850000001490116 14 1.2
    endloop
  endfacet
  facet normal -1 0 3.289549702593056e-16
    outer loop
      vertex 10.249999999999998 14 0
      vertex 10.25 12.8 5.4
      vertex 10.25 14 5.4
    endloop
  endfacet
  facet normal 0 1 0
    outer loop
      vertex 7.850000001490116 12.8 1.2
      vertex 7.850000001490116 12.8 5.4
      vertex 9.21216216216216 12.8 5.4
    endloop
  endfacet
  facet normal 0 -1 0
    outer loop
      vertex 7.850000001490116 14 1.7000000029802322
      vertex 7.850000001490116 14 1.2
      vertex 9.049999999999999 14 5.4
    endloop
  endfacet
  facet normal 0 -1 0
    outer loop
      vertex 7.850000001490116 14 1.7000000029802322
      vertex 9.049999999999999 14 5.4
      vertex 7.850000001490116 14 5.399999998509884
    endloop
  endfacet
  facet normal 0 -1 0
    outer loop
      vertex 7.850000001490116 14 5.4
      vertex 7.850000001490116 14 5.399999998509884
      vertex 9.049999999999999 14 5.4
    endloop
  endfacet
  facet normal 0 0 -1
    outer loop
      vertex -46.20653814077377 -9.322906710207462 0
      vertex -46.22913873195648 -9.194732397794724 0
      vertex -42.35 -7 0
    endloop
  endfacet
  facet normal 0 0 -1
    outer loop
      vertex -46.17285240441561 -9.448623597621918 0
      vertex -46.20653814077377 -9.322906710207462 0
      vertex -42.21926638587851 -6.994292047137618 0
    endloop
  endfacet
  facet normal 0 0 -1
    outer loop
      vertex -46.12833787500858 -9.570926271378994 0
      vertex -46.17285240441561 -9.448623597621918 0
      vertex -41.96177143234622 -6.9488887394336025 0
    endloop
  endfacet
  facet normal 0 0 -1
    outer loop
      vertex -46.22913873195648 -9.194732397794724 0
      vertex -46.24809954315424 -8.978009283542633 0
      vertex -42.35 -7 0
    endloop
  endfacet
  facet normal 0 0 -1
    outer loop
      vertex -46.24809954315424 -8.978009283542633 0
      vertex -46.25 -8.890912786126137 0
      vertex -42.35 -7 0
    endloop
  endfacet
  facet normal 0 0 -1
    outer loop
      vertex -46.25 -8.890912786126137 0
      vertex -44.21066017177982 -6.560660171779821 0
      vertex -44.11418141452981 -6.649066664678467 0
    endloop
  endfacet
  facet normal 0 0 -1
    outer loop
      vertex -46.25 -8.890912786126137 0
      vertex -44.29906666467847 -6.464181414529809 0
      vertex -44.21066017177982 -6.560660171779821 0
    endloop
  endfacet
  facet normal 0 0 -1
    outer loop
      vertex -46.25 -8.890912786126137 0
      vertex -44.37872806643349 -6.360364654526569 0
      vertex -44.29906666467847 -6.464181414529809 0
    endloop
  endfacet
  facet normal 0 0 -1
    outer loop
      vertex -46.25 -8.890912786126137 0
      vertex -44.44903810567666 -6.25 0
      vertex -44.37872806643349 -6.360364654526569 0
    endloop
  endfacet
  facet normal 0 0 -1
    outer loop
      vertex -46.25 -8.890912786126137 0
      vertex -44.50946168055498 -6.133927392611049 0
      vertex -44.44903810567666 -6.25 0
    endloop
  endfacet
  facet normal 0 0 -1
    outer loop
      vertex -46.25 -8.890912786126137 0
      vertex -44.559538931178864 -6.013030214988503 0
      vertex -44.50946168055498 -6.133927392611049 0
    endloop
  endfacet
  facet normal 0 0 -1
    outer loop
      vertex -46.25 -8.890912786126137 0
      vertex -44.598888739433605 -5.8882285676537816 0
      vertex -44.559538931178864 -6.013030214988503 0
    endloop
  endfacet
  facet normal 0 0 -1
    outer loop
      vertex -46.25 -8.890912786126137 0
      vertex -44.627211629518314 -5.760472266500395 0
      vertex -44.598888739433605 -5.8882285676537816 0
    endloop
  endfacet
  facet normal 0 0 -1
    outer loop
      vertex -46.25 -8.890912786126137 0
      vertex -44.01036465452657 -6.728728066433487 0
      vertex -43.9 -6.799038105676658 0
    endloop
  endfacet
  facet normal 0 0 -1
    outer loop
      vertex -46.25 -8.890912786126137 0
      vertex -43.9 -6.799038105676658 0
      vertex -43.78392739261105 -6.859461680554975 0
    endloop
  endfacet
  facet normal 0 0 -1
    outer loop
      vertex -46.25 -8.890912786126137 0
      vertex -43.78392739261105 -6.859461680554975 0
      vertex -43.6630302149885 -6.909538931178862 0
    endloop
  endfacet
  facet normal 0 0 -1
    outer loop
      vertex -46.25 -8.890912786126137 0
      vertex -43.6630302149885 -6.909538931178862 0
      vertex -43.53822856765378 -6.9488887394336025 0
    endloop
  endfacet
  facet normal 0 0 -1
    outer loop
      vertex -46.25 -8.890912786126137 0
      vertex -43.53822856765378 -6.9488887394336025 0
      vertex -43.41047226650039 -6.977211629518312 0
    endloop
  endfacet
  facet normal 0 0 -1
    outer loop
      vertex -46.25 -8.890912786126137 0
      vertex -43.41047226650039 -6.977211629518312 0
      vertex -43.28073361412149 -6.994292047137618 0
    endloop
  endfacet
  facet normal 0 0 -1
    outer loop
      vertex -46.25 -8.890912786126137 0
      vertex -43.28073361412149 -6.994292047137618 0
      vertex -43.15 -7 0
    endloop
  endfacet
  facet normal 0 0 -1
    outer loop
      vertex -46.25 -8.890912786126137 0
      vertex -43.15 -7 0
      vertex -42.35 -7 0
    endloop
  endfacet
  facet normal 0 0 -1
    outer loop
      vertex -46.20653814077377 -9.322906710207462 0
      vertex -42.35 -7 0
      vertex -42.21926638587851 -6.994292047137618 0
    endloop
  endfacet
  facet normal 0 0 -1
    outer loop
      vertex -46.17285240441561 -9.448623597621918 0
      vertex -42.21926638587851 -6.994292047137618 0
      vertex -42.08952773349961 -6.977211629518312 0
    endloop
  endfacet
  facet normal 0 0 -1
    outer loop
      vertex -46.17285240441561 -9.448623597621918 0
      vertex -42.08952773349961 -6.977211629518312 0
      vertex -41.96177143234622 -6.9488887394336025 0
    endloop
  endfacet
  facet normal 0 0 -1
    outer loop
      vertex -46.25 -8.890912786126137 0
      vertex -44.11418141452981 -6.649066664678467 0
      vertex -44.01036465452657 -6.728728066433487 0
    endloop
  endfacet
  facet normal 0 0 -1
    outer loop
      vertex -46.12833787500858 -9.570926271378994 0
      vertex -41.96177143234622 -6.9488887394336025 0
      vertex -41.8369697850115 -6.909538931178862 0
    endloop
  endfacet
  facet normal 0 0 -1
    outer loop
      vertex -46.12833787500858 -9.570926271378994 0
      vertex -41.8369697850115 -6.909538931178862 0
      vertex -41.71607260738895 -6.859461680554975 0
    endloop
  endfacet
  facet normal 0 0 -1
    outer loop
      vertex -46.12833787500858 -9.570926271378994 0
      vertex -41.71607260738895 -6.859461680554975 0
      vertex -41.6 -6.799038105676658 0
    endloop
  endfacet
  facet normal 0 0 -1
    outer loop
      vertex -46.25 -8.890912786126137 0
      vertex -46.25 1.3909127861261368 0
      vertex -44.627211629518314 -5.760472266500395 0
    endloop
  endfacet
  facet normal 0 0 -1
    outer loop
      vertex -44.627211629518314 -5.760472266500395 0
      vertex -46.25 1.3909127861261368 0
      vertex -44.64429204713762 -5.630733614121487 0
    endloop
  endfacet
  facet normal 0 0 -1
    outer loop
      vertex -44.64429204713762 -5.630733614121487 0
      vertex -46.25 1.3909127861261368 0
      vertex -44.65 -5.5 0
    endloop
  endfacet
  facet normal 0 0 -1
    outer loop
      vertex -44.65 -5.5 0
      vertex -46.25 1.3909127861261368 0
      vertex -44.65 -4 0
    endloop
  endfacet
  facet normal 0 0 -1
    outer loop
      vertex -45.849945574998856 -10.0079146027565 0
      vertex -45.93360560387373 -9.908212460577488 0
      vertex -25.350000001490116 3 0
    endloop
  endfacet
  facet normal 0 0 -1
    outer loop
      vertex -45.93360560387373 -9.908212460577488 0
      vertex -46.00825748592615 -9.801598519086838 0
      vertex -25.350000001490116 3 0
    endloop
  endfacet
  facet normal 0 0 -1
    outer loop
      vertex -46.00825748592615 -9.801598519086838 0
      vertex -46.07333342730999 -9.688883677124977 0
      vertex -25.350000001490116 3 0
    endloop
  endfacet
  facet normal 0 0 -1
    outer loop
      vertex -46.07333342730999 -9.688883677124977 0
      vertex -46.12833787500858 -9.570926271378994 0
      vertex -25.350000001490116 3 0
    endloop
  endfacet
  facet normal 0 0 -1
    outer loop
      vertex -45.19862361997366 -10.422852396965027 0
      vertex -25.350000001490116 3 0
      vertex -45.07290671020746 -10.456538140773773 0
    endloop
  endfacet
  facet normal 0 0 -1
    outer loop
      vertex -45.07290671020746 -10.456538140773773 0
      vertex -25.350000001490116 3 0
      vertex -44.94473238289356 -10.479138739407063 0
    endloop
  endfacet
  facet normal 0 0 -1
    outer loop
      vertex -44.94473238289356 -10.479138739407063 0
      vertex -25.350000001490116 3 0
      vertex -44.7280094102025 -10.49809954315424 0
    endloop
  endfacet
  facet normal 0 0 -1
    outer loop
      vertex -45.551598474383354 -10.258257515728474 0
      vertex -45.65821249783039 -10.183605574071407 0
      vertex -25.350000001490116 3 0
    endloop
  endfacet
  facet normal 0 0 -1
    outer loop
      vertex -45.849945574998856 -10.0079146027565 0
      vertex -25.350000001490116 3 0
      vertex -45.7579146400094 -10.099945537745953 0
    endloop
  endfacet
  facet normal 0 0 -1
    outer loop
      vertex -45.7579146400094 -10.099945537745953 0
      vertex -25.350000001490116 3 0
      vertex -45.65821249783039 -10.183605574071407 0
    endloop
  endfacet
  facet normal 0 0 -1
    outer loop
      vertex -45.551598474383354 -10.258257515728474 0
      vertex -25.350000001490116 3 0
      vertex -45.438883766531944 -10.323333382606506 0
    endloop
  endfacet
  facet normal 0 0 -1
    outer loop
      vertex -45.438883766531944 -10.323333382606506 0
      vertex -25.350000001490116 3 0
      vertex -45.32092626392841 -10.378337875008583 0
    endloop
  endfacet
  facet normal 0 0 -1
    outer loop
      vertex -45.32092626392841 -10.378337875008583 0
      vertex -25.350000001490116 3 0
      vertex -45.19862361997366 -10.422852396965027 0
    endloop
  endfacet
  facet normal 0 0 -1
    outer loop
      vertex -44.7280094102025 -10.49809954315424 0
      vertex -25.350000001490116 3 0
      vertex -44.64091279357672 -10.5 0
    endloop
  endfacet
  facet normal 0 0 -1
    outer loop
      vertex -46.12833787500858 -9.570926271378994 0
      vertex -41.6 -6.799038105676658 0
      vertex -25.350000001490116 3 0
    endloop
  endfacet
  facet normal 0 0 -1
    outer loop
      vertex -41.6 -6.799038105676658 0
      vertex -41.48963534547343 -6.728728066433487 0
      vertex -25.350000001490116 3 0
    endloop
  endfacet
  facet normal 0 0 -1
    outer loop
      vertex -41.48963534547343 -6.728728066433487 0
      vertex -41.38581858547019 -6.649066664678467 0
      vertex -25.350000001490116 3 0
    endloop
  endfacet
  facet normal 0 0 -1
    outer loop
      vertex -41.38581858547019 -6.649066664678467 0
      vertex -41.28933982822018 -6.560660171779821 0
      vertex -25.350000001490116 3 0
    endloop
  endfacet
  facet normal 0 0 -1
    outer loop
      vertex -41.28933982822018 -6.560660171779821 0
      vertex -41.20093333532153 -6.464181414529809 0
      vertex -25.350000001490116 3 0
    endloop
  endfacet
  facet normal 0 0 -1
    outer loop
      vertex -41.20093333532153 -6.464181414529809 0
      vertex -41.12127193356651 -6.360364654526569 0
      vertex -25.350000001490116 3 0
    endloop
  endfacet
  facet normal 0 0 -1
    outer loop
      vertex -41.12127193356651 -6.360364654526569 0
      vertex -41.05096189432334 -6.25 0
      vertex -25.350000001490116 3 0
    endloop
  endfacet
  facet normal 0 0 -1
    outer loop
      vertex -41.05096189432334 -6.25 0
      vertex -40.99053831944502 -6.133927392611049 0
      vertex -25.350000001490116 3 0
    endloop
  endfacet
  facet normal 0 0 -1
    outer loop
      vertex -40.99053831944502 -6.133927392611049 0
      vertex -40.940461068821136 -6.013030214988503 0
      vertex -25.350000001490116 3 0
    endloop
  endfacet
  facet normal 0 0 -1
    outer loop
      vertex -40.940461068821136 -6.013030214988503 0
      vertex -40.901111260566395 -5.8882285676537816 0
      vertex -25.350000001490116 3 0
    endloop
  endfacet
  facet normal 0 0 -1
    outer loop
      vertex -40.901111260566395 -5.8882285676537816 0
      vertex -40.872788370481686 -5.760472266500395 0
      vertex -25.350000001490116 3 0
    endloop
  endfacet
  facet normal 0 0 -1
    outer loop
      vertex -40.872788370481686 -5.760472266500395 0
      vertex -40.85570795286238 -5.630733614121487 0
      vertex -25.350000001490116 3 0
    endloop
  endfacet
  facet normal 0 0 -1
    outer loop
      vertex -40.85570795286238 -5.630733614121487 0
      vertex -40.85 -5.5 0
      vertex -25.350000001490116 3 0
    endloop
  endfacet
  facet normal -0.6427876349151449 -0.7660444219496638 0
    outer loop
      vertex -45.7579146400094 -10.099945537745953 0
      vertex -45.65821249783039 -10.183605574071407 0
      vertex -45.7579146400094 -10.099945537745953 2.4
    endloop
  endfacet
  facet normal -0.7071067811865476 -0.7071067811865476 0
    outer loop
      vertex -45.849945574998856 -10.0079146027565 0
      vertex -45.7579146400094 -10.099945537745953 0
      vertex -45.849945574998856 -10.0079146027565 2.4
    endloop
  endfacet
  facet normal -0.5735764299611151 -0.8191520487632695 0
    outer loop
      vertex -45.551598474383354 -10.258257515728474 0
      vertex -45.65821249783039 -10.183605574071407 2.4
      vertex -45.65821249783039 -10.183605574071407 0
    endloop
  endfacet
  facet normal -0.7660444501374555 -0.6427876013222433 0
    outer loop
      vertex -45.849945574998856 -10.0079146027565 0
      vertex -45.93360560387373 -9.908212460577488 2.4
      vertex -45.93360560387373 -9.908212460577488 0
    endloop
  endfacet
  facet normal -0.8191520567708331 -0.5735764185251289 0
    outer loop
      vertex -45.93360560387373 -9.908212460577488 0
      vertex -46.00825748592615 -9.801598519086838 2.4
      vertex -46.00825748592615 -9.801598519086838 0
    endloop
  endfacet
  facet normal -0.9063077691934632 -0.4226183000055347 0
    outer loop
      vertex -46.07333342730999 -9.688883677124977 0
      vertex -46.12833787500858 -9.570926271378994 2.4
      vertex -46.12833787500858 -9.570926271378994 0
    endloop
  endfacet
  facet normal -0.9396926292107343 -0.34202012017864875 0
    outer loop
      vertex -46.12833787500858 -9.570926271378994 0
      vertex -46.17285240441561 -9.448623597621918 2.4
      vertex -46.17285240441561 -9.448623597621918 0
    endloop
  endfacet
  facet normal -0.8660254136472958 -0.4999999829170298 0
    outer loop
      vertex -46.00825748592615 -9.801598519086838 0
      vertex -46.07333342730999 -9.688883677124977 2.4
      vertex -46.07333342730999 -9.688883677124977 0
    endloop
  endfacet
  facet normal -0.4999999997602288 -0.8660254039228706 0
    outer loop
      vertex -45.551598474383354 -10.258257515728474 0
      vertex -45.438883766531944 -10.323333382606506 0
      vertex -45.551598474383354 -10.258257515728474 2.4
    endloop
  endfacet
  facet normal -0.4226182970902235 -0.9063077705528954 0
    outer loop
      vertex -45.438883766531944 -10.323333382606506 0
      vertex -45.32092626392841 -10.378337875008583 0
      vertex -45.438883766531944 -10.323333382606506 2.4
    endloop
  endfacet
  facet normal -0.3420201432229239 -0.9396926208233043 0
    outer loop
      vertex -45.32092626392841 -10.378337875008583 0
      vertex -45.19862361997366 -10.422852396965027 0
      vertex -45.32092626392841 -10.378337875008583 2.4
    endloop
  endfacet
  facet normal -0.2588190405286145 -0.9659258275146427 0
    outer loop
      vertex -45.19862361997366 -10.422852396965027 0
      vertex -45.07290671020746 -10.456538140773773 0
      vertex -45.19862361997366 -10.422852396965027 2.4
    endloop
  endfacet
  facet normal -0.17364822605573915 -0.9848077444799542 0
    outer loop
      vertex -45.07290671020746 -10.456538140773773 0
      vertex -44.94473238289356 -10.479138739407063 0
      vertex -45.07290671020746 -10.456538140773773 2.4
    endloop
  endfacet
  facet normal -0.08715574507901631 -0.996194697887778 0
    outer loop
      vertex -44.94473238289356 -10.479138739407063 0
      vertex -44.7280094102025 -10.49809954315424 0
      vertex -44.94473238289356 -10.479138739407063 2.4
    endloop
  endfacet
  facet normal -0.9659258303218469 -0.2588190300519859 0
    outer loop
      vertex -46.17285240441561 -9.448623597621918 0
      vertex -46.20653814077377 -9.322906710207462 2.4
      vertex -46.20653814077377 -9.322906710207462 0
    endloop
  endfacet
  facet normal -0.984807750817174 -0.17364819011558652 0
    outer loop
      vertex -46.20653814077377 -9.322906710207462 0
      vertex -46.22913873195648 -9.194732397794724 2.4
      vertex -46.22913873195648 -9.194732397794724 0
    endloop
  endfacet
  facet normal -0.9961946998570876 -0.08715572256970262 0
    outer loop
      vertex -46.22913873195648 -9.194732397794724 0
      vertex -46.24809954315424 -8.978009283542633 2.4
      vertex -46.24809954315424 -8.978009283542633 0
    endloop
  endfacet
  facet normal -0.9997620259504554 -0.0218149367966307 0
    outer loop
      vertex -46.24809954315424 -8.978009283542633 0
      vertex -46.25 -8.890912786126137 2.4
      vertex -46.25 -8.890912786126137 0
    endloop
  endfacet
  facet normal -0.021814906952698245 -0.9997620266016534 0
    outer loop
      vertex -44.7280094102025 -10.49809954315424 0
      vertex -44.64091279357672 -10.5 0
      vertex -44.7280094102025 -10.49809954315424 2.4
    endloop
  endfacet
  facet normal -1 0 0
    outer loop
      vertex -46.25 -8.890912786126137 0
      vertex -46.25 -1.5 2.4
      vertex -46.25 1.3909127861261368 0
    endloop
  endfacet
  facet normal 0 0 -1
    outer loop
      vertex -44.65 -4 0
      vertex -46.25 1.3909127861261368 0
      vertex -44.64429204713762 -3.869266385878513 0
    endloop
  endfacet
  facet normal 0 0 -1
    outer loop
      vertex -44.64429204713762 -3.869266385878513 0
      vertex -46.25 1.3909127861261368 0
      vertex -44.627211629518314 -3.7395277334996044 0
    endloop
  endfacet
  facet normal 0 0 -1
    outer loop
      vertex -44.627211629518314 -3.7395277334996044 0
      vertex -46.25 1.3909127861261368 0
      vertex -44.598888739433605 -3.611771432346219 0
    endloop
  endfacet
  facet normal 0 0 -1
    outer loop
      vertex -44.598888739433605 -3.611771432346219 0
      vertex -46.25 1.3909127861261368 0
      vertex -44.559538931178864 -3.486969785011497 0
    endloop
  endfacet
  facet normal 0 0 -1
    outer loop
      vertex -44.559538931178864 -3.486969785011497 0
      vertex -46.25 1.3909127861261368 0
      vertex -44.50946168055498 -3.3660726073889506 0
    endloop
  endfacet
  facet normal 0 0 -1
    outer loop
      vertex -44.50946168055498 -3.3660726073889506 0
      vertex -46.25 1.3909127861261368 0
      vertex -44.44903810567666 -3.25 0
    endloop
  endfacet
  facet normal 0 0 -1
    outer loop
      vertex -44.44903810567666 -3.25 0
      vertex -46.25 1.3909127861261368 0
      vertex -44.37872806643349 -3.139635345473431 0
    endloop
  endfacet
  facet normal 0 0 -1
    outer loop
      vertex -44.37872806643349 -3.139635345473431 0
      vertex -46.25 1.3909127861261368 0
      vertex -44.29906666467847 -3.0358185854701913 0
    endloop
  endfacet
  facet normal 0 0 -1
    outer loop
      vertex -44.29906666467847 -3.0358185854701913 0
      vertex -46.25 1.3909127861261368 0
      vertex -44.21066017177982 -2.9393398282201786 0
    endloop
  endfacet
  facet normal 0 0 -1
    outer loop
      vertex -44.21066017177982 -2.9393398282201786 0
      vertex -46.25 1.3909127861261368 0
      vertex -44.11418141452981 -2.8509333353215327 0
    endloop
  endfacet
  facet normal 0 0 -1
    outer loop
      vertex -44.11418141452981 -2.8509333353215327 0
      vertex -46.25 1.3909127861261368 0
      vertex -44.01036465452657 -2.7712719335665126 0
    endloop
  endfacet
  facet normal 0 0 -1
    outer loop
      vertex -44.01036465452657 -2.7712719335665126 0
      vertex -46.25 1.3909127861261368 0
      vertex -43.9 -2.700961894323342 0
    endloop
  endfacet
  facet normal 0 0 -1
    outer loop
      vertex -43.9 -2.700961894323342 0
      vertex -46.25 1.3909127861261368 0
      vertex -43.78392739261105 -2.6405383194450254 0
    endloop
  endfacet
  facet normal 0 0 -1
    outer loop
      vertex -43.78392739261105 -2.6405383194450254 0
      vertex -46.25 1.3909127861261368 0
      vertex -43.6630302149885 -2.5904610688211376 0
    endloop
  endfacet
  facet normal 0 0 -1
    outer loop
      vertex -43.6630302149885 -2.5904610688211376 0
      vertex -46.25 1.3909127861261368 0
      vertex -43.53822856765378 -2.5511112605663975 0
    endloop
  endfacet
  facet normal 0 0 -1
    outer loop
      vertex -43.53822856765378 -2.5511112605663975 0
      vertex -46.25 1.3909127861261368 0
      vertex -43.41047226650039 -2.5227883704816882 0
    endloop
  endfacet
  facet normal 0 0 -1
    outer loop
      vertex -43.41047226650039 -2.5227883704816882 0
      vertex -46.25 1.3909127861261368 0
      vertex -43.28073361412149 -2.5057079528623816 0
    endloop
  endfacet
  facet normal 0 0 -1
    outer loop
      vertex -43.28073361412149 -2.5057079528623816 0
      vertex -46.25 1.3909127861261368 0
      vertex -43.15 -2.5 0
    endloop
  endfacet
  facet normal 0 0 -1
    outer loop
      vertex -43.15 -2.5 0
      vertex -46.25 1.3909127861261368 0
      vertex -42.35 -2.5 0
    endloop
  endfacet
  facet normal 0 0 -1
    outer loop
      vertex -42.35 -2.5 0
      vertex -46.25 1.3909127861261368 0
      vertex -42.21926638587851 -2.5057079528623816 0
    endloop
  endfacet
  facet normal 0 0 -1
    outer loop
      vertex -42.21926638587851 -2.5057079528623816 0
      vertex -46.25 1.3909127861261368 0
      vertex -42.08952773349961 -2.5227883704816882 0
    endloop
  endfacet
  facet normal 0 0 -1
    outer loop
      vertex -42.08952773349961 -2.5227883704816882 0
      vertex -46.25 1.3909127861261368 0
      vertex -41.96177143234622 -2.5511112605663975 0
    endloop
  endfacet
  facet normal 0 0 -1
    outer loop
      vertex -41.6 -2.700961894323342 0
      vertex -41.71607260738895 -2.6405383194450254 0
      vertex -46.25 1.3909127861261368 0
    endloop
  endfacet
  facet normal 0 0 -1
    outer loop
      vertex -41.8369697850115 -2.5904610688211376 0
      vertex -46.25 1.3909127861261368 0
      vertex -41.71607260738895 -2.6405383194450254 0
    endloop
  endfacet
  facet normal 0 0 -1
    outer loop
      vertex -41.96177143234622 -2.5511112605663975 0
      vertex -46.25 1.3909127861261368 0
      vertex -41.8369697850115 -2.5904610688211376 0
    endloop
  endfacet
  facet normal 0 0 -1
    outer loop
      vertex -46.25 1.3909127861261368 0
      vertex -46.24809954315424 1.4780094102025032 0
      vertex -44.72800928354263 2.9980995431542397 0
    endloop
  endfacet
  facet normal 0 0 -1
    outer loop
      vertex -46.24809954315424 1.4780094102025032 0
      vertex -46.22913873940706 1.6947323828935623 0
      vertex -44.72800928354263 2.9980995431542397 0
    endloop
  endfacet
  facet normal 0 0 -1
    outer loop
      vertex -46.22913873940706 1.6947323828935623 0
      vertex -46.20653814077377 1.8229067102074623 0
      vertex -44.72800928354263 2.9980995431542397 0
    endloop
  endfacet
  facet normal 0 0 -1
    outer loop
      vertex -46.20653814077377 1.8229067102074623 0
      vertex -46.17285239696503 1.9486236199736595 0
      vertex -44.72800928354263 2.9980995431542397 0
    endloop
  endfacet
  facet normal 0 0 -1
    outer loop
      vertex -46.17285239696503 1.9486236199736595 0
      vertex -46.12833787500858 2.0709262639284134 0
      vertex -44.72800928354263 2.9980995431542397 0
    endloop
  endfacet
  facet normal 0 0 -1
    outer loop
      vertex -46.12833787500858 2.0709262639284134 0
      vertex -46.073333382606506 2.1888837665319443 0
      vertex -44.72800928354263 2.9980995431542397 0
    endloop
  endfacet
  facet normal 0 0 -1
    outer loop
      vertex -46.073333382606506 2.1888837665319443 0
      vertex -46.008257515728474 2.301598474383354 0
      vertex -44.72800928354263 2.9980995431542397 0
    endloop
  endfacet
  facet normal 0 0 -1
    outer loop
      vertex -46.008257515728474 2.301598474383354 0
      vertex -45.93360557407141 2.408212497830391 0
      vertex -44.72800928354263 2.9980995431542397 0
    endloop
  endfacet
  facet normal 0 0 -1
    outer loop
      vertex -45.93360557407141 2.408212497830391 0
      vertex -45.84994553774595 2.5079146400094032 0
      vertex -44.72800928354263 2.9980995431542397 0
    endloop
  endfacet
  facet normal 0 0 -1
    outer loop
      vertex -46.25 1.3909127861261368 0
      vertex -44.72800928354263 2.9980995431542397 0
      vertex -44.64091279357672 3 0
    endloop
  endfacet
  facet normal 0 0 -1
    outer loop
      vertex -45.84994553774595 2.5079146400094032 0
      vertex -45.7579146027565 2.5999455749988556 0
      vertex -44.72800928354263 2.9980995431542397 0
    endloop
  endfacet
  facet normal 0 0 -1
    outer loop
      vertex -45.7579146027565 2.5999455749988556 0
      vertex -45.65821246057749 2.6836056038737297 0
      vertex -44.72800928354263 2.9980995431542397 0
    endloop
  endfacet
  facet normal 0 0 -1
    outer loop
      vertex -45.55159851908684 2.7582574859261513 0
      vertex -45.43888367712498 2.82333342730999 0
      vertex -45.19862359762192 2.9228524044156075 0
    endloop
  endfacet
  facet normal 0 0 -1
    outer loop
      vertex -45.65821246057749 2.6836056038737297 0
      vertex -45.55159851908684 2.7582574859261513 0
      vertex -44.72800928354263 2.9980995431542397 0
    endloop
  endfacet
  facet normal 0 0 -1
    outer loop
      vertex -45.43888367712498 2.82333342730999 0
      vertex -45.320926271378994 2.878337875008583 0
      vertex -45.19862359762192 2.9228524044156075 0
    endloop
  endfacet
  facet normal 0 0 -1
    outer loop
      vertex -45.55159851908684 2.7582574859261513 0
      vertex -45.19862359762192 2.9228524044156075 0
      vertex -45.07290671020746 2.956538140773773 0
    endloop
  endfacet
  facet normal 0 0 -1
    outer loop
      vertex -45.55159851908684 2.7582574859261513 0
      vertex -45.07290671020746 2.956538140773773 0
      vertex -44.94473239779472 2.979138731956482 0
    endloop
  endfacet
  facet normal 0 0 -1
    outer loop
      vertex -45.55159851908684 2.7582574859261513 0
      vertex -44.94473239779472 2.979138731956482 0
      vertex -44.72800928354263 2.9980995431542397 0
    endloop
  endfacet
  facet normal 0 0 -1
    outer loop
      vertex -41.6 -2.700961894323342 0
      vertex -46.25 1.3909127861261368 0
      vertex -25.350000001490116 3 0
    endloop
  endfacet
  facet normal 0 0 -1
    outer loop
      vertex -41.6 -2.700961894323342 0
      vertex -25.350000001490116 3 0
      vertex -41.48963534547343 -2.7712719335665126 0
    endloop
  endfacet
  facet normal 0 0 -1
    outer loop
      vertex -40.85 -5.5 0
      vertex -40.85 -4 0
      vertex -25.350000001490116 3 0
    endloop
  endfacet
  facet normal 0 0 -1
    outer loop
      vertex -40.85 -4 0
      vertex -40.85570795286238 -3.869266385878513 0
      vertex -25.350000001490116 3 0
    endloop
  endfacet
  facet normal 0 0 -1
    outer loop
      vertex -40.85570795286238 -3.869266385878513 0
      vertex -40.872788370481686 -3.7395277334996044 0
      vertex -25.350000001490116 3 0
    endloop
  endfacet
  facet normal 0 0 -1
    outer loop
      vertex -40.872788370481686 -3.7395277334996044 0
      vertex -40.901111260566395 -3.611771432346219 0
      vertex -25.350000001490116 3 0
    endloop
  endfacet
  facet normal 0 0 -1
    outer loop
      vertex -41.05096189432334 -3.25 0
      vertex -25.350000001490116 3 0
      vertex -40.99053831944502 -3.3660726073889506 0
    endloop
  endfacet
  facet normal 0 0 -1
    outer loop
      vertex -41.05096189432334 -3.25 0
      vertex -41.12127193356651 -3.139635345473431 0
      vertex -25.350000001490116 3 0
    endloop
  endfacet
  facet normal 0 0 -1
    outer loop
      vertex -41.38581858547019 -2.8509333353215327 0
      vertex -41.48963534547343 -2.7712719335665126 0
      vertex -25.350000001490116 3 0
    endloop
  endfacet
  facet normal 0 0 -1
    outer loop
      vertex -41.28933982822018 -2.9393398282201786 0
      vertex -41.38581858547019 -2.8509333353215327 0
      vertex -25.350000001490116 3 0
    endloop
  endfacet
  facet normal 0 0 -1
    outer loop
      vertex -41.20093333532153 -3.0358185854701913 0
      vertex -25.350000001490116 3 0
      vertex -41.12127193356651 -3.139635345473431 0
    endloop
  endfacet
  facet normal 0 0 -1
    outer loop
      vertex -41.20093333532153 -3.0358185854701913 0
      vertex -41.28933982822018 -2.9393398282201786 0
      vertex -25.350000001490116 3 0
    endloop
  endfacet
  facet normal 0 0 -1
    outer loop
      vertex -40.901111260566395 -3.611771432346219 0
      vertex -40.940461068821136 -3.486969785011497 0
      vertex -25.350000001490116 3 0
    endloop
  endfacet
  facet normal 0 0 -1
    outer loop
      vertex -40.940461068821136 -3.486969785011497 0
      vertex -40.99053831944502 -3.3660726073889506 0
      vertex -25.350000001490116 3 0
    endloop
  endfacet
  facet normal 0 0 -1
    outer loop
      vertex -46.25 1.3909127861261368 0
      vertex -44.64091279357672 3 0
      vertex -25.350000001490116 3 0
    endloop
  endfacet
  facet normal 0 0 -1
    outer loop
      vertex -44.64091279357672 -10.5 0
      vertex -23.802875727415085 0.5648016899824142 0
      vertex -23.744988441467285 0.4893615067005157 0
    endloop
  endfacet
  facet normal 0 0 -1
    outer loop
      vertex -44.64091279357672 -10.5 0
      vertex -23.85396768897772 0.6450000002980232 0
      vertex -23.802875727415085 0.5648016899824142 0
    endloop
  endfacet
  facet normal 0 0 -1
    outer loop
      vertex -44.64091279357672 -10.5 0
      vertex -23.897875487804413 0.7293460935354232 0
      vertex -23.85396768897772 0.6450000002980232 0
    endloop
  endfacet
  facet normal 0 0 -1
    outer loop
      vertex -44.64091279357672 -10.5 0
      vertex -23.934264950454235 0.8171980425715446 0
      vertex -23.897875487804413 0.7293460935354232 0
    endloop
  endfacet
  facet normal 0 0 -1
    outer loop
      vertex -44.64091279357672 -10.5 0
      vertex -23.962859146296978 0.9078872397541999 0
      vertex -23.934264950454235 0.8171980425715446 0
    endloop
  endfacet
  facet normal 0 0 -1
    outer loop
      vertex -44.64091279357672 -10.5 0
      vertex -23.53519830852747 0.297124271094799 0
      vertex -23.45499999821186 0.24603230953216548 0
    endloop
  endfacet
  facet normal 0 0 -1
    outer loop
      vertex -44.64091279357672 -10.5 0
      vertex -23.610638491809368 0.3550115570425987 0
      vertex -23.53519830852747 0.297124271094799 0
    endloop
  endfacet
  facet normal 0 0 -1
    outer loop
      vertex -44.64091279357672 -10.5 0
      vertex -23.680746391415596 0.41925360709428783 0
      vertex -23.610638491809368 0.3550115570425987 0
    endloop
  endfacet
  facet normal 0 0 -1
    outer loop
      vertex -44.64091279357672 -10.5 0
      vertex -23.744988441467285 0.4893615067005157 0
      vertex -23.680746391415596 0.41925360709428783 0
    endloop
  endfacet
  facet normal 0 0 -1
    outer loop
      vertex -44.64091279357672 -10.5 0
      vertex -23.45499999821186 0.24603230953216548 0
      vertex -23.37065390497446 0.202124510705471 0
    endloop
  endfacet
  facet normal 0 0 -1
    outer loop
      vertex -44.64091279357672 -10.5 0
      vertex -23.28280195593834 0.16573504805564876 0
      vertex -23.192112758755684 0.13714085221290584 0
    endloop
  endfacet
  facet normal 0 0 -1
    outer loop
      vertex -44.64091279357672 -10.5 0
      vertex -23.37065390497446 0.202124510705471 0
      vertex -23.28280195593834 0.16573504805564876 0
    endloop
  endfacet
  facet normal 0 0 -1
    outer loop
      vertex -44.64091279357672 -10.5 0
      vertex -23.983440443873405 1.000723485648632 0
      vertex -23.962859146296978 0.9078872397541999 0
    endloop
  endfacet
  facet normal 0 0 -1
    outer loop
      vertex -44.64091279357672 -10.5 0
      vertex -23.99585221707821 1.0950002416968345 0
      vertex -23.983440443873405 1.000723485648632 0
    endloop
  endfacet
  facet normal 0 0 -1
    outer loop
      vertex -44.64091279357672 -10.5 0
      vertex -24 1.1900000020861625 0
      vertex -23.99585221707821 1.0950002416968345 0
    endloop
  endfacet
  facet normal 0 0 -1
    outer loop
      vertex -44.64091279357672 -10.5 0
      vertex -24 1.2099999979138374 0
      vertex -24 1.1900000020861625 0
    endloop
  endfacet
  facet normal 0 0 -1
    outer loop
      vertex -44.64091279357672 -10.5 0
      vertex -23.99585221707821 1.3049997583031654 0
      vertex -24 1.2099999979138374 0
    endloop
  endfacet
  facet normal 0 0 -1
    outer loop
      vertex -44.64091279357672 -10.5 0
      vertex -23.983440443873405 1.399276514351368 0
      vertex -23.99585221707821 1.3049997583031654 0
    endloop
  endfacet
  facet normal 0 0 -1
    outer loop
      vertex -44.64091279357672 -10.5 0
      vertex -23.192112758755684 0.13714085221290584 0
      vertex -23.099276512861252 0.11655955463647838 0
    endloop
  endfacet
  facet normal 0 0 -1
    outer loop
      vertex -44.64091279357672 -10.5 0
      vertex -23.00499975681305 0.10414778143167491 0
      vertex -22.90999999642372 0.09999999850988384 0
    endloop
  endfacet
  facet normal 0 0 -1
    outer loop
      vertex -44.64091279357672 -10.5 0
      vertex -23.099276512861252 0.11655955463647838 0
      vertex -23.00499975681305 0.10414778143167491 0
    endloop
  endfacet
  facet normal 0 0 -1
    outer loop
      vertex -44.64091279357672 -10.5 0
      vertex -22.90999999642372 0.09999999850988384 0
      vertex -17.09000000357628 0.09999999850988384 0
    endloop
  endfacet
  facet normal 0 0 -1
    outer loop
      vertex -44.64091279357672 -10.5 0
      vertex -17.09000000357628 0.09999999850988384 0
      vertex -16.99500024318695 0.10414778143167491 0
    endloop
  endfacet
  facet normal 0 0 -1
    outer loop
      vertex -44.64091279357672 -10.5 0
      vertex -16.900723487138748 0.11655955463647838 0
      vertex -16.807887241244316 0.13714085221290584 0
    endloop
  endfacet
  facet normal 0 0 -1
    outer loop
      vertex -44.64091279357672 -10.5 0
      vertex -16.99500024318695 0.10414778143167491 0
      vertex -16.900723487138748 0.11655955463647838 0
    endloop
  endfacet
  facet normal 0 0 -1
    outer loop
      vertex -44.64091279357672 -10.5 0
      vertex -16.807887241244316 0.13714085221290584 0
      vertex -16.71719804406166 0.16573504805564876 0
    endloop
  endfacet
  facet normal 0 0 -1
    outer loop
      vertex -44.64091279357672 -10.5 0
      vertex -25.350000001490116 3 0
      vertex -24.478442572057247 3.038053020834923 0
    endloop
  endfacet
  facet normal 0 0 -1
    outer loop
      vertex -44.64091279357672 -10.5 0
      vertex -24.478442572057247 3.038053020834923 0
      vertex -23.983440443873405 1.399276514351368 0
    endloop
  endfacet
  facet normal 0 0 -1
    outer loop
      vertex -23.983440443873405 1.399276514351368 0
      vertex -24.478442572057247 3.038053020834923 0
      vertex -23.962859146296978 1.4921127602458 0
    endloop
  endfacet
  facet normal 0 0 -1
    outer loop
      vertex -23.962859146296978 1.4921127602458 0
      vertex -24.478442572057247 3.038053020834923 0
      vertex -23.934264950454235 1.5828019574284553 0
    endloop
  endfacet
  facet normal 0 0 -1
    outer loop
      vertex -23.934264950454235 1.5828019574284553 0
      vertex -24.478442572057247 3.038053020834923 0
      vertex -23.897875487804413 1.6706539064645767 0
    endloop
  endfacet
  facet normal 0 0 -1
    outer loop
      vertex -23.897875487804413 1.6706539064645767 0
      vertex -24.478442572057247 3.038053020834923 0
      vertex -23.85396768897772 1.7549999997019767 0
    endloop
  endfacet
  facet normal 0 0 -1
    outer loop
      vertex -23.85396768897772 1.7549999997019767 0
      vertex -24.478442572057247 3.038053020834923 0
      vertex -23.802875727415085 1.8351983100175857 0
    endloop
  endfacet
  facet normal 0 0 -1
    outer loop
      vertex -23.802875727415085 1.8351983100175857 0
      vertex -24.478442572057247 3.038053020834923 0
      vertex -23.744988441467285 1.9106384932994842 0
    endloop
  endfacet
  facet normal 0 0 -1
    outer loop
      vertex -23.744988441467285 1.9106384932994842 0
      vertex -24.478442572057247 3.038053020834923 0
      vertex -23.680746391415596 1.980746392905712 0
    endloop
  endfacet
  facet normal 0 0 -1
    outer loop
      vertex -23.680746391415596 1.980746392905712 0
      vertex -24.478442572057247 3.038053020834923 0
      vertex -23.610638491809368 2.0449884429574015 0
    endloop
  endfacet
  facet normal 0 0 -1
    outer loop
      vertex -23.610638491809368 2.0449884429574015 0
      vertex -24.478442572057247 3.038053020834923 0
      vertex -23.53519830852747 2.102875728905201 0
    endloop
  endfacet
  facet normal 0 0 -1
    outer loop
      vertex -23.53519830852747 2.102875728905201 0
      vertex -24.478442572057247 3.038053020834923 0
      vertex -23.45499999821186 2.1539676904678347 0
    endloop
  endfacet
  facet normal 0 0 -1
    outer loop
      vertex -23.45499999821186 2.1539676904678347 0
      vertex -24.478442572057247 3.038053020834923 0
      vertex -23.37065390497446 2.197875489294529 0
    endloop
  endfacet
  facet normal 0 0 -1
    outer loop
      vertex -23.37065390497446 2.197875489294529 0
      vertex -24.478442572057247 3.038053020834923 0
      vertex -23.28280195593834 2.2342649519443514 0
    endloop
  endfacet
  facet normal 0 0 -1
    outer loop
      vertex -23.28280195593834 2.2342649519443514 0
      vertex -24.478442572057247 3.038053020834923 0
      vertex -23.192112758755684 2.2628591477870943 0
    endloop
  endfacet
  facet normal 0 0 -1
    outer loop
      vertex -23.192112758755684 2.2628591477870943 0
      vertex -24.478442572057247 3.038053020834923 0
      vertex -23.099276512861252 2.2834404453635218 0
    endloop
  endfacet
  facet normal 0 0 -1
    outer loop
      vertex -24.478442572057247 3.038053020834923 0
      vertex -23.00499975681305 2.295852218568325 0
      vertex -23.099276512861252 2.2834404453635218 0
    endloop
  endfacet
  facet normal 0 0 -1
    outer loop
      vertex -24.478442572057247 3.038053020834923 0
      vertex -22.90999999642372 2.3000000014901163 0
      vertex -23.00499975681305 2.295852218568325 0
    endloop
  endfacet
  facet normal 0 0 -1
    outer loop
      vertex -24.478442572057247 3.038053020834923 0
      vertex -23.613518223166466 3.151922471821308 0
      vertex -22.90999999642372 2.3000000014901163 0
    endloop
  endfacet
  facet normal -0.7071067811865476 -0.7071067811865476 0
    outer loop
      vertex -45.7579146400094 -10.099945537745953 0
      vertex -45.7579146400094 -10.099945537745953 2.4
      vertex -45.849945574998856 -10.0079146027565 2.4
    endloop
  endfacet
  facet normal -0.6427876349151449 -0.7660444219496638 0
    outer loop
      vertex -45.65821249783039 -10.183605574071407 0
      vertex -45.65821249783039 -10.183605574071407 2.4
      vertex -45.7579146400094 -10.099945537745953 2.4
    endloop
  endfacet
  facet normal -0.5735764299611151 -0.8191520487632695 0
    outer loop
      vertex -45.551598474383354 -10.258257515728474 0
      vertex -45.551598474383354 -10.258257515728474 2.4
      vertex -45.65821249783039 -10.183605574071407 2.4
    endloop
  endfacet
  facet normal -0.8191520567708331 -0.5735764185251289 0
    outer loop
      vertex -45.93360560387373 -9.908212460577488 0
      vertex -45.93360560387373 -9.908212460577488 2.4
      vertex -46.00825748592615 -9.801598519086838 2.4
    endloop
  endfacet
  facet normal -0.8660254136472958 -0.4999999829170298 0
    outer loop
      vertex -46.00825748592615 -9.801598519086838 0
      vertex -46.00825748592615 -9.801598519086838 2.4
      vertex -46.07333342730999 -9.688883677124977 2.4
    endloop
  endfacet
  facet normal -0.9063077691934632 -0.4226183000055347 0
    outer loop
      vertex -46.07333342730999 -9.688883677124977 0
      vertex -46.07333342730999 -9.688883677124977 2.4
      vertex -46.12833787500858 -9.570926271378994 2.4
    endloop
  endfacet
  facet normal -0.9396926292107343 -0.34202012017864875 0
    outer loop
      vertex -46.12833787500858 -9.570926271378994 0
      vertex -46.12833787500858 -9.570926271378994 2.4
      vertex -46.17285240441561 -9.448623597621918 2.4
    endloop
  endfacet
  facet normal -0.7660444501374555 -0.6427876013222433 0
    outer loop
      vertex -45.849945574998856 -10.0079146027565 0
      vertex -45.849945574998856 -10.0079146027565 2.4
      vertex -45.93360560387373 -9.908212460577488 2.4
    endloop
  endfacet
  facet normal -0.4999999997602288 -0.8660254039228706 0
    outer loop
      vertex -45.438883766531944 -10.323333382606506 0
      vertex -45.438883766531944 -10.323333382606506 2.4
      vertex -45.551598474383354 -10.258257515728474 2.4
    endloop
  endfacet
  facet normal -0.4226182970902235 -0.9063077705528954 0
    outer loop
      vertex -45.32092626392841 -10.378337875008583 0
      vertex -45.32092626392841 -10.378337875008583 2.4
      vertex -45.438883766531944 -10.323333382606506 2.4
    endloop
  endfacet
  facet normal -0.3420201432229239 -0.9396926208233043 0
    outer loop
      vertex -45.19862361997366 -10.422852396965027 0
      vertex -45.19862361997366 -10.422852396965027 2.4
      vertex -45.32092626392841 -10.378337875008583 2.4
    endloop
  endfacet
  facet normal -0.2588190405286145 -0.9659258275146427 0
    outer loop
      vertex -45.07290671020746 -10.456538140773773 0
      vertex -45.07290671020746 -10.456538140773773 2.4
      vertex -45.19862361997366 -10.422852396965027 2.4
    endloop
  endfacet
  facet normal -0.17364822605573915 -0.9848077444799542 0
    outer loop
      vertex -44.94473238289356 -10.479138739407063 0
      vertex -44.94473238289356 -10.479138739407063 2.4
      vertex -45.07290671020746 -10.456538140773773 2.4
    endloop
  endfacet
  facet normal -0.9659258303218469 -0.2588190300519859 0
    outer loop
      vertex -46.17285240441561 -9.448623597621918 0
      vertex -46.17285240441561 -9.448623597621918 2.4
      vertex -46.20653814077377 -9.322906710207462 2.4
    endloop
  endfacet
  facet normal -0.984807750817174 -0.17364819011558652 0
    outer loop
      vertex -46.20653814077377 -9.322906710207462 0
      vertex -46.20653814077377 -9.322906710207462 2.4
      vertex -46.22913873195648 -9.194732397794724 2.4
    endloop
  endfacet
  facet normal -0.9961946998570876 -0.08715572256970262 0
    outer loop
      vertex -46.22913873195648 -9.194732397794724 0
      vertex -46.22913873195648 -9.194732397794724 2.4
      vertex -46.24809954315424 -8.978009283542633 2.4
    endloop
  endfacet
  facet normal -0.9997620259504554 -0.0218149367966307 0
    outer loop
      vertex -46.24809954315424 -8.978009283542633 0
      vertex -46.24809954315424 -8.978009283542633 2.4
      vertex -46.25 -8.890912786126137 2.4
    endloop
  endfacet
  facet normal -0.08715574507901631 -0.996194697887778 0
    outer loop
      vertex -44.7280094102025 -10.49809954315424 0
      vertex -44.7280094102025 -10.49809954315424 2.4
      vertex -44.94473238289356 -10.479138739407063 2.4
    endloop
  endfacet
  facet normal -0.021814906952698245 -0.9997620266016534 0
    outer loop
      vertex -44.64091279357672 -10.5 0
      vertex -44.64091279357672 -10.5 2.4
      vertex -44.7280094102025 -10.49809954315424 2.4
    endloop
  endfacet
  facet normal -1 0 0
    outer loop
      vertex -46.25 -8.890912786126137 0
      vertex -46.25 -8.890912786126137 2.4
      vertex -46.25 -1.5 2.4
    endloop
  endfacet
  facet normal -0.9997620266423533 0.021814905087455178 0
    outer loop
      vertex -46.25 1.3909127861261368 0
      vertex -46.24809954315424 1.4780094102025032 5.378009410202504
      vertex -46.24809954315424 1.4780094102025032 0
    endloop
  endfacet
  facet normal -0.9961946978877781 0.08715574507901634 0
    outer loop
      vertex -46.24809954315424 1.4780094102025032 0
      vertex -46.22913873940706 1.6947323828935623 5.4
      vertex -46.22913873940706 1.6947323828935623 0
    endloop
  endfacet
  facet normal -0.9848077444799543 0.17364822605573915 0
    outer loop
      vertex -46.22913873940706 1.6947323828935623 0
      vertex -46.20653814077377 1.8229067102074623 5.4
      vertex -46.20653814077377 1.8229067102074623 0
    endloop
  endfacet
  facet normal -0.9659258275146427 0.25881904052861443 0
    outer loop
      vertex -46.20653814077377 1.8229067102074623 0
      vertex -46.17285239696503 1.9486236199736595 5.4
      vertex -46.17285239696503 1.9486236199736595 0
    endloop
  endfacet
  facet normal -0.9396926208233044 0.34202014322292396 0
    outer loop
      vertex -46.17285239696503 1.9486236199736595 0
      vertex -46.12833787500858 2.0709262639284134 5.4
      vertex -46.12833787500858 2.0709262639284134 0
    endloop
  endfacet
  facet normal -0.9063077705528952 0.42261829709022347 0
    outer loop
      vertex -46.12833787500858 2.0709262639284134 0
      vertex -46.073333382606506 2.1888837665319443 5.4
      vertex -46.073333382606506 2.1888837665319443 0
    endloop
  endfacet
  facet normal -0.8660254039228708 0.49999999976022874 0
    outer loop
      vertex -46.073333382606506 2.1888837665319443 0
      vertex -46.008257515728474 2.301598474383354 5.4
      vertex -46.008257515728474 2.301598474383354 0
    endloop
  endfacet
  facet normal -0.8191520487632696 0.5735764299611151 0
    outer loop
      vertex -46.008257515728474 2.301598474383354 0
      vertex -45.93360557407141 2.408212497830391 5.4
      vertex -45.93360557407141 2.408212497830391 0
    endloop
  endfacet
  facet normal -0.7660444219496636 0.6427876349151449 0
    outer loop
      vertex -45.93360557407141 2.408212497830391 0
      vertex -45.84994553774595 2.5079146400094032 5.4
      vertex -45.84994553774595 2.5079146400094032 0
    endloop
  endfacet
  facet normal -0.7071067811865476 0.7071067811865476 0
    outer loop
      vertex -45.84994553774595 2.5079146400094032 0
      vertex -45.7579146027565 2.5999455749988556 5.4
      vertex -45.7579146027565 2.5999455749988556 0
    endloop
  endfacet
  facet normal -0.6427876013222436 0.7660444501374556 0
    outer loop
      vertex -45.7579146027565 2.5999455749988556 0
      vertex -45.65821246057749 2.6836056038737297 5.4
      vertex -45.65821246057749 2.6836056038737297 0
    endloop
  endfacet
  facet normal -0.5735764185251289 0.819152056770833 0
    outer loop
      vertex -45.65821246057749 2.6836056038737297 0
      vertex -45.55159851908684 2.7582574859261513 5.4
      vertex -45.55159851908684 2.7582574859261513 0
    endloop
  endfacet
  facet normal -0.4999999829170299 0.8660254136472959 0
    outer loop
      vertex -45.55159851908684 2.7582574859261513 0
      vertex -45.43888367712498 2.82333342730999 5.4
      vertex -45.43888367712498 2.82333342730999 0
    endloop
  endfacet
  facet normal -0.4226183000055347 0.9063077691934633 0
    outer loop
      vertex -45.43888367712498 2.82333342730999 0
      vertex -45.320926271378994 2.878337875008583 5.4
      vertex -45.320926271378994 2.878337875008583 0
    endloop
  endfacet
  facet normal -0.34202012017864875 0.9396926292107345 0
    outer loop
      vertex -45.320926271378994 2.878337875008583 0
      vertex -45.19862359762192 2.9228524044156075 5.4
      vertex -45.19862359762192 2.9228524044156075 0
    endloop
  endfacet
  facet normal -0.258819030051986 0.9659258303218469 0
    outer loop
      vertex -45.19862359762192 2.9228524044156075 0
      vertex -45.07290671020746 2.956538140773773 5.4
      vertex -45.07290671020746 2.956538140773773 0
    endloop
  endfacet
  facet normal -0.17364819011558655 0.984807750817174 0
    outer loop
      vertex -45.07290671020746 2.956538140773773 0
      vertex -44.94473239779472 2.979138731956482 5.4
      vertex -44.94473239779472 2.979138731956482 0
    endloop
  endfacet
  facet normal -0.08715572256970262 0.9961946998570878 0
    outer loop
      vertex -44.94473239779472 2.979138731956482 0
      vertex -44.72800928354263 2.9980995431542397 5.4
      vertex -44.72800928354263 2.9980995431542397 0
    endloop
  endfacet
  facet normal -0.021814938661879186 0.9997620259097555 0
    outer loop
      vertex -44.72800928354263 2.9980995431542397 0
      vertex -44.64091279357672 3 5.4
      vertex -44.64091279357672 3 0
    endloop
  endfacet
  facet normal -1 0 0
    outer loop
      vertex -46.25 1.3909127861261368 0
      vertex -46.25 -1.5 2.4
      vertex -46.25 1.3909127861261368 5.290912786126137
    endloop
  endfacet
  facet normal 0 1 0
    outer loop
      vertex -44.64091279357672 3 0
      vertex -25.350000001490116 3 5.4
      vertex -25.350000001490116 3 0
    endloop
  endfacet
  facet normal -0.04361938927250757 0.9990482214985889 0
    outer loop
      vertex -25.350000001490116 3 0
      vertex -24.478442572057247 3.038053020834923 5.4
      vertex -24.478442572057247 3.038053020834923 0
    endloop
  endfacet
  facet normal -0.13052619248006248 0.9914448613395793 0
    outer loop
      vertex -24.478442572057247 3.038053020834923 0
      vertex -23.613518223166466 3.151922471821308 5.4
      vertex -23.613518223166466 3.151922471821308 0
    endloop
  endfacet
  facet normal 0 0 -1
    outer loop
      vertex -23.613518223166466 3.151922471821308 0
      vertex -22.761809550225735 3.340741738677025 0
      vertex -22.90999999642372 2.3000000014901163 0
    endloop
  endfacet
  facet normal 0 0 -1
    outer loop
      vertex -22.90999999642372 2.3000000014901163 0
      vertex -22.761809550225735 3.340741738677025 0
      vertex -21.92979856580496 3.6030737906694412 0
    endloop
  endfacet
  facet normal 0 0 -1
    outer loop
      vertex -22.90999999642372 2.3000000014901163 0
      vertex -21.92979856580496 3.6030737906694412 0
      vertex -17.09000000357628 2.3000000014901163 0
    endloop
  endfacet
  facet normal 0 0 -1
    outer loop
      vertex -21.92979856580496 3.6030737906694412 0
      vertex -16.99500024318695 2.295852218568325 0
      vertex -17.09000000357628 2.3000000014901163 0
    endloop
  endfacet
  facet normal 0 0 -1
    outer loop
      vertex -21.92979856580496 3.6030737906694412 0
      vertex -16.900723487138748 2.2834404453635218 0
      vertex -16.99500024318695 2.295852218568325 0
    endloop
  endfacet
  facet normal 0 0 -1
    outer loop
      vertex -44.64091279357672 -10.5 0
      vertex -16.71719804406166 0.16573504805564876 0
      vertex 44.64091279357672 -10.5 0
    endloop
  endfacet
  facet normal 0 -1 0
    outer loop
      vertex -44.64091279357672 -10.5 0
      vertex 42.9490614334471 -10.5 2.4
      vertex -44.64091279357672 -10.5 2.4
    endloop
  endfacet
  facet normal -0.21643961387042335 0.9762960071349377 0
    outer loop
      vertex -23.613518223166466 3.151922471821308 0
      vertex -22.761809550225735 3.340741738677025 5.4
      vertex -22.761809550225735 3.340741738677025 0
    endloop
  endfacet
  facet normal -0.3007057956158277 0.9537169519742491 0
    outer loop
      vertex -22.761809550225735 3.340741738677025 0
      vertex -21.92979856580496 3.6030737906694412 5.4
      vertex -21.92979856580496 3.6030737906694412 0
    endloop
  endfacet
  facet normal -0.3826834381171763 0.9238795301286945 0
    outer loop
      vertex -21.92979856580496 3.6030737906694412 0
      vertex -21.12381738424301 3.9369221329689026 5.4
      vertex -21.12381738424301 3.9369221329689026 0
    endloop
  endfacet
  facet normal -0.461748609226557 0.8870108352649027 0
    outer loop
      vertex -21.12381738424301 3.9369221329689026 0
      vertex -20.350000001490116 4.339745961129665 5.4
      vertex -20.350000001490116 4.339745961129665 0
    endloop
  endfacet
  facet normal -0.5372996082502723 0.8433914458743957 0
    outer loop
      vertex -20.350000001490116 4.339745961129665 0
      vertex -19.614235639572144 4.808479554951191 5.4
      vertex -19.614235639572144 4.808479554951191 0
    endloop
  endfacet
  facet normal -0.6087614281122236 0.7933533409791417 0
    outer loop
      vertex -19.614235639572144 4.808479554951191 0
      vertex -18.922123901546 5.339555568993092 5.4
      vertex -18.922123901546 5.339555568993092 0
    endloop
  endfacet
  facet normal 0 0 -1
    outer loop
      vertex -16.68974596261978 8 0
      vertex -16.28692213445902 8.773817382752895 0
      vertex -7.51 5.99 0
    endloop
  endfacet
  facet normal 0 0 -1
    outer loop
      vertex -16.28692213445902 8.773817382752895 0
      vertex -15.953073792159557 9.579798564314842 0
      vertex -7.51 5.99 0
    endloop
  endfacet
  facet normal 0 0 -1
    outer loop
      vertex -15.953073792159557 9.579798564314842 0
      vertex -15.690741740167141 10.411809548735619 0
      vertex -7.51 5.99 0
    endloop
  endfacet
  facet normal 0 0 -1
    outer loop
      vertex -15.690741740167141 10.411809548735619 0
      vertex -15.501922473311424 11.26351822167635 0
      vertex -7.51 5.99 0
    endloop
  endfacet
  facet normal 0 0 -1
    outer loop
      vertex -15.501922473311424 11.26351822167635 0
      vertex -15.388053022325039 12.128442570567131 0
      vertex -7.51 5.99 0
    endloop
  endfacet
  facet normal 0 0 -1
    outer loop
      vertex -15.388053022325039 12.128442570567131 0
      vertex -15.350000001490116 13 0
      vertex -7.51 5.99 0
    endloop
  endfacet
  facet normal 0 0 -1
    outer loop
      vertex -7.276044445335865 5.3472123870253565 0
      vertex -7.217106783986091 5.282893216013909 0
      vertex -16.68974596261978 8 0
    endloop
  endfacet
  facet normal 0 0 -1
    outer loop
      vertex -7.083576435446739 5.1708479577302935 0
      vertex -16.68974596261978 8 0
      vertex -7.1527876129746435 5.223955554664135 0
    endloop
  endfacet
  facet normal 0 0 -1
    outer loop
      vertex -7.1527876129746435 5.223955554664135 0
      vertex -16.68974596261978 8 0
      vertex -7.217106783986091 5.282893216013909 0
    endloop
  endfacet
  facet normal 0 0 -1
    outer loop
      vertex -7.01 5.123974596858025 0
      vertex -6.932618262469768 5.0836922132968905 0
      vertex -16.68974596261978 8 0
    endloop
  endfacet
  facet normal 0 0 -1
    outer loop
      vertex -6.932618262469768 5.0836922132968905 0
      vertex -6.852020146548749 5.050307376086712 0
      vertex -16.68974596261978 8 0
    endloop
  endfacet
  facet normal 0 0 -1
    outer loop
      vertex -7.083576435446739 5.1708479577302935 0
      vertex -7.01 5.123974596858025 0
      vertex -16.68974596261978 8 0
    endloop
  endfacet
  facet normal 0 0 -1
    outer loop
      vertex -7.4163077867031095 5.567381737530232 0
      vertex -16.68974596261978 8 0
      vertex -7.449692623913288 5.647979853451252 0
    endloop
  endfacet
  facet normal 0 0 -1
    outer loop
      vertex -7.4163077867031095 5.567381737530232 0
      vertex -7.376025403141975 5.49 0
      vertex -16.68974596261978 8 0
    endloop
  endfacet
  facet normal 0 0 -1
    outer loop
      vertex -7.449692623913288 5.647979853451252 0
      vertex -16.68974596261978 8 0
      vertex -7.475925827622413 5.731180956363678 0
    endloop
  endfacet
  facet normal 0 0 -1
    outer loop
      vertex -16.68974596261978 8 0
      vertex -7.494807752072812 5.816351821422576 0
      vertex -7.475925827622413 5.731180956363678 0
    endloop
  endfacet
  facet normal 0 0 -1
    outer loop
      vertex -16.68974596261978 8 0
      vertex -7.5061946979165075 5.902844255566597 0
      vertex -7.494807752072812 5.816351821422576 0
    endloop
  endfacet
  facet normal 0 0 -1
    outer loop
      vertex -16.68974596261978 8 0
      vertex -7.51 5.99 0
      vertex -7.5061946979165075 5.902844255566597 0
    endloop
  endfacet
  facet normal 0 0 -1
    outer loop
      vertex -7.3291520422697065 5.416423564553261 0
      vertex -7.276044445335865 5.3472123870253565 0
      vertex -16.68974596261978 8 0
    endloop
  endfacet
  facet normal 0 0 -1
    outer loop
      vertex -7.3291520422697065 5.416423564553261 0
      vertex -16.68974596261978 8 0
      vertex -7.376025403141975 5.49 0
    endloop
  endfacet
  facet normal 0 0 -1
    outer loop
      vertex -6.852020146548749 5.050307376086712 0
      vertex -6.768819043636322 5.024074172377587 0
      vertex -16.68974596261978 8 0
    endloop
  endfacet
  facet normal 0 0 -1
    outer loop
      vertex -15.350000001490116 13 0
      vertex -10.249999999999998 14 0
      vertex -7.51 5.99 0
    endloop
  endfacet
  facet normal 0 0 -1
    outer loop
      vertex -7.51 5.99 0
      vertex -10.249999999999998 14 0
      vertex -9.049999999999999 14 0
    endloop
  endfacet
  facet normal 0 0 -1
    outer loop
      vertex -7.51 5.99 0
      vertex -9.049999999999999 14 0
      vertex -9.049999999999999 40 0
    endloop
  endfacet
  facet normal -0.6755902114170451 0.7372773333267967 0
    outer loop
      vertex -18.922123901546 5.339555568993092 0
      vertex -18.278932191431522 5.928932189941406 5.4
      vertex -18.278932191431522 5.928932189941406 0
    endloop
  endfacet
  facet normal -0.7372773333267967 0.6755902114170451 0
    outer loop
      vertex -18.278932191431522 5.928932189941406 0
      vertex -17.689555570483208 6.572123900055885 5.4
      vertex -17.689555570483208 6.572123900055885 0
    endloop
  endfacet
  facet normal -0.7933533409791417 0.6087614281122236 0
    outer loop
      vertex -17.689555570483208 6.572123900055885 0
      vertex -17.158479556441307 7.264235638082027 5.4
      vertex -17.158479556441307 7.264235638082027 0
    endloop
  endfacet
  facet normal -0.8433914458743957 0.5372996082502723 0
    outer loop
      vertex -17.158479556441307 7.264235638082027 0
      vertex -16.68974596261978 8 5.4
      vertex -16.68974596261978 8 0
    endloop
  endfacet
  facet normal -0.8870108352649027 0.461748609226557 0
    outer loop
      vertex -16.68974596261978 8 0
      vertex -16.28692213445902 8.773817382752895 5.4
      vertex -16.28692213445902 8.773817382752895 0
    endloop
  endfacet
  facet normal -0.9238795301286945 0.3826834381171763 0
    outer loop
      vertex -16.28692213445902 8.773817382752895 0
      vertex -15.953073792159557 9.579798564314842 5.4
      vertex -15.953073792159557 9.579798564314842 0
    endloop
  endfacet
  facet normal -0.9537169519742491 0.3007057956158277 0
    outer loop
      vertex -15.953073792159557 9.579798564314842 0
      vertex -15.690741740167141 10.411809548735619 5.4
      vertex -15.690741740167141 10.411809548735619 0
    endloop
  endfacet
  facet normal -0.9762960071349377 0.21643961387042335 0
    outer loop
      vertex -15.690741740167141 10.411809548735619 0
      vertex -15.501922473311424 11.26351822167635 5.4
      vertex -15.501922473311424 11.26351822167635 0
    endloop
  endfacet
  facet normal -0.9914448613395793 0.13052619248006248 0
    outer loop
      vertex -15.501922473311424 11.26351822167635 0
      vertex -15.388053022325039 12.128442570567131 5.4
      vertex -15.388053022325039 12.128442570567131 0
    endloop
  endfacet
  facet normal -0.9990482214985889 0.04361938927250757 0
    outer loop
      vertex -15.388053022325039 12.128442570567131 0
      vertex -15.350000001490116 13 5.4
      vertex -15.350000001490116 13 0
    endloop
  endfacet
  facet normal -0.9997620266423531 0.021814905087455174 0
    outer loop
      vertex -46.25 1.3909127861261368 0
      vertex -46.25 1.3909127861261368 5.290912786126137
      vertex -46.24809954315424 1.4780094102025032 5.378009410202504
    endloop
  endfacet
  facet normal -0.9961946978877783 0.08715574507901634 0
    outer loop
      vertex -46.24809954315424 1.4780094102025032 0
      vertex -46.24809954315424 1.4780094102025032 5.378009410202504
      vertex -46.22913873940706 1.6947323828935623 5.4
    endloop
  endfacet
  facet normal -0.9848077444799543 0.17364822605573915 0
    outer loop
      vertex -46.22913873940706 1.6947323828935623 0
      vertex -46.22913873940706 1.6947323828935623 5.4
      vertex -46.20653814077377 1.8229067102074623 5.4
    endloop
  endfacet
  facet normal -0.9659258275146427 0.25881904052861443 0
    outer loop
      vertex -46.20653814077377 1.8229067102074623 0
      vertex -46.20653814077377 1.8229067102074623 5.4
      vertex -46.17285239696503 1.9486236199736595 5.4
    endloop
  endfacet
  facet normal -0.9396926208233044 0.34202014322292396 0
    outer loop
      vertex -46.17285239696503 1.9486236199736595 0
      vertex -46.17285239696503 1.9486236199736595 5.4
      vertex -46.12833787500858 2.0709262639284134 5.4
    endloop
  endfacet
  facet normal -0.9063077705528952 0.42261829709022347 0
    outer loop
      vertex -46.12833787500858 2.0709262639284134 0
      vertex -46.12833787500858 2.0709262639284134 5.4
      vertex -46.073333382606506 2.1888837665319443 5.4
    endloop
  endfacet
  facet normal -0.8660254039228708 0.49999999976022874 0
    outer loop
      vertex -46.073333382606506 2.1888837665319443 0
      vertex -46.073333382606506 2.1888837665319443 5.4
      vertex -46.008257515728474 2.301598474383354 5.4
    endloop
  endfacet
  facet normal -0.8191520487632696 0.5735764299611151 0
    outer loop
      vertex -46.008257515728474 2.301598474383354 0
      vertex -46.008257515728474 2.301598474383354 5.4
      vertex -45.93360557407141 2.408212497830391 5.4
    endloop
  endfacet
  facet normal -0.7660444219496636 0.6427876349151449 0
    outer loop
      vertex -45.93360557407141 2.408212497830391 0
      vertex -45.93360557407141 2.408212497830391 5.4
      vertex -45.84994553774595 2.5079146400094032 5.4
    endloop
  endfacet
  facet normal -0.7071067811865476 0.7071067811865476 0
    outer loop
      vertex -45.84994553774595 2.5079146400094032 0
      vertex -45.84994553774595 2.5079146400094032 5.4
      vertex -45.7579146027565 2.5999455749988556 5.4
    endloop
  endfacet
  facet normal -0.6427876013222436 0.7660444501374556 0
    outer loop
      vertex -45.7579146027565 2.5999455749988556 0
      vertex -45.7579146027565 2.5999455749988556 5.4
      vertex -45.65821246057749 2.6836056038737297 5.4
    endloop
  endfacet
  facet normal -0.5735764185251289 0.819152056770833 0
    outer loop
      vertex -45.65821246057749 2.6836056038737297 0
      vertex -45.65821246057749 2.6836056038737297 5.4
      vertex -45.55159851908684 2.7582574859261513 5.4
    endloop
  endfacet
  facet normal -0.4999999829170299 0.8660254136472959 0
    outer loop
      vertex -45.55159851908684 2.7582574859261513 0
      vertex -45.55159851908684 2.7582574859261513 5.4
      vertex -45.43888367712498 2.82333342730999 5.4
    endloop
  endfacet
  facet normal -0.4226183000055347 0.9063077691934633 0
    outer loop
      vertex -45.43888367712498 2.82333342730999 0
      vertex -45.43888367712498 2.82333342730999 5.4
      vertex -45.320926271378994 2.878337875008583 5.4
    endloop
  endfacet
  facet normal -0.34202012017864875 0.9396926292107345 0
    outer loop
      vertex -45.320926271378994 2.878337875008583 0
      vertex -45.320926271378994 2.878337875008583 5.4
      vertex -45.19862359762192 2.9228524044156075 5.4
    endloop
  endfacet
  facet normal -0.258819030051986 0.9659258303218469 0
    outer loop
      vertex -45.19862359762192 2.9228524044156075 0
      vertex -45.19862359762192 2.9228524044156075 5.4
      vertex -45.07290671020746 2.956538140773773 5.4
    endloop
  endfacet
  facet normal -0.17364819011558655 0.984807750817174 0
    outer loop
      vertex -45.07290671020746 2.956538140773773 0
      vertex -45.07290671020746 2.956538140773773 5.4
      vertex -44.94473239779472 2.979138731956482 5.4
    endloop
  endfacet
  facet normal -0.08715572256970262 0.9961946998570878 0
    outer loop
      vertex -44.94473239779472 2.979138731956482 0
      vertex -44.94473239779472 2.979138731956482 5.4
      vertex -44.72800928354263 2.9980995431542397 5.4
    endloop
  endfacet
  facet normal -0.021814938661879186 0.9997620259097555 0
    outer loop
      vertex -44.72800928354263 2.9980995431542397 0
      vertex -44.72800928354263 2.9980995431542397 5.4
      vertex -44.64091279357672 3 5.4
    endloop
  endfacet
  facet normal 0 1 0
    outer loop
      vertex -44.64091279357672 3 0
      vertex -44.64091279357672 3 5.4
      vertex -25.350000001490116 3 5.4
    endloop
  endfacet
  facet normal -0.04361938927250757 0.9990482214985889 0
    outer loop
      vertex -25.350000001490116 3 0
      vertex -25.350000001490116 3 5.4
      vertex -24.478442572057247 3.038053020834923 5.4
    endloop
  endfacet
  facet normal -0.13052619248006248 0.9914448613395793 0
    outer loop
      vertex -24.478442572057247 3.038053020834923 0
      vertex -24.478442572057247 3.038053020834923 5.4
      vertex -23.613518223166466 3.151922471821308 5.4
    endloop
  endfacet
  facet normal -0.21643961387042335 0.9762960071349377 0
    outer loop
      vertex -23.613518223166466 3.151922471821308 0
      vertex -23.613518223166466 3.151922471821308 5.4
      vertex -22.761809550225735 3.340741738677025 5.4
    endloop
  endfacet
  facet normal -0.9961946978877774 0.08715574507902522 -8.823915115472342e-14
    outer loop
      vertex -46.24809954315424 1.4780094102025032 5.378009410202504
      vertex -46.246175615790854 1.5 5.4
      vertex -46.22913873940706 1.6947323828935623 5.4
    endloop
  endfacet
  facet normal 0 0 1
    outer loop
      vertex -46.246175615790854 1.5 5.4
      vertex -44.72800928354263 2.9980995431542397 5.4
      vertex -46.22913873940706 1.6947323828935623 5.4
    endloop
  endfacet
  facet normal 0 0 1
    outer loop
      vertex -46.22913873940706 1.6947323828935623 5.4
      vertex -44.72800928354263 2.9980995431542397 5.4
      vertex -46.20653814077377 1.8229067102074623 5.4
    endloop
  endfacet
  facet normal 0 0 1
    outer loop
      vertex -46.20653814077377 1.8229067102074623 5.4
      vertex -44.72800928354263 2.9980995431542397 5.4
      vertex -46.17285239696503 1.9486236199736595 5.4
    endloop
  endfacet
  facet normal 0 0 1
    outer loop
      vertex -46.17285239696503 1.9486236199736595 5.4
      vertex -44.72800928354263 2.9980995431542397 5.4
      vertex -46.12833787500858 2.0709262639284134 5.4
    endloop
  endfacet
  facet normal 0 0 1
    outer loop
      vertex -46.12833787500858 2.0709262639284134 5.4
      vertex -44.72800928354263 2.9980995431542397 5.4
      vertex -46.073333382606506 2.1888837665319443 5.4
    endloop
  endfacet
  facet normal 0 0 1
    outer loop
      vertex -46.073333382606506 2.1888837665319443 5.4
      vertex -44.72800928354263 2.9980995431542397 5.4
      vertex -46.008257515728474 2.301598474383354 5.4
    endloop
  endfacet
  facet normal 0 0 1
    outer loop
      vertex -46.008257515728474 2.301598474383354 5.4
      vertex -44.72800928354263 2.9980995431542397 5.4
      vertex -45.93360557407141 2.408212497830391 5.4
    endloop
  endfacet
  facet normal 0 0 1
    outer loop
      vertex -45.93360557407141 2.408212497830391 5.4
      vertex -44.72800928354263 2.9980995431542397 5.4
      vertex -45.84994553774595 2.5079146400094032 5.4
    endloop
  endfacet
  facet normal 0 0 1
    outer loop
      vertex -46.246175615790854 1.5 5.4
      vertex -44.64091279357672 3 5.4
      vertex -44.72800928354263 2.9980995431542397 5.4
    endloop
  endfacet
  facet normal 0 0 1
    outer loop
      vertex -45.84994553774595 2.5079146400094032 5.4
      vertex -44.72800928354263 2.9980995431542397 5.4
      vertex -45.7579146027565 2.5999455749988556 5.4
    endloop
  endfacet
  facet normal 0 0 1
    outer loop
      vertex -45.7579146027565 2.5999455749988556 5.4
      vertex -44.72800928354263 2.9980995431542397 5.4
      vertex -45.65821246057749 2.6836056038737297 5.4
    endloop
  endfacet
  facet normal 0 0 1
    outer loop
      vertex -45.55159851908684 2.7582574859261513 5.4
      vertex -45.19862359762192 2.9228524044156075 5.4
      vertex -45.43888367712498 2.82333342730999 5.4
    endloop
  endfacet
  facet normal 0 0 1
    outer loop
      vertex -45.65821246057749 2.6836056038737297 5.4
      vertex -44.72800928354263 2.9980995431542397 5.4
      vertex -45.55159851908684 2.7582574859261513 5.4
    endloop
  endfacet
  facet normal 0 0 1
    outer loop
      vertex -45.43888367712498 2.82333342730999 5.4
      vertex -45.19862359762192 2.9228524044156075 5.4
      vertex -45.320926271378994 2.878337875008583 5.4
    endloop
  endfacet
  facet normal 0 0 1
    outer loop
      vertex -45.55159851908684 2.7582574859261513 5.4
      vertex -45.07290671020746 2.956538140773773 5.4
      vertex -45.19862359762192 2.9228524044156075 5.4
    endloop
  endfacet
  facet normal 0 0 1
    outer loop
      vertex -45.55159851908684 2.7582574859261513 5.4
      vertex -44.94473239779472 2.979138731956482 5.4
      vertex -45.07290671020746 2.956538140773773 5.4
    endloop
  endfacet
  facet normal 0 0 1
    outer loop
      vertex -45.55159851908684 2.7582574859261513 5.4
      vertex -44.72800928354263 2.9980995431542397 5.4
      vertex -44.94473239779472 2.979138731956482 5.4
    endloop
  endfacet
  facet normal 0 0 1
    outer loop
      vertex -46.246175615790854 1.5 5.4
      vertex -25.350000001490116 3 5.4
      vertex -44.64091279357672 3 5.4
    endloop
  endfacet
  facet normal 0 0 1
    outer loop
      vertex -46.246175615790854 1.5 5.4
      vertex -23.960372308997755 1.5000000000000007 5.4
      vertex -23.934264950454235 1.5828019574284553 5.4
    endloop
  endfacet
  facet normal 0 0 1
    outer loop
      vertex -46.246175615790854 1.5 5.4
      vertex -24.478442572057247 3.038053020834923 5.4
      vertex -25.350000001490116 3 5.4
    endloop
  endfacet
  facet normal 0 0 1
    outer loop
      vertex -46.246175615790854 1.5 5.4
      vertex -23.934264950454235 1.5828019574284553 5.4
      vertex -24.478442572057247 3.038053020834923 5.4
    endloop
  endfacet
  facet normal 0 0 1
    outer loop
      vertex -23.934264950454235 1.5828019574284553 5.4
      vertex -23.897875487804413 1.6706539064645767 5.4
      vertex -24.478442572057247 3.038053020834923 5.4
    endloop
  endfacet
  facet normal 0 0 1
    outer loop
      vertex -23.897875487804413 1.6706539064645767 5.4
      vertex -23.85396768897772 1.7549999997019767 5.4
      vertex -24.478442572057247 3.038053020834923 5.4
    endloop
  endfacet
  facet normal 0 0 1
    outer loop
      vertex -23.85396768897772 1.7549999997019767 5.4
      vertex -23.802875727415085 1.8351983100175857 5.4
      vertex -24.478442572057247 3.038053020834923 5.4
    endloop
  endfacet
  facet normal 0 0 1
    outer loop
      vertex -23.802875727415085 1.8351983100175857 5.4
      vertex -23.744988441467285 1.9106384932994842 5.4
      vertex -24.478442572057247 3.038053020834923 5.4
    endloop
  endfacet
  facet normal 0 0 1
    outer loop
      vertex -23.744988441467285 1.9106384932994842 5.4
      vertex -23.680746391415596 1.980746392905712 5.4
      vertex -24.478442572057247 3.038053020834923 5.4
    endloop
  endfacet
  facet normal 0 0 1
    outer loop
      vertex -23.680746391415596 1.980746392905712 5.4
      vertex -23.610638491809368 2.0449884429574015 5.4
      vertex -24.478442572057247 3.038053020834923 5.4
    endloop
  endfacet
  facet normal 0 0 1
    outer loop
      vertex -23.610638491809368 2.0449884429574015 5.4
      vertex -23.53519830852747 2.102875728905201 5.4
      vertex -24.478442572057247 3.038053020834923 5.4
    endloop
  endfacet
  facet normal 0 0 1
    outer loop
      vertex -23.53519830852747 2.102875728905201 5.4
      vertex -23.45499999821186 2.1539676904678347 5.4
      vertex -24.478442572057247 3.038053020834923 5.4
    endloop
  endfacet
  facet normal 0 0 1
    outer loop
      vertex -23.45499999821186 2.1539676904678347 5.4
      vertex -23.37065390497446 2.197875489294529 5.4
      vertex -24.478442572057247 3.038053020834923 5.4
    endloop
  endfacet
  facet normal 0 0 1
    outer loop
      vertex -23.37065390497446 2.197875489294529 5.4
      vertex -23.28280195593834 2.2342649519443514 5.4
      vertex -24.478442572057247 3.038053020834923 5.4
    endloop
  endfacet
  facet normal 0 0 1
    outer loop
      vertex -23.192112758755684 2.2628591477870943 5.4
      vertex -23.099276512861252 2.2834404453635218 5.4
      vertex -24.478442572057247 3.038053020834923 5.4
    endloop
  endfacet
  facet normal 0 0 1
    outer loop
      vertex -23.28280195593834 2.2342649519443514 5.4
      vertex -23.192112758755684 2.2628591477870943 5.4
      vertex -24.478442572057247 3.038053020834923 5.4
    endloop
  endfacet
  facet normal 0 0 1
    outer loop
      vertex -24.478442572057247 3.038053020834923 5.4
      vertex -23.099276512861252 2.2834404453635218 5.4
      vertex -23.00499975681305 2.295852218568325 5.4
    endloop
  endfacet
  facet normal 0 0 1
    outer loop
      vertex -24.478442572057247 3.038053020834923 5.4
      vertex -23.00499975681305 2.295852218568325 5.4
      vertex -22.90999999642372 2.3000000014901163 5.4
    endloop
  endfacet
  facet normal -0.3007057956158277 0.9537169519742491 0
    outer loop
      vertex -22.761809550225735 3.340741738677025 0
      vertex -22.761809550225735 3.340741738677025 5.4
      vertex -21.92979856580496 3.6030737906694412 5.4
    endloop
  endfacet
  facet normal -0.3826834381171763 0.9238795301286945 0
    outer loop
      vertex -21.92979856580496 3.6030737906694412 0
      vertex -21.92979856580496 3.6030737906694412 5.4
      vertex -21.12381738424301 3.9369221329689026 5.4
    endloop
  endfacet
  facet normal -0.461748609226557 0.8870108352649027 0
    outer loop
      vertex -21.12381738424301 3.9369221329689026 0
      vertex -21.12381738424301 3.9369221329689026 5.4
      vertex -20.350000001490116 4.339745961129665 5.4
    endloop
  endfacet
  facet normal -0.5372996082502723 0.8433914458743957 0
    outer loop
      vertex -20.350000001490116 4.339745961129665 0
      vertex -20.350000001490116 4.339745961129665 5.4
      vertex -19.614235639572144 4.808479554951191 5.4
    endloop
  endfacet
  facet normal -0.6087614281122236 0.7933533409791417 0
    outer loop
      vertex -19.614235639572144 4.808479554951191 0
      vertex -19.614235639572144 4.808479554951191 5.4
      vertex -18.922123901546 5.339555568993092 5.4
    endloop
  endfacet
  facet normal -0.6755902114170451 0.7372773333267967 0
    outer loop
      vertex -18.922123901546 5.339555568993092 0
      vertex -18.922123901546 5.339555568993092 5.4
      vertex -18.278932191431522 5.928932189941406 5.4
    endloop
  endfacet
  facet normal 0 0 1
    outer loop
      vertex -24.478442572057247 3.038053020834923 5.4
      vertex -17.09000000357628 2.3000000014901163 5.4
      vertex -23.613518223166466 3.151922471821308 5.4
    endloop
  endfacet
  facet normal 0 0 1
    outer loop
      vertex -24.478442572057247 3.038053020834923 5.4
      vertex -22.90999999642372 2.3000000014901163 5.4
      vertex -17.09000000357628 2.3000000014901163 5.4
    endloop
  endfacet
  facet normal 0 0 1
    outer loop
      vertex -23.613518223166466 3.151922471821308 5.4
      vertex -17.09000000357628 2.3000000014901163 5.4
      vertex -22.761809550225735 3.340741738677025 5.4
    endloop
  endfacet
  facet normal 0 0 1
    outer loop
      vertex -22.761809550225735 3.340741738677025 5.4
      vertex -17.09000000357628 2.3000000014901163 5.4
      vertex -21.92979856580496 3.6030737906694412 5.4
    endloop
  endfacet
  facet normal 0 0 1
    outer loop
      vertex -21.92979856580496 3.6030737906694412 5.4
      vertex -17.09000000357628 2.3000000014901163 5.4
      vertex -16.99500024318695 2.295852218568325 5.4
    endloop
  endfacet
  facet normal 0 0 1
    outer loop
      vertex -21.92979856580496 3.6030737906694412 5.4
      vertex -16.99500024318695 2.295852218568325 5.4
      vertex -16.900723487138748 2.2834404453635218 5.4
    endloop
  endfacet
  facet normal 0 0 1
    outer loop
      vertex -21.92979856580496 3.6030737906694412 5.4
      vertex -16.900723487138748 2.2834404453635218 5.4
      vertex -16.807887241244316 2.2628591477870943 5.4
    endloop
  endfacet
  facet normal 0 0 1
    outer loop
      vertex -21.92979856580496 3.6030737906694412 5.4
      vertex 2.8945228385578177 1.4999999999999998 5.4
      vertex -21.12381738424301 3.9369221329689026 5.4
    endloop
  endfacet
  facet normal 0 0 1
    outer loop
      vertex -21.92979856580496 3.6030737906694412 5.4
      vertex -16.807887241244316 2.2628591477870943 5.4
      vertex 2.8945228385578177 1.4999999999999998 5.4
    endloop
  endfacet
  facet normal 0 0 1
    outer loop
      vertex -21.12381738424301 3.9369221329689026 5.4
      vertex 2.8945228385578177 1.4999999999999998 5.4
      vertex -20.350000001490116 4.339745961129665 5.4
    endloop
  endfacet
  facet normal 0 0 1
    outer loop
      vertex -20.350000001490116 4.339745961129665 5.4
      vertex 2.8945228385578177 1.4999999999999998 5.4
      vertex -19.614235639572144 4.808479554951191 5.4
    endloop
  endfacet
  facet normal 0 0 1
    outer loop
      vertex -19.614235639572144 4.808479554951191 5.4
      vertex 2.8945228385578177 1.4999999999999998 5.4
      vertex -18.922123901546 5.339555568993092 5.4
    endloop
  endfacet
  facet normal 0 0 1
    outer loop
      vertex -16.065735049545765 1.5828019574284553 5.4
      vertex 2.8945228385578177 1.4999999999999998 5.4
      vertex -16.102124512195587 1.6706539064645767 5.4
    endloop
  endfacet
  facet normal 0 0 1
    outer loop
      vertex -16.102124512195587 1.6706539064645767 5.4
      vertex 2.8945228385578177 1.4999999999999998 5.4
      vertex -16.14603231102228 1.7549999997019767 5.4
    endloop
  endfacet
  facet normal 0 0 1
    outer loop
      vertex -16.03962769100224 1.4999999999999998 5.4
      vertex 2.8945228385578177 1.4999999999999998 5.4
      vertex -16.065735049545765 1.5828019574284553 5.4
    endloop
  endfacet
  facet normal 0 0 1
    outer loop
      vertex -16.807887241244316 2.2628591477870943 5.4
      vertex -16.71719804406166 2.2342649519443514 5.4
      vertex 2.8945228385578177 1.4999999999999998 5.4
    endloop
  endfacet
  facet normal 0 0 1
    outer loop
      vertex -16.71719804406166 2.2342649519443514 5.4
      vertex -16.62934609502554 2.197875489294529 5.4
      vertex 2.8945228385578177 1.4999999999999998 5.4
    endloop
  endfacet
  facet normal 0 0 1
    outer loop
      vertex -16.319253608584404 1.980746392905712 5.4
      vertex 2.8945228385578177 1.4999999999999998 5.4
      vertex -16.389361508190632 2.0449884429574015 5.4
    endloop
  endfacet
  facet normal 0 0 1
    outer loop
      vertex -16.46480169147253 2.102875728905201 5.4
      vertex -16.389361508190632 2.0449884429574015 5.4
      vertex 2.8945228385578177 1.4999999999999998 5.4
    endloop
  endfacet
  facet normal 0 0 1
    outer loop
      vertex -16.197124272584915 1.8351983100175857 5.4
      vertex 2.8945228385578177 1.4999999999999998 5.4
      vertex -16.255011558532715 1.9106384932994842 5.4
    endloop
  endfacet
  facet normal 0 0 1
    outer loop
      vertex -16.14603231102228 1.7549999997019767 5.4
      vertex 2.8945228385578177 1.4999999999999998 5.4
      vertex -16.197124272584915 1.8351983100175857 5.4
    endloop
  endfacet
  facet normal 0 0 1
    outer loop
      vertex -16.319253608584404 1.980746392905712 5.4
      vertex -16.255011558532715 1.9106384932994842 5.4
      vertex 2.8945228385578177 1.4999999999999998 5.4
    endloop
  endfacet
  facet normal 0 0 1
    outer loop
      vertex -16.54500000178814 2.1539676904678347 5.4
      vertex -16.46480169147253 2.102875728905201 5.4
      vertex 2.8945228385578177 1.4999999999999998 5.4
    endloop
  endfacet
  facet normal 0 0 1
    outer loop
      vertex -16.62934609502554 2.197875489294529 5.4
      vertex -16.54500000178814 2.1539676904678347 5.4
      vertex 2.8945228385578177 1.4999999999999998 5.4
    endloop
  endfacet
  facet normal 0 0 1
    outer loop
      vertex -18.922123901546 5.339555568993092 5.4
      vertex 2.8945228385578177 1.4999999999999998 5.4
      vertex -18.278932191431522 5.928932189941406 5.4
    endloop
  endfacet
  facet normal 0 0 1
    outer loop
      vertex -18.278932191431522 5.928932189941406 5.4
      vertex 2.8945228385578177 1.4999999999999998 5.4
      vertex -17.689555570483208 6.572123900055885 5.4
    endloop
  endfacet
  facet normal 0 0 1
    outer loop
      vertex -17.689555570483208 6.572123900055885 5.4
      vertex 2.8945228385578177 1.4999999999999998 5.4
      vertex -17.158479556441307 7.264235638082027 5.4
    endloop
  endfacet
  facet normal 0 0 1
    outer loop
      vertex -6.850000001490116 4.917949192225933 5.4
      vertex -17.158479556441307 7.264235638082027 5.4
      vertex -6.695236526429653 4.837384425103664 5.4
    endloop
  endfacet
  facet normal 0 0 1
    outer loop
      vertex -6.695236526429653 4.837384425103664 5.4
      vertex -17.158479556441307 7.264235638082027 5.4
      vertex -6.5340402871370316 4.770614758133888 5.4
    endloop
  endfacet
  facet normal 0 0 1
    outer loop
      vertex -6.5340402871370316 4.770614758133888 5.4
      vertex -17.158479556441307 7.264235638082027 5.4
      vertex 2.8945228385578177 1.4999999999999998 5.4
    endloop
  endfacet
  facet normal 0 0 1
    outer loop
      vertex -6.5340402871370316 4.770614758133888 5.4
      vertex 2.8945228385578177 1.4999999999999998 5.4
      vertex -6.36763808876276 4.718148343265057 5.4
    endloop
  endfacet
  facet normal 0 0 1
    outer loop
      vertex -6.197296358644962 4.680384494364262 5.4
      vertex -6.36763808876276 4.718148343265057 5.4
      vertex 2.8945228385578177 1.4999999999999998 5.4
    endloop
  endfacet
  facet normal 0 0 1
    outer loop
      vertex -6.197296358644962 4.680384494364262 5.4
      vertex 2.8945228385578177 1.4999999999999998 5.4
      vertex -6.024311490356922 4.657610602676868 5.4
    endloop
  endfacet
  facet normal 0 0 1
    outer loop
      vertex -6.024311490356922 4.657610602676868 5.4
      vertex 2.8945228385578177 1.4999999999999998 5.4
      vertex -5.850000001490116 4.649999998509884 5.4
    endloop
  endfacet
  facet normal -0.7372773333267967 0.6755902114170451 0
    outer loop
      vertex -18.278932191431522 5.928932189941406 0
      vertex -18.278932191431522 5.928932189941406 5.4
      vertex -17.689555570483208 6.572123900055885 5.4
    endloop
  endfacet
  facet normal -0.7933533409791417 0.6087614281122236 0
    outer loop
      vertex -17.689555570483208 6.572123900055885 0
      vertex -17.689555570483208 6.572123900055885 5.4
      vertex -17.158479556441307 7.264235638082027 5.4
    endloop
  endfacet
  facet normal -0.8433914458743957 0.5372996082502723 0
    outer loop
      vertex -17.158479556441307 7.264235638082027 0
      vertex -17.158479556441307 7.264235638082027 5.4
      vertex -16.68974596261978 8 5.4
    endloop
  endfacet
  facet normal -0.8870108352649027 0.461748609226557 0
    outer loop
      vertex -16.68974596261978 8 0
      vertex -16.68974596261978 8 5.4
      vertex -16.28692213445902 8.773817382752895 5.4
    endloop
  endfacet
  facet normal -0.9238795301286945 0.3826834381171763 0
    outer loop
      vertex -16.28692213445902 8.773817382752895 0
      vertex -16.28692213445902 8.773817382752895 5.4
      vertex -15.953073792159557 9.579798564314842 5.4
    endloop
  endfacet
  facet normal -0.9537169519742491 0.3007057956158277 0
    outer loop
      vertex -15.953073792159557 9.579798564314842 0
      vertex -15.953073792159557 9.579798564314842 5.4
      vertex -15.690741740167141 10.411809548735619 5.4
    endloop
  endfacet
  facet normal -0.9762960071349377 0.21643961387042335 0
    outer loop
      vertex -15.690741740167141 10.411809548735619 0
      vertex -15.690741740167141 10.411809548735619 5.4
      vertex -15.501922473311424 11.26351822167635 5.4
    endloop
  endfacet
  facet normal -0.9914448613395793 0.13052619248006248 0
    outer loop
      vertex -15.501922473311424 11.26351822167635 0
      vertex -15.501922473311424 11.26351822167635 5.4
      vertex -15.388053022325039 12.128442570567131 5.4
    endloop
  endfacet
  facet normal -0.9990482214985889 0.04361938927250757 0
    outer loop
      vertex -15.388053022325039 12.128442570567131 0
      vertex -15.388053022325039 12.128442570567131 5.4
      vertex -15.350000001490116 13 5.4
    endloop
  endfacet
  facet normal 0 0 1
    outer loop
      vertex -7.264213562011719 5.235786437988281 5.4
      vertex -16.68974596261978 8 5.4
      vertex -17.158479556441307 7.264235638082027 5.4
    endloop
  endfacet
  facet normal 0 0 1
    outer loop
      vertex -16.68974596261978 8 5.4
      vertex -7.781851656734943 6.13236191123724 5.4
      vertex -16.28692213445902 8.773817382752895 5.4
    endloop
  endfacet
  facet normal 0 0 1
    outer loop
      vertex -16.28692213445902 8.773817382752895 5.4
      vertex -7.850000001490116 6.649999998509884 5.4
      vertex -15.953073792159557 9.579798564314842 5.4
    endloop
  endfacet
  facet normal 0 0 1
    outer loop
      vertex -15.953073792159557 9.579798564314842 5.4
      vertex -7.850000001490116 6.649999998509884 5.4
      vertex -15.690741740167141 10.411809548735619 5.4
    endloop
  endfacet
  facet normal 0 0 1
    outer loop
      vertex -15.690741740167141 10.411809548735619 5.4
      vertex -7.850000001490116 6.649999998509884 5.4
      vertex -15.501922473311424 11.26351822167635 5.4
    endloop
  endfacet
  facet normal 0 0 1
    outer loop
      vertex -15.501922473311424 11.26351822167635 5.4
      vertex -7.850000001490116 6.649999998509884 5.4
      vertex -15.388053022325039 12.128442570567131 5.4
    endloop
  endfacet
  facet normal 0 0 1
    outer loop
      vertex -15.388053022325039 12.128442570567131 5.4
      vertex -7.850000001490116 6.649999998509884 5.4
      vertex -15.350000001490116 13 5.4
    endloop
  endfacet
  facet normal 0 0 1
    outer loop
      vertex -7.264213562011719 5.235786437988281 5.4
      vertex -17.158479556441307 7.264235638082027 5.4
      vertex -7.135575219988823 5.117911115288734 5.4
    endloop
  endfacet
  facet normal 0 0 1
    outer loop
      vertex -7.135575219988823 5.117911115288734 5.4
      vertex -17.158479556441307 7.264235638082027 5.4
      vertex -6.9971528723835945 5.01169590651989 5.4
    endloop
  endfacet
  facet normal 0 0 1
    outer loop
      vertex -6.9971528723835945 5.01169590651989 5.4
      vertex -17.158479556441307 7.264235638082027 5.4
      vertex -6.850000001490116 4.917949192225933 5.4
    endloop
  endfacet
  facet normal 0 0 1
    outer loop
      vertex -7.264213562011719 5.235786437988281 5.4
      vertex -7.382088884711266 5.364424780011177 5.4
      vertex -16.68974596261978 8 5.4
    endloop
  endfacet
  facet normal 0 0 1
    outer loop
      vertex -7.382088884711266 5.364424780011177 5.4
      vertex -7.48830409348011 5.5028471276164055 5.4
      vertex -16.68974596261978 8 5.4
    endloop
  endfacet
  facet normal 0 0 1
    outer loop
      vertex -7.48830409348011 5.5028471276164055 5.4
      vertex -7.582050807774067 5.649999998509884 5.4
      vertex -16.68974596261978 8 5.4
    endloop
  endfacet
  facet normal 0 0 1
    outer loop
      vertex -16.68974596261978 8 5.4
      vertex -7.662615574896336 5.804763473570347 5.4
      vertex -7.729385241866112 5.9659597128629684 5.4
    endloop
  endfacet
  facet normal 0 0 1
    outer loop
      vertex -16.68974596261978 8 5.4
      vertex -7.729385241866112 5.9659597128629684 5.4
      vertex -7.781851656734943 6.13236191123724 5.4
    endloop
  endfacet
  facet normal 0 0 1
    outer loop
      vertex -7.582050807774067 5.649999998509884 5.4
      vertex -7.662615574896336 5.804763473570347 5.4
      vertex -16.68974596261978 8 5.4
    endloop
  endfacet
  facet normal 0 0 1
    outer loop
      vertex -16.28692213445902 8.773817382752895 5.4
      vertex -7.781851656734943 6.13236191123724 5.4
      vertex -7.819615505635738 6.302703641355038 5.4
    endloop
  endfacet
  facet normal 0 0 1
    outer loop
      vertex -16.28692213445902 8.773817382752895 5.4
      vertex -7.819615505635738 6.302703641355038 5.4
      vertex -7.842389397323132 6.475688509643078 5.4
    endloop
  endfacet
  facet normal 0 0 1
    outer loop
      vertex -16.28692213445902 8.773817382752895 5.4
      vertex -7.842389397323132 6.475688509643078 5.4
      vertex -7.850000001490116 6.649999998509884 5.4
    endloop
  endfacet
  facet normal 0 0 1
    outer loop
      vertex -15.350000001490116 13 5.4
      vertex -7.850000001490116 6.649999998509884 5.4
      vertex -9.049999999999999 14 5.4
    endloop
  endfacet
  facet normal 0 0 1
    outer loop
      vertex -15.350000001490116 13 5.4
      vertex -9.049999999999999 14 5.4
      vertex -10.249999999999998 14 5.4
    endloop
  endfacet
  facet normal 0 0 1
    outer loop
      vertex -7.850000001490116 6.649999998509884 5.4
      vertex -7.850000001490116 40 5.4
      vertex -9.049999999999999 14 5.4
    endloop
  endfacet
  facet normal 0 0 -1
    outer loop
      vertex -15.350000001490116 13 0
      vertex -10.249999999999998 40 0
      vertex -10.249999999999998 14 0
    endloop
  endfacet
  facet normal 0 0 -1
    outer loop
      vertex -15.350000001490116 13 0
      vertex -10.249999999999998 41.2 0
      vertex -10.249999999999998 40 0
    endloop
  endfacet
  facet normal 0 0 -1
    outer loop
      vertex -15.350000001490116 13 0
      vertex -15.350000001490116 50.24091275781393 0
      vertex -10.249999999999998 41.2 0
    endloop
  endfacet
  facet normal 0 0 -1
    outer loop
      vertex -7.51 5.99 0
      vertex -9.049999999999999 40 0
      vertex -7.85 40 0
    endloop
  endfacet
  facet normal 0 0 -1
    outer loop
      vertex -7.51 5.99 0
      vertex -7.85 40 0
      vertex -7.85 41.2 0
    endloop
  endfacet
  facet normal 0 0 -1
    outer loop
      vertex -7.51 5.99 0
      vertex -7.85 41.2 0
      vertex -7.51 48.01 0
    endloop
  endfacet
  facet normal -1 0 0
    outer loop
      vertex -15.350000001490116 13 0
      vertex -15.350000001490116 50.24091275781393 5.4
      vertex -15.350000001490116 50.24091275781393 0
    endloop
  endfacet
  facet normal 0 0 -1
    outer loop
      vertex -15.350000001490116 50.24091275781393 0
      vertex -10.087837837837837 41.2 0
      vertex -10.249999999999998 41.2 0
    endloop
  endfacet
  facet normal 0 0 -1
    outer loop
      vertex -10.087837837837837 41.2 0
      vertex -7.51 48.01 0
      vertex -7.85 41.2 0
    endloop
  endfacet
  facet normal 0 0 -1
    outer loop
      vertex -15.350000001490116 50.24091275781393 0
      vertex -7.51 48.01 0
      vertex -10.087837837837837 41.2 0
    endloop
  endfacet
  facet normal 0 0 -1
    outer loop
      vertex -15.350000001490116 50.24091275781393 0
      vertex -7.5061946979165075 48.0971557444334 0
      vertex -7.51 48.01 0
    endloop
  endfacet
  facet normal 0 0 -1
    outer loop
      vertex -15.350000001490116 50.24091275781393 0
      vertex -7.494807752072811 48.18364817857742 0
      vertex -7.5061946979165075 48.0971557444334 0
    endloop
  endfacet
  facet normal 0 0 -1
    outer loop
      vertex -15.350000001490116 50.24091275781393 0
      vertex -7.475925827622413 48.26881904363632 0
      vertex -7.494807752072811 48.18364817857742 0
    endloop
  endfacet
  facet normal 0 0 -1
    outer loop
      vertex -15.350000001490116 50.24091275781393 0
      vertex -7.449692623913288 48.352020146548746 0
      vertex -7.475925827622413 48.26881904363632 0
    endloop
  endfacet
  facet normal 0 0 -1
    outer loop
      vertex -15.350000001490116 50.24091275781393 0
      vertex -7.4163077867031095 48.43261826246977 0
      vertex -7.449692623913288 48.352020146548746 0
    endloop
  endfacet
  facet normal 0 0 -1
    outer loop
      vertex -15.350000001490116 50.24091275781393 0
      vertex -7.376025403141975 48.51 0
      vertex -7.4163077867031095 48.43261826246977 0
    endloop
  endfacet
  facet normal 0 0 -1
    outer loop
      vertex -15.350000001490116 50.24091275781393 0
      vertex -7.3291520422697065 48.58357643544674 0
      vertex -7.376025403141975 48.51 0
    endloop
  endfacet
  facet normal 0 0 -1
    outer loop
      vertex -15.350000001490116 50.24091275781393 0
      vertex -7.276044445335865 48.65278761297464 0
      vertex -7.3291520422697065 48.58357643544674 0
    endloop
  endfacet
  facet normal 0 0 -1
    outer loop
      vertex -15.350000001490116 50.24091275781393 0
      vertex -7.217106783986091 48.71710678398609 0
      vertex -7.276044445335865 48.65278761297464 0
    endloop
  endfacet
  facet normal 0 0 -1
    outer loop
      vertex -15.350000001490116 50.24091275781393 0
      vertex -7.1527876129746435 48.77604444533586 0
      vertex -7.217106783986091 48.71710678398609 0
    endloop
  endfacet
  facet normal 0 0 -1
    outer loop
      vertex -15.350000001490116 50.24091275781393 0
      vertex -7.083576435446739 48.829152042269705 0
      vertex -7.1527876129746435 48.77604444533586 0
    endloop
  endfacet
  facet normal 0 0 -1
    outer loop
      vertex -15.350000001490116 50.24091275781393 0
      vertex -7.01 48.87602540314197 0
      vertex -7.083576435446739 48.829152042269705 0
    endloop
  endfacet
  facet normal 0 0 -1
    outer loop
      vertex -15.350000001490116 50.24091275781393 0
      vertex -6.932618262469768 48.91630778670311 0
      vertex -7.01 48.87602540314197 0
    endloop
  endfacet
  facet normal 0 0 -1
    outer loop
      vertex -15.350000001490116 50.24091275781393 0
      vertex -6.852020146548748 48.949692623913286 0
      vertex -6.932618262469768 48.91630778670311 0
    endloop
  endfacet
  facet normal 0 0 -1
    outer loop
      vertex -15.350000001490116 50.24091275781393 0
      vertex -6.768819043636322 48.97592582762241 0
      vertex -6.852020146548748 48.949692623913286 0
    endloop
  endfacet
  facet normal 0 0 -1
    outer loop
      vertex -15.350000001490116 50.24091275781393 0
      vertex -6.683648178577423 48.99480775207281 0
      vertex -6.768819043636322 48.97592582762241 0
    endloop
  endfacet
  facet normal 0 0 -1
    outer loop
      vertex -15.350000001490116 50.24091275781393 0
      vertex -6.597155744433403 49.006194697916506 0
      vertex -6.683648178577423 48.99480775207281 0
    endloop
  endfacet
  facet normal 0 0 -1
    outer loop
      vertex -15.350000001490116 50.24091275781393 0
      vertex 15.350000001490116 50.24091275781393 0
      vertex -6.597155744433403 49.006194697916506 0
    endloop
  endfacet
  facet normal 0 0 -1
    outer loop
      vertex -15.350000001490116 50.24091275781393 0
      vertex -15.34524168074131 50.458983331918716 0
      vertex 15.350000001490116 50.24091275781393 0
    endloop
  endfacet
  facet normal 0 0 -1
    outer loop
      vertex -15.34429657459259 50.480629935860634 0
      vertex 15.350000001490116 50.24091275781393 0
      vertex -15.34524168074131 50.458983331918716 0
    endloop
  endfacet
  facet normal 0 0 -1
    outer loop
      vertex -15.34429657459259 50.480629935860634 0
      vertex -15.310112237930298 50.87135869264603 0
      vertex 15.310112237930298 50.871358670294285 0
    endloop
  endfacet
  facet normal 0 0 -1
    outer loop
      vertex -15.310112237930298 50.87135869264603 0
      vertex -15.249603420495987 51.21452122181654 0
      vertex 15.249603435397148 51.21452113986015 0
    endloop
  endfacet
  facet normal 0 0 -1
    outer loop
      vertex -15.249603420495987 51.21452122181654 0
      vertex -15.159416235983372 51.551104351878166 0
      vertex 15.159416235983372 51.551104351878166 0
    endloop
  endfacet
  facet normal 0 0 -1
    outer loop
      vertex -15.159416235983372 51.551104351878166 0
      vertex -15.040237128734589 51.87854626774788 0
      vertex 15.159416235983372 51.551104351878166 0
    endloop
  endfacet
  facet normal 0 0 -1
    outer loop
      vertex -15.040237128734589 51.87854626774788 0
      vertex -14.892973065376282 52.19435505568981 0
      vertex 14.892973095178604 52.19435501098633 0
    endloop
  endfacet
  facet normal 0 0 -1
    outer loop
      vertex -14.892973065376282 52.19435505568981 0
      vertex -14.718744814395905 52.4961272329092 0
      vertex 14.718744814395905 52.4961272329092 0
    endloop
  endfacet
  facet normal 0 0 -1
    outer loop
      vertex -14.718744814395905 52.4961272329092 0
      vertex -14.518878482282162 52.78156594932079 0
      vertex 14.518878489732742 52.78156593441963 0
    endloop
  endfacet
  facet normal 0 0 -1
    outer loop
      vertex -14.518878482282162 52.78156594932079 0
      vertex -14.294894941151142 53.04849912971258 0
      vertex 14.294894978404045 53.04849909245968 0
    endloop
  endfacet
  facet normal 0 0 -1
    outer loop
      vertex -14.294894941151142 53.04849912971258 0
      vertex -14.048499092459679 53.294894978404045 0
      vertex 14.048499129712582 53.29489494115114 0
    endloop
  endfacet
  facet normal 0 0 -1
    outer loop
      vertex -14.048499092459679 53.294894978404045 0
      vertex -13.781565934419632 53.51887848973274 0
      vertex 13.781565949320793 53.51887848228216 0
    endloop
  endfacet
  facet normal 0 0 -1
    outer loop
      vertex -13.781565934419632 53.51887848973274 0
      vertex -13.496127232909203 53.718744814395905 0
      vertex 13.496127232909203 53.718744814395905 0
    endloop
  endfacet
  facet normal 0 0 -1
    outer loop
      vertex -13.496127232909203 53.718744814395905 0
      vertex -13.194355010986328 53.892973095178604 0
      vertex 13.194355055689812 53.89297306537628 0
    endloop
  endfacet
  facet normal 0 0 -1
    outer loop
      vertex -13.194355010986328 53.892973095178604 0
      vertex -12.87854627519846 54.04023712128401 0
      vertex 12.878546267747879 54.04023712873459 0
    endloop
  endfacet
  facet normal 0 0 -1
    outer loop
      vertex -12.87854627519846 54.04023712128401 0
      vertex -12.551104351878166 54.15941623598337 0
      vertex 12.878546267747879 54.04023712873459 0
    endloop
  endfacet
  facet normal 0 0 -1
    outer loop
      vertex -12.551104351878166 54.15941623598337 0
      vertex -12.214521139860153 54.24960343539715 0
      vertex 12.21452122181654 54.24960342049599 0
    endloop
  endfacet
  facet normal 0 0 -1
    outer loop
      vertex -12.214521139860153 54.24960343539715 0
      vertex -11.871358670294285 54.3101122379303 0
      vertex 11.871358692646027 54.3101122379303 0
    endloop
  endfacet
  facet normal 0 0 -1
    outer loop
      vertex -11.871358670294285 54.3101122379303 0
      vertex -11.480629935860634 54.34429657459259 0
      vertex 11.480629935860634 54.34429657459259 0
    endloop
  endfacet
  facet normal 0 0 -1
    outer loop
      vertex -11.480629935860634 54.34429657459259 0
      vertex -11.458983331918716 54.34524168074131 0
      vertex 11.480629935860634 54.34429657459259 0
    endloop
  endfacet
  facet normal 0 0 -1
    outer loop
      vertex -11.458983331918716 54.34524168074131 0
      vertex -11.24091275781393 54.350000001490116 0
      vertex 11.458983331918716 54.34524168074131 0
    endloop
  endfacet
  facet normal -0.9997620266904813 0.021814902881778817 0
    outer loop
      vertex -15.350000001490116 50.24091275781393 0
      vertex -15.34524168074131 50.458983331918716 5.4
      vertex -15.34524168074131 50.458983331918716 0
    endloop
  endfacet
  facet normal -0.9990482316181957 0.0436191574947969 0
    outer loop
      vertex -15.34429657459259 50.480629935860634 0
      vertex -15.34524168074131 50.458983331918716 0
      vertex -15.34429657459259 50.480629935860634 5.4
    endloop
  endfacet
  facet normal -0.9961946981072427 0.0871557425705246 0
    outer loop
      vertex -15.34429657459259 50.480629935860634 0
      vertex -15.310112237930298 50.87135869264603 5.4
      vertex -15.310112237930298 50.87135869264603 0
    endloop
  endfacet
  facet normal -0.9848077506695949 0.1736481909525489 0
    outer loop
      vertex -15.310112237930298 50.87135869264603 0
      vertex -15.249603420495987 51.21452122181654 5.4
      vertex -15.249603420495987 51.21452122181654 0
    endloop
  endfacet
  facet normal -0.965925821534771 0.258819062845799 0
    outer loop
      vertex -15.249603420495987 51.21452122181654 0
      vertex -15.159416235983372 51.551104351878166 5.4
      vertex -15.159416235983372 51.551104351878166 0
    endloop
  endfacet
  facet normal -0.939692624086847 0.3420201342564145 0
    outer loop
      vertex -15.159416235983372 51.551104351878166 0
      vertex -15.040237128734589 51.87854626774788 5.4
      vertex -15.040237128734589 51.87854626774788 0
    endloop
  endfacet
  facet normal -0.9063077793111255 0.42261827830813975 0
    outer loop
      vertex -15.040237128734589 51.87854626774788 0
      vertex -14.892973065376282 52.19435505568981 5.4
      vertex -14.892973065376282 52.19435505568981 0
    endloop
  endfacet
  facet normal -0.8660253997721125 0.5000000069495528 0
    outer loop
      vertex -14.892973065376282 52.19435505568981 0
      vertex -14.718744814395905 52.4961272329092 5.4
      vertex -14.718744814395905 52.4961272329092 0
    endloop
  endfacet
  facet normal -0.819152056174231 0.5735764193771651 0
    outer loop
      vertex -14.718744814395905 52.4961272329092 0
      vertex -14.518878482282162 52.78156594932079 5.4
      vertex -14.518878482282162 52.78156594932079 0
    endloop
  endfacet
  facet normal -0.7660444319338803 0.6427876230164195 0
    outer loop
      vertex -14.518878482282162 52.78156594932079 0
      vertex -14.294894941151142 53.04849912971258 5.4
      vertex -14.294894941151142 53.04849912971258 0
    endloop
  endfacet
  facet normal -0.7071067811865476 0.7071067811865476 0
    outer loop
      vertex -14.294894941151142 53.04849912971258 0
      vertex -14.048499092459679 53.294894978404045 5.4
      vertex -14.048499092459679 53.294894978404045 0
    endloop
  endfacet
  facet normal -0.6427876044125591 0.7660444475443728 0
    outer loop
      vertex -14.048499092459679 53.294894978404045 0
      vertex -13.781565934419632 53.51887848973274 5.4
      vertex -13.781565934419632 53.51887848973274 0
    endloop
  endfacet
  facet normal -0.5735764251220481 0.8191520521516207 0
    outer loop
      vertex -13.781565934419632 53.51887848973274 0
      vertex -13.496127232909203 53.718744814395905 5.4
      vertex -13.496127232909203 53.718744814395905 0
    endloop
  endfacet
  facet normal -0.5000000155433507 0.8660253948104808 0
    outer loop
      vertex -13.496127232909203 53.718744814395905 0
      vertex -13.194355010986328 53.892973095178604 5.4
      vertex -13.194355010986328 53.892973095178604 0
    endloop
  endfacet
  facet normal -0.4226182478218647 0.9063077935271091 0
    outer loop
      vertex -13.194355010986328 53.892973095178604 0
      vertex -12.87854627519846 54.04023712128401 5.4
      vertex -12.87854627519846 54.04023712128401 0
    endloop
  endfacet
  facet normal -0.342020146264969 0.9396926197160906 0
    outer loop
      vertex -12.87854627519846 54.04023712128401 0
      vertex -12.551104351878166 54.15941623598337 5.4
      vertex -12.551104351878166 54.15941623598337 0
    endloop
  endfacet
  facet normal -0.2588190439449494 0.9659258265992386 0
    outer loop
      vertex -12.551104351878166 54.15941623598337 0
      vertex -12.214521139860153 54.24960343539715 5.4
      vertex -12.214521139860153 54.24960343539715 0
    endloop
  endfacet
  facet normal -0.17364817873052632 0.9848077528246674 0
    outer loop
      vertex -12.214521139860153 54.24960343539715 0
      vertex -11.871358670294285 54.3101122379303 5.4
      vertex -11.871358670294285 54.3101122379303 0
    endloop
  endfacet
  facet normal -0.08715574751841966 0.9961946976743581 0
    outer loop
      vertex -11.871358670294285 54.3101122379303 0
      vertex -11.480629935860634 54.34429657459259 5.4
      vertex -11.480629935860634 54.34429657459259 0
    endloop
  endfacet
  facet normal -0.0436191574947969 0.9990482316181957 0
    outer loop
      vertex -11.480629935860634 54.34429657459259 0
      vertex -11.458983331918716 54.34524168074131 5.4
      vertex -11.458983331918716 54.34524168074131 0
    endloop
  endfacet
  facet normal -0.021814902881778817 0.9997620266904813 0
    outer loop
      vertex -11.458983331918716 54.34524168074131 0
      vertex -11.24091275781393 54.350000001490116 5.4
      vertex -11.24091275781393 54.350000001490116 0
    endloop
  endfacet
  facet normal -1 0 0
    outer loop
      vertex -15.350000001490116 13 0
      vertex -15.350000001490116 13 5.4
      vertex -15.350000001490116 50.24091275781393 5.4
    endloop
  endfacet
  facet normal 0 0 1
    outer loop
      vertex -15.350000001490116 13 5.4
      vertex -10.249999999999998 14 5.4
      vertex -10.25 40 5.4
    endloop
  endfacet
  facet normal 0 0 1
    outer loop
      vertex -15.350000001490116 13 5.4
      vertex -10.25 40 5.4
      vertex -15.350000001490116 50.24091275781393 5.4
    endloop
  endfacet
  facet normal 0 0 1
    outer loop
      vertex -9.049999999999999 14 5.4
      vertex -7.850000001490116 40 5.4
      vertex -9.049999999999999 40 5.4
    endloop
  endfacet
  facet normal -0.9997620266904813 0.021814902881778817 0
    outer loop
      vertex -15.350000001490116 50.24091275781393 0
      vertex -15.350000001490116 50.24091275781393 5.4
      vertex -15.34524168074131 50.458983331918716 5.4
    endloop
  endfacet
  facet normal -0.9990482316181957 0.0436191574947969 0
    outer loop
      vertex -15.34524168074131 50.458983331918716 0
      vertex -15.34524168074131 50.458983331918716 5.4
      vertex -15.34429657459259 50.480629935860634 5.4
    endloop
  endfacet
  facet normal -0.9961946981072427 0.0871557425705246 0
    outer loop
      vertex -15.34429657459259 50.480629935860634 0
      vertex -15.34429657459259 50.480629935860634 5.4
      vertex -15.310112237930298 50.87135869264603 5.4
    endloop
  endfacet
  facet normal -0.9848077506695949 0.1736481909525489 0
    outer loop
      vertex -15.310112237930298 50.87135869264603 0
      vertex -15.310112237930298 50.87135869264603 5.4
      vertex -15.249603420495987 51.21452122181654 5.4
    endloop
  endfacet
  facet normal -0.965925821534771 0.258819062845799 0
    outer loop
      vertex -15.249603420495987 51.21452122181654 0
      vertex -15.249603420495987 51.21452122181654 5.4
      vertex -15.159416235983372 51.551104351878166 5.4
    endloop
  endfacet
  facet normal -0.939692624086847 0.3420201342564145 0
    outer loop
      vertex -15.159416235983372 51.551104351878166 0
      vertex -15.159416235983372 51.551104351878166 5.4
      vertex -15.040237128734589 51.87854626774788 5.4
    endloop
  endfacet
  facet normal -0.9063077793111255 0.42261827830813975 0
    outer loop
      vertex -15.040237128734589 51.87854626774788 0
      vertex -15.040237128734589 51.87854626774788 5.4
      vertex -14.892973065376282 52.19435505568981 5.4
    endloop
  endfacet
  facet normal -0.8660253997721125 0.5000000069495528 0
    outer loop
      vertex -14.892973065376282 52.19435505568981 0
      vertex -14.892973065376282 52.19435505568981 5.4
      vertex -14.718744814395905 52.4961272329092 5.4
    endloop
  endfacet
  facet normal -0.819152056174231 0.5735764193771651 0
    outer loop
      vertex -14.718744814395905 52.4961272329092 0
      vertex -14.718744814395905 52.4961272329092 5.4
      vertex -14.518878482282162 52.78156594932079 5.4
    endloop
  endfacet
  facet normal -0.7660444319338803 0.6427876230164195 0
    outer loop
      vertex -14.518878482282162 52.78156594932079 0
      vertex -14.518878482282162 52.78156594932079 5.4
      vertex -14.294894941151142 53.04849912971258 5.4
    endloop
  endfacet
  facet normal -0.7071067811865476 0.7071067811865476 0
    outer loop
      vertex -14.294894941151142 53.04849912971258 0
      vertex -14.294894941151142 53.04849912971258 5.4
      vertex -14.048499092459679 53.294894978404045 5.4
    endloop
  endfacet
  facet normal -0.6427876044125591 0.7660444475443728 0
    outer loop
      vertex -14.048499092459679 53.294894978404045 0
      vertex -14.048499092459679 53.294894978404045 5.4
      vertex -13.781565934419632 53.51887848973274 5.4
    endloop
  endfacet
  facet normal -0.5735764251220481 0.8191520521516207 0
    outer loop
      vertex -13.781565934419632 53.51887848973274 0
      vertex -13.781565934419632 53.51887848973274 5.4
      vertex -13.496127232909203 53.718744814395905 5.4
    endloop
  endfacet
  facet normal -0.5000000155433507 0.8660253948104808 0
    outer loop
      vertex -13.496127232909203 53.718744814395905 0
      vertex -13.496127232909203 53.718744814395905 5.4
      vertex -13.194355010986328 53.892973095178604 5.4
    endloop
  endfacet
  facet normal -0.4226182478218647 0.9063077935271091 0
    outer loop
      vertex -13.194355010986328 53.892973095178604 0
      vertex -13.194355010986328 53.892973095178604 5.4
      vertex -12.87854627519846 54.04023712128401 5.4
    endloop
  endfacet
  facet normal -0.342020146264969 0.9396926197160906 0
    outer loop
      vertex -12.87854627519846 54.04023712128401 0
      vertex -12.87854627519846 54.04023712128401 5.4
      vertex -12.551104351878166 54.15941623598337 5.4
    endloop
  endfacet
  facet normal -0.2588190439449494 0.9659258265992386 0
    outer loop
      vertex -12.551104351878166 54.15941623598337 0
      vertex -12.551104351878166 54.15941623598337 5.4
      vertex -12.214521139860153 54.24960343539715 5.4
    endloop
  endfacet
  facet normal -0.17364817873052632 0.9848077528246674 0
    outer loop
      vertex -12.214521139860153 54.24960343539715 0
      vertex -12.214521139860153 54.24960343539715 5.4
      vertex -11.871358670294285 54.3101122379303 5.4
    endloop
  endfacet
  facet normal -0.08715574751841966 0.9961946976743581 0
    outer loop
      vertex -11.871358670294285 54.3101122379303 0
      vertex -11.871358670294285 54.3101122379303 5.4
      vertex -11.480629935860634 54.34429657459259 5.4
    endloop
  endfacet
  facet normal -0.0436191574947969 0.9990482316181957 0
    outer loop
      vertex -11.480629935860634 54.34429657459259 0
      vertex -11.480629935860634 54.34429657459259 5.4
      vertex -11.458983331918716 54.34524168074131 5.4
    endloop
  endfacet
  facet normal -0.021814902881778817 0.9997620266904813 0
    outer loop
      vertex -11.458983331918716 54.34524168074131 0
      vertex -11.458983331918716 54.34524168074131 5.4
      vertex -11.24091275781393 54.350000001490116 5.4
    endloop
  endfacet
  facet normal 0 1 0
    outer loop
      vertex -11.24091275781393 54.350000001490116 0
      vertex -11.24091275781393 54.350000001490116 5.4
      vertex 11.24091275781393 54.350000001490116 5.4
    endloop
  endfacet
  facet normal 0 0 1
    outer loop
      vertex -15.350000001490116 50.24091275781393 5.4
      vertex -10.25 40 5.4
      vertex -10.25 41.2 5.4
    endloop
  endfacet
  facet normal 0 0 1
    outer loop
      vertex -15.350000001490116 50.24091275781393 5.4
      vertex -10.25 41.2 5.4
      vertex -9.21216216216216 41.2 5.4
    endloop
  endfacet
  facet normal 0 0 1
    outer loop
      vertex -15.350000001490116 50.24091275781393 5.4
      vertex -9.21216216216216 41.2 5.4
      vertex -7.850000001490116 41.2 5.4
    endloop
  endfacet
  facet normal 0 0 1
    outer loop
      vertex -15.350000001490116 50.24091275781393 5.4
      vertex -7.850000001490116 41.2 5.4
      vertex -7.850000001490116 47.350000001490116 5.4
    endloop
  endfacet
  facet normal 0 0 1
    outer loop
      vertex -15.350000001490116 50.24091275781393 5.4
      vertex -7.850000001490116 47.350000001490116 5.4
      vertex -7.842389397323132 47.52431149035692 5.4
    endloop
  endfacet
  facet normal 0 0 1
    outer loop
      vertex -15.350000001490116 50.24091275781393 5.4
      vertex -7.842389397323132 47.52431149035692 5.4
      vertex -7.819615505635738 47.69729635864496 5.4
    endloop
  endfacet
  facet normal 0 0 1
    outer loop
      vertex -15.350000001490116 50.24091275781393 5.4
      vertex -7.819615505635738 47.69729635864496 5.4
      vertex -7.781851656734943 47.86763808876276 5.4
    endloop
  endfacet
  facet normal 0 0 1
    outer loop
      vertex -15.350000001490116 50.24091275781393 5.4
      vertex -7.781851656734943 47.86763808876276 5.4
      vertex -7.729385241866112 48.03404028713703 5.4
    endloop
  endfacet
  facet normal 0 0 1
    outer loop
      vertex -15.350000001490116 50.24091275781393 5.4
      vertex -7.729385241866112 48.03404028713703 5.4
      vertex -7.662615574896336 48.19523652642965 5.4
    endloop
  endfacet
  facet normal 0 0 1
    outer loop
      vertex -15.350000001490116 50.24091275781393 5.4
      vertex -7.662615574896336 48.19523652642965 5.4
      vertex -7.582050807774067 48.350000001490116 5.4
    endloop
  endfacet
  facet normal 0 0 1
    outer loop
      vertex -15.350000001490116 50.24091275781393 5.4
      vertex -7.582050807774067 48.350000001490116 5.4
      vertex -7.48830409348011 48.497152872383595 5.4
    endloop
  endfacet
  facet normal 0 0 1
    outer loop
      vertex -15.350000001490116 50.24091275781393 5.4
      vertex -7.48830409348011 48.497152872383595 5.4
      vertex -7.382088884711266 48.63557521998882 5.4
    endloop
  endfacet
  facet normal 0 0 1
    outer loop
      vertex -15.350000001490116 50.24091275781393 5.4
      vertex -7.382088884711266 48.63557521998882 5.4
      vertex -7.264213562011719 48.76421356201172 5.4
    endloop
  endfacet
  facet normal 0 0 1
    outer loop
      vertex -15.350000001490116 50.24091275781393 5.4
      vertex -7.264213562011719 48.76421356201172 5.4
      vertex -7.135575219988823 48.882088884711266 5.4
    endloop
  endfacet
  facet normal 0 0 1
    outer loop
      vertex -15.350000001490116 50.24091275781393 5.4
      vertex -7.135575219988823 48.882088884711266 5.4
      vertex -6.9971528723835945 48.98830409348011 5.4
    endloop
  endfacet
  facet normal 0 0 1
    outer loop
      vertex -15.350000001490116 50.24091275781393 5.4
      vertex -6.9971528723835945 48.98830409348011 5.4
      vertex -6.850000001490116 49.08205080777407 5.4
    endloop
  endfacet
  facet normal 0 0 1
    outer loop
      vertex -15.350000001490116 50.24091275781393 5.4
      vertex -6.850000001490116 49.08205080777407 5.4
      vertex -6.695236526429653 49.162615574896336 5.4
    endloop
  endfacet
  facet normal 0 0 1
    outer loop
      vertex -15.350000001490116 50.24091275781393 5.4
      vertex -6.695236526429653 49.162615574896336 5.4
      vertex -6.5340402871370316 49.22938524186611 5.4
    endloop
  endfacet
  facet normal 0 0 1
    outer loop
      vertex -15.350000001490116 50.24091275781393 5.4
      vertex -6.5340402871370316 49.22938524186611 5.4
      vertex -6.36763808876276 49.28185165673494 5.4
    endloop
  endfacet
  facet normal 0 0 1
    outer loop
      vertex -15.350000001490116 50.24091275781393 5.4
      vertex -6.36763808876276 49.28185165673494 5.4
      vertex -6.197296358644962 49.31961550563574 5.4
    endloop
  endfacet
  facet normal 0 0 1
    outer loop
      vertex -15.350000001490116 50.24091275781393 5.4
      vertex -6.197296358644962 49.31961550563574 5.4
      vertex -6.024311490356922 49.34238939732313 5.4
    endloop
  endfacet
  facet normal 0 0 1
    outer loop
      vertex -15.350000001490116 50.24091275781393 5.4
      vertex -6.024311490356922 49.34238939732313 5.4
      vertex -5.850000001490116 49.350000001490116 5.4
    endloop
  endfacet
  facet normal 0 0 1
    outer loop
      vertex -15.350000001490116 50.24091275781393 5.4
      vertex -5.850000001490116 49.350000001490116 5.4
      vertex 5.850000001490116 49.350000001490116 5.4
    endloop
  endfacet
  facet normal 0 0 1
    outer loop
      vertex -15.350000001490116 50.24091275781393 5.4
      vertex 15.350000001490116 50.24091275781393 5.4
      vertex -15.34524168074131 50.458983331918716 5.4
    endloop
  endfacet
  facet normal 0 0 1
    outer loop
      vertex -15.34429657459259 50.480629935860634 5.4
      vertex -15.34524168074131 50.458983331918716 5.4
      vertex 15.350000001490116 50.24091275781393 5.4
    endloop
  endfacet
  facet normal 0 0 1
    outer loop
      vertex -15.34429657459259 50.480629935860634 5.4
      vertex 15.310112237930298 50.871358670294285 5.4
      vertex -15.310112237930298 50.87135869264603 5.4
    endloop
  endfacet
  facet normal 0 0 1
    outer loop
      vertex -15.310112237930298 50.87135869264603 5.4
      vertex 15.249603435397148 51.21452113986015 5.4
      vertex -15.249603420495987 51.21452122181654 5.4
    endloop
  endfacet
  facet normal 0 0 1
    outer loop
      vertex -15.249603420495987 51.21452122181654 5.4
      vertex 15.159416235983372 51.551104351878166 5.4
      vertex -15.159416235983372 51.551104351878166 5.4
    endloop
  endfacet
  facet normal 0 0 1
    outer loop
      vertex -15.159416235983372 51.551104351878166 5.4
      vertex 15.159416235983372 51.551104351878166 5.4
      vertex -15.040237128734589 51.87854626774788 5.4
    endloop
  endfacet
  facet normal 0 0 1
    outer loop
      vertex -15.040237128734589 51.87854626774788 5.4
      vertex 14.892973095178604 52.19435501098633 5.4
      vertex -14.892973065376282 52.19435505568981 5.4
    endloop
  endfacet
  facet normal 0 0 1
    outer loop
      vertex -14.892973065376282 52.19435505568981 5.4
      vertex 14.718744814395905 52.4961272329092 5.4
      vertex -14.718744814395905 52.4961272329092 5.4
    endloop
  endfacet
  facet normal 0 0 1
    outer loop
      vertex -14.718744814395905 52.4961272329092 5.4
      vertex 14.518878489732742 52.78156593441963 5.4
      vertex -14.518878482282162 52.78156594932079 5.4
    endloop
  endfacet
  facet normal 0 0 1
    outer loop
      vertex -14.518878482282162 52.78156594932079 5.4
      vertex 14.294894978404045 53.04849909245968 5.4
      vertex -14.294894941151142 53.04849912971258 5.4
    endloop
  endfacet
  facet normal 0 0 1
    outer loop
      vertex -14.294894941151142 53.04849912971258 5.4
      vertex 14.048499129712582 53.29489494115114 5.4
      vertex -14.048499092459679 53.294894978404045 5.4
    endloop
  endfacet
  facet normal 0 0 1
    outer loop
      vertex -14.048499092459679 53.294894978404045 5.4
      vertex 13.781565949320793 53.51887848228216 5.4
      vertex -13.781565934419632 53.51887848973274 5.4
    endloop
  endfacet
  facet normal 0 0 1
    outer loop
      vertex -13.781565934419632 53.51887848973274 5.4
      vertex 13.496127232909203 53.718744814395905 5.4
      vertex -13.496127232909203 53.718744814395905 5.4
    endloop
  endfacet
  facet normal 0 0 1
    outer loop
      vertex -13.496127232909203 53.718744814395905 5.4
      vertex 13.194355055689812 53.89297306537628 5.4
      vertex -13.194355010986328 53.892973095178604 5.4
    endloop
  endfacet
  facet normal 0 0 1
    outer loop
      vertex -13.194355010986328 53.892973095178604 5.4
      vertex 12.878546267747879 54.04023712873459 5.4
      vertex -12.87854627519846 54.04023712128401 5.4
    endloop
  endfacet
  facet normal 0 0 1
    outer loop
      vertex -12.87854627519846 54.04023712128401 5.4
      vertex 12.878546267747879 54.04023712873459 5.4
      vertex -12.551104351878166 54.15941623598337 5.4
    endloop
  endfacet
  facet normal 0 0 1
    outer loop
      vertex -12.551104351878166 54.15941623598337 5.4
      vertex 12.21452122181654 54.24960342049599 5.4
      vertex -12.214521139860153 54.24960343539715 5.4
    endloop
  endfacet
  facet normal 0 0 1
    outer loop
      vertex -12.214521139860153 54.24960343539715 5.4
      vertex 11.871358692646027 54.3101122379303 5.4
      vertex -11.871358670294285 54.3101122379303 5.4
    endloop
  endfacet
  facet normal 0 0 1
    outer loop
      vertex -11.871358670294285 54.3101122379303 5.4
      vertex 11.480629935860634 54.34429657459259 5.4
      vertex -11.480629935860634 54.34429657459259 5.4
    endloop
  endfacet
  facet normal 0 0 1
    outer loop
      vertex -11.480629935860634 54.34429657459259 5.4
      vertex 11.480629935860634 54.34429657459259 5.4
      vertex -11.458983331918716 54.34524168074131 5.4
    endloop
  endfacet
  facet normal 0 0 1
    outer loop
      vertex -11.458983331918716 54.34524168074131 5.4
      vertex 11.458983331918716 54.34524168074131 5.4
      vertex -11.24091275781393 54.350000001490116 5.4
    endloop
  endfacet
  facet normal 0 0 -1
    outer loop
      vertex -16.71719804406166 0.16573504805564876 0
      vertex -16.62934609502554 0.202124510705471 0
      vertex 44.64091279357672 -10.5 0
    endloop
  endfacet
  facet normal 0 0 -1
    outer loop
      vertex -16.62934609502554 0.202124510705471 0
      vertex -16.54500000178814 0.24603230953216548 0
      vertex 44.64091279357672 -10.5 0
    endloop
  endfacet
  facet normal 0 0 -1
    outer loop
      vertex -16.54500000178814 0.24603230953216548 0
      vertex -16.46480169147253 0.297124271094799 0
      vertex 44.64091279357672 -10.5 0
    endloop
  endfacet
  facet normal 0 0 -1
    outer loop
      vertex -16.46480169147253 0.297124271094799 0
      vertex -16.389361508190632 0.3550115570425987 0
      vertex 44.64091279357672 -10.5 0
    endloop
  endfacet
  facet normal 0 0 -1
    outer loop
      vertex -16.389361508190632 0.3550115570425987 0
      vertex -16.319253608584404 0.41925360709428783 0
      vertex 44.64091279357672 -10.5 0
    endloop
  endfacet
  facet normal 0 0 -1
    outer loop
      vertex -16.319253608584404 0.41925360709428783 0
      vertex -16.255011558532715 0.4893615067005157 0
      vertex 44.64091279357672 -10.5 0
    endloop
  endfacet
  facet normal 0 0 -1
    outer loop
      vertex -16.255011558532715 0.4893615067005157 0
      vertex -16.197124272584915 0.5648016899824142 0
      vertex 44.64091279357672 -10.5 0
    endloop
  endfacet
  facet normal 0 0 -1
    outer loop
      vertex -16.197124272584915 0.5648016899824142 0
      vertex -16.14603231102228 0.6450000002980232 0
      vertex 44.64091279357672 -10.5 0
    endloop
  endfacet
  facet normal 0 0 -1
    outer loop
      vertex -16.14603231102228 0.6450000002980232 0
      vertex -16.102124512195587 0.7293460935354232 0
      vertex 44.64091279357672 -10.5 0
    endloop
  endfacet
  facet normal 0 0 -1
    outer loop
      vertex -16.102124512195587 0.7293460935354232 0
      vertex -16.065735049545765 0.8171980425715446 0
      vertex 44.64091279357672 -10.5 0
    endloop
  endfacet
  facet normal 0 0 -1
    outer loop
      vertex -16.065735049545765 0.8171980425715446 0
      vertex -16.037140853703022 0.9078872397541999 0
      vertex 44.64091279357672 -10.5 0
    endloop
  endfacet
  facet normal 0 0 -1
    outer loop
      vertex -16.037140853703022 0.9078872397541999 0
      vertex -16.016559556126595 1.000723485648632 0
      vertex 44.64091279357672 -10.5 0
    endloop
  endfacet
  facet normal 0 0 -1
    outer loop
      vertex -16.016559556126595 1.000723485648632 0
      vertex -16.00414778292179 1.0950002416968345 0
      vertex 44.64091279357672 -10.5 0
    endloop
  endfacet
  facet normal 0 0 -1
    outer loop
      vertex -16.00414778292179 1.0950002416968345 0
      vertex -16 1.1900000020861625 0
      vertex 44.64091279357672 -10.5 0
    endloop
  endfacet
  facet normal 0 0 -1
    outer loop
      vertex -16 1.2099999979138374 0
      vertex -16.00414778292179 1.3049997583031654 0
      vertex 44.64091279357672 -10.5 0
    endloop
  endfacet
  facet normal 0 0 -1
    outer loop
      vertex -16 1.1900000020861625 0
      vertex -16 1.2099999979138374 0
      vertex 44.64091279357672 -10.5 0
    endloop
  endfacet
  facet normal 0 0 -1
    outer loop
      vertex -16.00414778292179 1.3049997583031654 0
      vertex -16.016559556126595 1.399276514351368 0
      vertex 44.64091279357672 -10.5 0
    endloop
  endfacet
  facet normal 0 0 -1
    outer loop
      vertex -16.016559556126595 1.399276514351368 0
      vertex -16.037140853703022 1.4921127602458 0
      vertex 44.64091279357672 -10.5 0
    endloop
  endfacet
  facet normal 0 0 -1
    outer loop
      vertex -16.037140853703022 1.4921127602458 0
      vertex -16.065735049545765 1.5828019574284553 0
      vertex 44.64091279357672 -10.5 0
    endloop
  endfacet
  facet normal 0 0 -1
    outer loop
      vertex -16.065735049545765 1.5828019574284553 0
      vertex -16.102124512195587 1.6706539064645767 0
      vertex 44.64091279357672 -10.5 0
    endloop
  endfacet
  facet normal 0 0 -1
    outer loop
      vertex -21.92979856580496 3.6030737906694412 0
      vertex -21.12381738424301 3.9369221329689026 0
      vertex 44.64091279357672 -10.5 0
    endloop
  endfacet
  facet normal 0 0 -1
    outer loop
      vertex -21.12381738424301 3.9369221329689026 0
      vertex -20.350000001490116 4.339745961129665 0
      vertex 44.64091279357672 -10.5 0
    endloop
  endfacet
  facet normal 0 0 -1
    outer loop
      vertex -21.92979856580496 3.6030737906694412 0
      vertex 44.64091279357672 -10.5 0
      vertex -16.900723487138748 2.2834404453635218 0
    endloop
  endfacet
  facet normal 0 0 -1
    outer loop
      vertex -20.350000001490116 4.339745961129665 0
      vertex -19.614235639572144 4.808479554951191 0
      vertex 44.64091279357672 -10.5 0
    endloop
  endfacet
  facet normal 0 0 -1
    outer loop
      vertex -19.614235639572144 4.808479554951191 0
      vertex -18.922123901546 5.339555568993092 0
      vertex 44.64091279357672 -10.5 0
    endloop
  endfacet
  facet normal 0 0 -1
    outer loop
      vertex -18.922123901546 5.339555568993092 0
      vertex -18.278932191431522 5.928932189941406 0
      vertex 44.64091279357672 -10.5 0
    endloop
  endfacet
  facet normal 0 0 -1
    outer loop
      vertex -16.71719804406166 2.2342649519443514 0
      vertex 44.64091279357672 -10.5 0
      vertex -16.62934609502554 2.197875489294529 0
    endloop
  endfacet
  facet normal 0 0 -1
    outer loop
      vertex -16.900723487138748 2.2834404453635218 0
      vertex 44.64091279357672 -10.5 0
      vertex -16.807887241244316 2.2628591477870943 0
    endloop
  endfacet
  facet normal 0 0 -1
    outer loop
      vertex -16.807887241244316 2.2628591477870943 0
      vertex 44.64091279357672 -10.5 0
      vertex -16.71719804406166 2.2342649519443514 0
    endloop
  endfacet
  facet normal 0 0 -1
    outer loop
      vertex -16.54500000178814 2.1539676904678347 0
      vertex 44.64091279357672 -10.5 0
      vertex -16.46480169147253 2.102875728905201 0
    endloop
  endfacet
  facet normal 0 0 -1
    outer loop
      vertex -16.62934609502554 2.197875489294529 0
      vertex 44.64091279357672 -10.5 0
      vertex -16.54500000178814 2.1539676904678347 0
    endloop
  endfacet
  facet normal 0 0 -1
    outer loop
      vertex -16.46480169147253 2.102875728905201 0
      vertex 44.64091279357672 -10.5 0
      vertex -16.389361508190632 2.0449884429574015 0
    endloop
  endfacet
  facet normal 0 0 -1
    outer loop
      vertex -16.102124512195587 1.6706539064645767 0
      vertex -16.14603231102228 1.7549999997019767 0
      vertex 44.64091279357672 -10.5 0
    endloop
  endfacet
  facet normal 0 0 -1
    outer loop
      vertex -16.14603231102228 1.7549999997019767 0
      vertex -16.197124272584915 1.8351983100175857 0
      vertex 44.64091279357672 -10.5 0
    endloop
  endfacet
  facet normal 0 0 -1
    outer loop
      vertex -16.197124272584915 1.8351983100175857 0
      vertex -16.255011558532715 1.9106384932994842 0
      vertex 44.64091279357672 -10.5 0
    endloop
  endfacet
  facet normal 0 0 -1
    outer loop
      vertex -16.319253608584404 1.980746392905712 0
      vertex -16.389361508190632 2.0449884429574015 0
      vertex 44.64091279357672 -10.5 0
    endloop
  endfacet
  facet normal 0 0 -1
    outer loop
      vertex -16.319253608584404 1.980746392905712 0
      vertex 44.64091279357672 -10.5 0
      vertex -16.255011558532715 1.9106384932994842 0
    endloop
  endfacet
  facet normal 0 0 -1
    outer loop
      vertex -18.278932191431522 5.928932189941406 0
      vertex -17.689555570483208 6.572123900055885 0
      vertex 44.64091279357672 -10.5 0
    endloop
  endfacet
  facet normal 0 0 -1
    outer loop
      vertex -17.689555570483208 6.572123900055885 0
      vertex -17.158479556441307 7.264235638082027 0
      vertex 44.64091279357672 -10.5 0
    endloop
  endfacet
  facet normal 0 0 -1
    outer loop
      vertex -17.158479556441307 7.264235638082027 0
      vertex -16.68974596261978 8 0
      vertex 44.64091279357672 -10.5 0
    endloop
  endfacet
  facet normal 0 0 -1
    outer loop
      vertex -6.51 4.99 0
      vertex 6.51 4.99 0
      vertex 16.46480169147253 0.297124271094799 0
    endloop
  endfacet
  facet normal 0 0 -1
    outer loop
      vertex -6.768819043636322 5.024074172377587 0
      vertex 44.64091279357672 -10.5 0
      vertex -16.68974596261978 8 0
    endloop
  endfacet
  facet normal 0 0 -1
    outer loop
      vertex -6.597155744433404 4.993805302083492 0
      vertex 44.64091279357672 -10.5 0
      vertex -6.683648178577423 5.005192247927189 0
    endloop
  endfacet
  facet normal 0 0 -1
    outer loop
      vertex -6.768819043636322 5.024074172377587 0
      vertex -6.683648178577423 5.005192247927189 0
      vertex 44.64091279357672 -10.5 0
    endloop
  endfacet
  facet normal 0 0 -1
    outer loop
      vertex -6.597155744433404 4.993805302083492 0
      vertex -6.51 4.99 0
      vertex 44.64091279357672 -10.5 0
    endloop
  endfacet
  facet normal 0 0 -1
    outer loop
      vertex -6.51 4.99 0
      vertex 16.46480169147253 0.297124271094799 0
      vertex 16.54500000178814 0.24603230953216548 0
    endloop
  endfacet
  facet normal 0 0 -1
    outer loop
      vertex -6.51 4.99 0
      vertex 16.62934609502554 0.202124510705471 0
      vertex 16.71719804406166 0.16573504805564876 0
    endloop
  endfacet
  facet normal 0 0 -1
    outer loop
      vertex -6.51 4.99 0
      vertex 16.71719804406166 0.16573504805564876 0
      vertex 16.807887241244316 0.13714085221290584 0
    endloop
  endfacet
  facet normal 0 0 -1
    outer loop
      vertex -6.51 4.99 0
      vertex 16.54500000178814 0.24603230953216548 0
      vertex 16.62934609502554 0.202124510705471 0
    endloop
  endfacet
  facet normal 0 0 -1
    outer loop
      vertex 6.51 4.99 0
      vertex 6.597155744433403 4.9938053020834925 0
      vertex 16.016559556126595 1.399276514351368 0
    endloop
  endfacet
  facet normal 0 0 -1
    outer loop
      vertex 6.597155744433403 4.9938053020834925 0
      vertex 6.683648178577424 5.005192247927188 0
      vertex 16.016559556126595 1.399276514351368 0
    endloop
  endfacet
  facet normal 0 0 -1
    outer loop
      vertex 6.683648178577424 5.005192247927188 0
      vertex 6.768819043636322 5.024074172377587 0
      vertex 16.016559556126595 1.399276514351368 0
    endloop
  endfacet
  facet normal 0 0 -1
    outer loop
      vertex 6.768819043636322 5.024074172377587 0
      vertex 6.852020146548748 5.050307376086712 0
      vertex 16.016559556126595 1.399276514351368 0
    endloop
  endfacet
  facet normal 0 0 -1
    outer loop
      vertex 6.852020146548748 5.050307376086712 0
      vertex 6.932618262469768 5.0836922132968905 0
      vertex 16.016559556126595 1.399276514351368 0
    endloop
  endfacet
  facet normal 0 0 -1
    outer loop
      vertex 6.932618262469768 5.0836922132968905 0
      vertex 7.01 5.123974596858025 0
      vertex 16.14603231102228 1.7549999997019767 0
    endloop
  endfacet
  facet normal 0 0 -1
    outer loop
      vertex 7.01 5.123974596858025 0
      vertex 7.083576435446739 5.1708479577302935 0
      vertex 16.14603231102228 1.7549999997019767 0
    endloop
  endfacet
  facet normal 0 0 -1
    outer loop
      vertex 7.083576435446739 5.1708479577302935 0
      vertex 7.1527876129746435 5.223955554664135 0
      vertex 16.14603231102228 1.7549999997019767 0
    endloop
  endfacet
  facet normal 0 0 -1
    outer loop
      vertex 7.1527876129746435 5.223955554664135 0
      vertex 7.217106783986091 5.282893216013909 0
      vertex 16.14603231102228 1.7549999997019767 0
    endloop
  endfacet
  facet normal 0 0 -1
    outer loop
      vertex 7.217106783986091 5.282893216013909 0
      vertex 7.276044445335865 5.3472123870253565 0
      vertex 16.14603231102228 1.7549999997019767 0
    endloop
  endfacet
  facet normal 0 0 -1
    outer loop
      vertex 7.276044445335865 5.3472123870253565 0
      vertex 7.3291520422697065 5.416423564553261 0
      vertex 16.14603231102228 1.7549999997019767 0
    endloop
  endfacet
  facet normal 0 0 -1
    outer loop
      vertex 7.3291520422697065 5.416423564553261 0
      vertex 7.376025403141975 5.49 0
      vertex 16.14603231102228 1.7549999997019767 0
    endloop
  endfacet
  facet normal 0 0 -1
    outer loop
      vertex 7.376025403141975 5.49 0
      vertex 7.4163077867031095 5.567381737530232 0
      vertex 16.14603231102228 1.7549999997019767 0
    endloop
  endfacet
  facet normal 0 0 -1
    outer loop
      vertex 7.4163077867031095 5.567381737530232 0
      vertex 7.449692623913288 5.647979853451252 0
      vertex 16.14603231102228 1.7549999997019767 0
    endloop
  endfacet
  facet normal 0 0 -1
    outer loop
      vertex 7.449692623913288 5.647979853451252 0
      vertex 7.475925827622413 5.731180956363678 0
      vertex 16.14603231102228 1.7549999997019767 0
    endloop
  endfacet
  facet normal 0 0 -1
    outer loop
      vertex 16.197124272584915 1.8351983100175857 0
      vertex 7.475925827622413 5.731180956363678 0
      vertex 7.494807752072811 5.816351821422577 0
    endloop
  endfacet
  facet normal 0 0 -1
    outer loop
      vertex 16.255011558532715 1.9106384932994842 0
      vertex 7.494807752072811 5.816351821422577 0
      vertex 7.5061946979165075 5.902844255566597 0
    endloop
  endfacet
  facet normal 0 0 -1
    outer loop
      vertex 16.319253608584404 1.980746392905712 0
      vertex 7.5061946979165075 5.902844255566597 0
      vertex 7.51 5.99 0
    endloop
  endfacet
  facet normal 0 -1 0
    outer loop
      vertex -44.64091279357672 -10.5 0
      vertex 44.64091279357672 -10.5 0
      vertex 42.9490614334471 -10.5 2.4
    endloop
  endfacet
  facet normal 0 0 -1
    outer loop
      vertex 6.51 4.99 0
      vertex 16.197124272584915 0.5648016899824142 0
      vertex 16.255011558532715 0.4893615067005157 0
    endloop
  endfacet
  facet normal 0 0 -1
    outer loop
      vertex 6.51 4.99 0
      vertex 16.14603231102228 0.6450000002980232 0
      vertex 16.197124272584915 0.5648016899824142 0
    endloop
  endfacet
  facet normal 0 0 -1
    outer loop
      vertex 6.51 4.99 0
      vertex 16.102124512195587 0.7293460935354232 0
      vertex 16.14603231102228 0.6450000002980232 0
    endloop
  endfacet
  facet normal 0 0 -1
    outer loop
      vertex 6.51 4.99 0
      vertex 16.065735049545765 0.8171980425715446 0
      vertex 16.102124512195587 0.7293460935354232 0
    endloop
  endfacet
  facet normal 0 0 -1
    outer loop
      vertex 6.51 4.99 0
      vertex 16.037140853703022 0.9078872397541999 0
      vertex 16.065735049545765 0.8171980425715446 0
    endloop
  endfacet
  facet normal 0 0 -1
    outer loop
      vertex 6.51 4.99 0
      vertex 16.016559556126595 1.000723485648632 0
      vertex 16.037140853703022 0.9078872397541999 0
    endloop
  endfacet
  facet normal 0 0 -1
    outer loop
      vertex 6.51 4.99 0
      vertex 16.00414778292179 1.0950002416968345 0
      vertex 16.016559556126595 1.000723485648632 0
    endloop
  endfacet
  facet normal 0 0 -1
    outer loop
      vertex 6.51 4.99 0
      vertex 16 1.1900000020861625 0
      vertex 16.00414778292179 1.0950002416968345 0
    endloop
  endfacet
  facet normal 0 0 -1
    outer loop
      vertex 6.51 4.99 0
      vertex 16 1.2099999979138374 0
      vertex 16 1.1900000020861625 0
    endloop
  endfacet
  facet normal 0 0 -1
    outer loop
      vertex 6.51 4.99 0
      vertex 16.00414778292179 1.3049997583031654 0
      vertex 16 1.2099999979138374 0
    endloop
  endfacet
  facet normal 0 0 -1
    outer loop
      vertex 6.51 4.99 0
      vertex 16.016559556126595 1.399276514351368 0
      vertex 16.00414778292179 1.3049997583031654 0
    endloop
  endfacet
  facet normal 0 0 -1
    outer loop
      vertex 6.932618262469768 5.0836922132968905 0
      vertex 16.037140853703022 1.4921127602458 0
      vertex 16.016559556126595 1.399276514351368 0
    endloop
  endfacet
  facet normal 0 0 -1
    outer loop
      vertex 6.51 4.99 0
      vertex 16.389361508190632 0.3550115570425987 0
      vertex 16.46480169147253 0.297124271094799 0
    endloop
  endfacet
  facet normal 0 0 -1
    outer loop
      vertex 6.51 4.99 0
      vertex 16.319253608584404 0.41925360709428783 0
      vertex 16.389361508190632 0.3550115570425987 0
    endloop
  endfacet
  facet normal 0 0 -1
    outer loop
      vertex 6.51 4.99 0
      vertex 16.255011558532715 0.4893615067005157 0
      vertex 16.319253608584404 0.41925360709428783 0
    endloop
  endfacet
  facet normal 0 0 -1
    outer loop
      vertex 6.932618262469768 5.0836922132968905 0
      vertex 16.065735049545765 1.5828019574284553 0
      vertex 16.037140853703022 1.4921127602458 0
    endloop
  endfacet
  facet normal 0 0 -1
    outer loop
      vertex 6.932618262469768 5.0836922132968905 0
      vertex 16.102124512195587 1.6706539064645767 0
      vertex 16.065735049545765 1.5828019574284553 0
    endloop
  endfacet
  facet normal 0 0 -1
    outer loop
      vertex 6.932618262469768 5.0836922132968905 0
      vertex 16.14603231102228 1.7549999997019767 0
      vertex 16.102124512195587 1.6706539064645767 0
    endloop
  endfacet
  facet normal 0 0 -1
    outer loop
      vertex 16.14603231102228 1.7549999997019767 0
      vertex 7.475925827622413 5.731180956363678 0
      vertex 16.197124272584915 1.8351983100175857 0
    endloop
  endfacet
  facet normal 0 0 -1
    outer loop
      vertex 16.197124272584915 1.8351983100175857 0
      vertex 7.494807752072811 5.816351821422577 0
      vertex 16.255011558532715 1.9106384932994842 0
    endloop
  endfacet
  facet normal 0 0 -1
    outer loop
      vertex 16.255011558532715 1.9106384932994842 0
      vertex 7.5061946979165075 5.902844255566597 0
      vertex 16.319253608584404 1.980746392905712 0
    endloop
  endfacet
  facet normal 0 0 -1
    outer loop
      vertex 16.319253608584404 1.980746392905712 0
      vertex 7.51 5.99 0
      vertex 16.389361508190632 2.0449884429574015 0
    endloop
  endfacet
  facet normal 0 0 -1
    outer loop
      vertex 16.389361508190632 2.0449884429574015 0
      vertex 7.51 5.99 0
      vertex 16.46480169147253 2.102875728905201 0
    endloop
  endfacet
  facet normal 0 0 -1
    outer loop
      vertex 16.46480169147253 2.102875728905201 0
      vertex 7.51 5.99 0
      vertex 16.54500000178814 2.1539676904678347 0
    endloop
  endfacet
  facet normal 0 0 -1
    outer loop
      vertex 16.54500000178814 2.1539676904678347 0
      vertex 7.51 5.99 0
      vertex 16.62934609502554 2.197875489294529 0
    endloop
  endfacet
  facet normal 0 0 -1
    outer loop
      vertex 16.62934609502554 2.197875489294529 0
      vertex 7.51 5.99 0
      vertex 16.71719804406166 2.2342649519443514 0
    endloop
  endfacet
  facet normal 0 0 -1
    outer loop
      vertex 16.71719804406166 2.2342649519443514 0
      vertex 7.51 5.99 0
      vertex 16.807887241244316 2.2628591477870943 0
    endloop
  endfacet
  facet normal 0 0 -1
    outer loop
      vertex 16.807887241244316 2.2628591477870943 0
      vertex 7.51 5.99 0
      vertex 16.900723487138748 2.2834404453635218 0
    endloop
  endfacet
  facet normal 0 0 -1
    outer loop
      vertex 16.900723487138748 2.2834404453635218 0
      vertex 7.51 5.99 0
      vertex 22.761809550225735 3.340741738677025 0
    endloop
  endfacet
  facet normal 0 0 -1
    outer loop
      vertex 19.614235639572144 4.808479554951191 0
      vertex 20.350000001490116 4.339745961129665 0
      vertex 7.51 5.99 0
    endloop
  endfacet
  facet normal 0 0 -1
    outer loop
      vertex 18.922123901546 5.339555568993092 0
      vertex 19.614235639572144 4.808479554951191 0
      vertex 7.51 5.99 0
    endloop
  endfacet
  facet normal 0 0 -1
    outer loop
      vertex 21.92979856580496 3.6030737906694412 0
      vertex 7.51 5.99 0
      vertex 21.12381738424301 3.9369221329689026 0
    endloop
  endfacet
  facet normal 0 0 -1
    outer loop
      vertex 20.350000001490116 4.339745961129665 0
      vertex 21.12381738424301 3.9369221329689026 0
      vertex 7.51 5.99 0
    endloop
  endfacet
  facet normal 0 0 -1
    outer loop
      vertex -6.51 4.99 0
      vertex 16.807887241244316 0.13714085221290584 0
      vertex 46.25 -8.890912786126137 0
    endloop
  endfacet
  facet normal 0 0 -1
    outer loop
      vertex 16.900723487138748 2.2834404453635218 0
      vertex 22.761809550225735 3.340741738677025 0
      vertex 16.99500024318695 2.295852218568325 0
    endloop
  endfacet
  facet normal 0 0 -1
    outer loop
      vertex 16.99500024318695 2.295852218568325 0
      vertex 22.761809550225735 3.340741738677025 0
      vertex 17.09000000357628 2.3000000014901163 0
    endloop
  endfacet
  facet normal 0 0 -1
    outer loop
      vertex 21.92979856580496 3.6030737906694412 0
      vertex 22.761809550225735 3.340741738677025 0
      vertex 7.51 5.99 0
    endloop
  endfacet
  facet normal 0 0 -1
    outer loop
      vertex 17.09000000357628 2.3000000014901163 0
      vertex 22.761809550225735 3.340741738677025 0
      vertex 22.90999999642372 2.3000000014901163 0
    endloop
  endfacet
  facet normal 0 0 -1
    outer loop
      vertex 22.90999999642372 2.3000000014901163 0
      vertex 22.761809550225735 3.340741738677025 0
      vertex 23.00499975681305 2.295852218568325 0
    endloop
  endfacet
  facet normal 0 0 -1
    outer loop
      vertex 23.099276512861252 2.2834404453635218 0
      vertex 23.00499975681305 2.295852218568325 0
      vertex 22.761809550225735 3.340741738677025 0
    endloop
  endfacet
  facet normal 0 0 -1
    outer loop
      vertex 23.099276512861252 2.2834404453635218 0
      vertex 22.761809550225735 3.340741738677025 0
      vertex 23.192112758755684 2.2628591477870943 0
    endloop
  endfacet
  facet normal 0 0 -1
    outer loop
      vertex 22.761809550225735 3.340741738677025 0
      vertex 23.28280195593834 2.2342649519443514 0
      vertex 23.192112758755684 2.2628591477870943 0
    endloop
  endfacet
  facet normal 0.6755902114170451 0.7372773333267967 0
    outer loop
      vertex 18.922123901546 5.339555568993092 0
      vertex 18.278932191431522 5.928932189941406 0
      vertex 18.922123901546 5.339555568993092 5.4
    endloop
  endfacet
  facet normal 0.5372996082502723 0.8433914458743957 0
    outer loop
      vertex 19.614235639572144 4.808479554951191 0
      vertex 20.350000001490116 4.339745961129665 5.4
      vertex 20.350000001490116 4.339745961129665 0
    endloop
  endfacet
  facet normal 0.6087614281122236 0.7933533409791417 0
    outer loop
      vertex 18.922123901546 5.339555568993092 0
      vertex 19.614235639572144 4.808479554951191 5.4
      vertex 19.614235639572144 4.808479554951191 0
    endloop
  endfacet
  facet normal 0.3007057956158277 0.9537169519742491 0
    outer loop
      vertex 21.92979856580496 3.6030737906694412 0
      vertex 22.761809550225735 3.340741738677025 5.4
      vertex 22.761809550225735 3.340741738677025 0
    endloop
  endfacet
  facet normal 0.461748609226557 0.8870108352649027 0
    outer loop
      vertex 20.350000001490116 4.339745961129665 0
      vertex 21.12381738424301 3.9369221329689026 5.4
      vertex 21.12381738424301 3.9369221329689026 0
    endloop
  endfacet
  facet normal 0.3826834381171763 0.9238795301286945 0
    outer loop
      vertex 21.92979856580496 3.6030737906694412 0
      vertex 21.12381738424301 3.9369221329689026 0
      vertex 21.92979856580496 3.6030737906694412 5.4
    endloop
  endfacet
  facet normal 0 0 -1
    outer loop
      vertex 7.51 5.99 0
      vertex 7.85 12.8 0
      vertex 10.087837837837837 12.8 0
    endloop
  endfacet
  facet normal 0 0 -1
    outer loop
      vertex 7.51 5.99 0
      vertex 10.087837837837837 12.8 0
      vertex 15.388053022325039 12.128442570567131 0
    endloop
  endfacet
  facet normal 0 0 -1
    outer loop
      vertex 7.51 5.99 0
      vertex 17.158479556441307 7.264235638082027 0
      vertex 17.689555570483208 6.572123900055885 0
    endloop
  endfacet
  facet normal 0 0 -1
    outer loop
      vertex 7.51 5.99 0
      vertex 16.28692213445902 8.773817382752895 0
      vertex 16.68974596261978 8 0
    endloop
  endfacet
  facet normal 0 0 -1
    outer loop
      vertex 7.51 5.99 0
      vertex 16.68974596261978 8 0
      vertex 17.158479556441307 7.264235638082027 0
    endloop
  endfacet
  facet normal 0 0 -1
    outer loop
      vertex 7.51 5.99 0
      vertex 15.501922473311424 11.26351822167635 0
      vertex 15.690741740167141 10.411809548735619 0
    endloop
  endfacet
  facet normal 0 0 -1
    outer loop
      vertex 7.51 5.99 0
      vertex 15.953073792159557 9.579798564314842 0
      vertex 16.28692213445902 8.773817382752895 0
    endloop
  endfacet
  facet normal 0 0 -1
    outer loop
      vertex 7.51 5.99 0
      vertex 15.690741740167141 10.411809548735619 0
      vertex 15.953073792159557 9.579798564314842 0
    endloop
  endfacet
  facet normal 0 0 -1
    outer loop
      vertex 7.51 5.99 0
      vertex 17.689555570483208 6.572123900055885 0
      vertex 18.278932191431522 5.928932189941406 0
    endloop
  endfacet
  facet normal 0 0 -1
    outer loop
      vertex 18.922123901546 5.339555568993092 0
      vertex 7.51 5.99 0
      vertex 18.278932191431522 5.928932189941406 0
    endloop
  endfacet
  facet normal 0 0 -1
    outer loop
      vertex 7.51 5.99 0
      vertex 15.388053022325039 12.128442570567131 0
      vertex 15.501922473311424 11.26351822167635 0
    endloop
  endfacet
  facet normal 0 0 -1
    outer loop
      vertex 10.087837837837837 12.8 0
      vertex 10.249999999999998 12.8 0
      vertex 15.388053022325039 12.128442570567131 0
    endloop
  endfacet
  facet normal 0 0 -1
    outer loop
      vertex 10.249999999999998 12.8 0
      vertex 10.249999999999998 14 0
      vertex 15.350000001490116 13 0
    endloop
  endfacet
  facet normal 0 0 -1
    outer loop
      vertex 10.249999999999998 12.8 0
      vertex 15.350000001490116 13 0
      vertex 15.388053022325039 12.128442570567131 0
    endloop
  endfacet
  facet normal 0.8433914458743957 0.5372996082502723 0
    outer loop
      vertex 17.158479556441307 7.264235638082027 0
      vertex 16.68974596261978 8 0
      vertex 17.158479556441307 7.264235638082027 5.4
    endloop
  endfacet
  facet normal 0.8870108352649027 0.461748609226557 0
    outer loop
      vertex 16.68974596261978 8 0
      vertex 16.28692213445902 8.773817382752895 0
      vertex 16.68974596261978 8 5.4
    endloop
  endfacet
  facet normal 0.9238795301286945 0.3826834381171763 0
    outer loop
      vertex 16.28692213445902 8.773817382752895 0
      vertex 15.953073792159557 9.579798564314842 0
      vertex 16.28692213445902 8.773817382752895 5.4
    endloop
  endfacet
  facet normal 0.9537169519742491 0.3007057956158277 0
    outer loop
      vertex 15.953073792159557 9.579798564314842 0
      vertex 15.690741740167141 10.411809548735619 0
      vertex 15.953073792159557 9.579798564314842 5.4
    endloop
  endfacet
  facet normal 0.9762960071349377 0.21643961387042335 0
    outer loop
      vertex 15.690741740167141 10.411809548735619 0
      vertex 15.501922473311424 11.26351822167635 0
      vertex 15.690741740167141 10.411809548735619 5.4
    endloop
  endfacet
  facet normal 0.9914448613395793 0.13052619248006248 0
    outer loop
      vertex 15.501922473311424 11.26351822167635 0
      vertex 15.388053022325039 12.128442570567131 0
      vertex 15.501922473311424 11.26351822167635 5.4
    endloop
  endfacet
  facet normal 0.9990482214985889 0.04361938927250757 0
    outer loop
      vertex 15.388053022325039 12.128442570567131 0
      vertex 15.350000001490116 13 0
      vertex 15.388053022325039 12.128442570567131 5.4
    endloop
  endfacet
  facet normal 0.7372773333267967 0.6755902114170451 0
    outer loop
      vertex 17.689555570483208 6.572123900055885 0
      vertex 18.278932191431522 5.928932189941406 5.4
      vertex 18.278932191431522 5.928932189941406 0
    endloop
  endfacet
  facet normal 0.7933533409791417 0.6087614281122236 0
    outer loop
      vertex 17.158479556441307 7.264235638082027 0
      vertex 17.689555570483208 6.572123900055885 5.4
      vertex 17.689555570483208 6.572123900055885 0
    endloop
  endfacet
  facet normal 0 0 -1
    outer loop
      vertex -6.51 4.99 0
      vertex 44.72800928354263 -10.49809954315424 0
      vertex 44.64091279357672 -10.5 0
    endloop
  endfacet
  facet normal 0 0 -1
    outer loop
      vertex -6.51 4.99 0
      vertex 44.94473239779472 -10.479138731956482 0
      vertex 44.72800928354263 -10.49809954315424 0
    endloop
  endfacet
  facet normal 0 0 -1
    outer loop
      vertex -6.51 4.99 0
      vertex 45.07290671020746 -10.456538140773773 0
      vertex 44.94473239779472 -10.479138731956482 0
    endloop
  endfacet
  facet normal 0 0 -1
    outer loop
      vertex -6.51 4.99 0
      vertex 45.19862359762192 -10.422852404415607 0
      vertex 45.07290671020746 -10.456538140773773 0
    endloop
  endfacet
  facet normal 0 0 -1
    outer loop
      vertex -6.51 4.99 0
      vertex 45.320926271378994 -10.378337875008583 0
      vertex 45.19862359762192 -10.422852404415607 0
    endloop
  endfacet
  facet normal 0 0 -1
    outer loop
      vertex -6.51 4.99 0
      vertex 45.43888367712498 -10.32333342730999 0
      vertex 45.320926271378994 -10.378337875008583 0
    endloop
  endfacet
  facet normal 0 0 -1
    outer loop
      vertex -6.51 4.99 0
      vertex 45.55159851908684 -10.258257485926151 0
      vertex 45.43888367712498 -10.32333342730999 0
    endloop
  endfacet
  facet normal 0 0 -1
    outer loop
      vertex -6.51 4.99 0
      vertex 45.65821246057749 -10.18360560387373 0
      vertex 45.55159851908684 -10.258257485926151 0
    endloop
  endfacet
  facet normal 0 0 -1
    outer loop
      vertex -6.51 4.99 0
      vertex 45.7579146027565 -10.099945574998856 0
      vertex 45.65821246057749 -10.18360560387373 0
    endloop
  endfacet
  facet normal 0 0 -1
    outer loop
      vertex -6.51 4.99 0
      vertex 45.84994553774595 -10.007914640009403 0
      vertex 45.7579146027565 -10.099945574998856 0
    endloop
  endfacet
  facet normal 0 0 -1
    outer loop
      vertex -6.51 4.99 0
      vertex 45.93360557407141 -9.908212497830391 0
      vertex 45.84994553774595 -10.007914640009403 0
    endloop
  endfacet
  facet normal 0 0 -1
    outer loop
      vertex -6.51 4.99 0
      vertex 46.008257515728474 -9.801598474383354 0
      vertex 45.93360557407141 -9.908212497830391 0
    endloop
  endfacet
  facet normal 0 0 -1
    outer loop
      vertex -6.51 4.99 0
      vertex 46.073333382606506 -9.688883766531944 0
      vertex 46.008257515728474 -9.801598474383354 0
    endloop
  endfacet
  facet normal 0 0 -1
    outer loop
      vertex -6.51 4.99 0
      vertex 46.12833787500858 -9.570926263928413 0
      vertex 46.073333382606506 -9.688883766531944 0
    endloop
  endfacet
  facet normal 0 0 -1
    outer loop
      vertex -6.51 4.99 0
      vertex 46.17285239696503 -9.44862361997366 0
      vertex 46.12833787500858 -9.570926263928413 0
    endloop
  endfacet
  facet normal 0 0 -1
    outer loop
      vertex -6.51 4.99 0
      vertex 46.20653814077377 -9.322906710207462 0
      vertex 46.17285239696503 -9.44862361997366 0
    endloop
  endfacet
  facet normal 0 0 -1
    outer loop
      vertex -6.51 4.99 0
      vertex 46.22913873940706 -9.194732382893562 0
      vertex 46.20653814077377 -9.322906710207462 0
    endloop
  endfacet
  facet normal 0 0 -1
    outer loop
      vertex 16.900723487138748 0.11655955463647838 0
      vertex 16.99500024318695 0.10414778143167491 0
      vertex 46.25 -8.890912786126137 0
    endloop
  endfacet
  facet normal 0 0 -1
    outer loop
      vertex 16.807887241244316 0.13714085221290584 0
      vertex 16.900723487138748 0.11655955463647838 0
      vertex 46.25 -8.890912786126137 0
    endloop
  endfacet
  facet normal 0 0 -1
    outer loop
      vertex 16.99500024318695 0.10414778143167491 0
      vertex 17.09000000357628 0.09999999850988384 0
      vertex 46.25 -8.890912786126137 0
    endloop
  endfacet
  facet normal 0 0 -1
    outer loop
      vertex -6.51 4.99 0
      vertex 46.24809954315424 -8.978009410202503 0
      vertex 46.22913873940706 -9.194732382893562 0
    endloop
  endfacet
  facet normal 0 0 -1
    outer loop
      vertex -6.51 4.99 0
      vertex 46.25 -8.890912786126137 0
      vertex 46.24809954315424 -8.978009410202503 0
    endloop
  endfacet
  facet normal 0 0 -1
    outer loop
      vertex 17.09000000357628 0.09999999850988384 0
      vertex 22.90999999642372 0.09999999850988384 0
      vertex 46.25 -8.890912786126137 0
    endloop
  endfacet
  facet normal 0 0 -1
    outer loop
      vertex 22.90999999642372 0.09999999850988384 0
      vertex 23.00499975681305 0.10414778143167491 0
      vertex 46.25 -8.890912786126137 0
    endloop
  endfacet
  facet normal 0 0 -1
    outer loop
      vertex 23.00499975681305 0.10414778143167491 0
      vertex 23.099276512861252 0.11655955463647838 0
      vertex 46.25 -8.890912786126137 0
    endloop
  endfacet
  facet normal 0 0 -1
    outer loop
      vertex 23.099276512861252 0.11655955463647838 0
      vertex 23.192112758755684 0.13714085221290584 0
      vertex 46.25 -8.890912786126137 0
    endloop
  endfacet
  facet normal 0 0 -1
    outer loop
      vertex 23.192112758755684 0.13714085221290584 0
      vertex 23.28280195593834 0.16573504805564876 0
      vertex 46.25 -8.890912786126137 0
    endloop
  endfacet
  facet normal 0 0 -1
    outer loop
      vertex 23.28280195593834 0.16573504805564876 0
      vertex 23.37065390497446 0.202124510705471 0
      vertex 46.25 -8.890912786126137 0
    endloop
  endfacet
  facet normal 0 0 -1
    outer loop
      vertex 23.37065390497446 0.202124510705471 0
      vertex 23.45499999821186 0.24603230953216548 0
      vertex 46.25 -8.890912786126137 0
    endloop
  endfacet
  facet normal 0 0 -1
    outer loop
      vertex 23.45499999821186 0.24603230953216548 0
      vertex 23.53519830852747 0.297124271094799 0
      vertex 46.25 -8.890912786126137 0
    endloop
  endfacet
  facet normal 0 0 -1
    outer loop
      vertex 23.53519830852747 0.297124271094799 0
      vertex 23.610638491809368 0.3550115570425987 0
      vertex 46.25 -8.890912786126137 0
    endloop
  endfacet
  facet normal 0 0 -1
    outer loop
      vertex 23.610638491809368 0.3550115570425987 0
      vertex 23.680746391415596 0.41925360709428783 0
      vertex 46.25 -8.890912786126137 0
    endloop
  endfacet
  facet normal 0 0 -1
    outer loop
      vertex 23.680746391415596 0.41925360709428783 0
      vertex 23.744988441467285 0.4893615067005157 0
      vertex 46.25 -8.890912786126137 0
    endloop
  endfacet
  facet normal 0 0 -1
    outer loop
      vertex 23.744988441467285 0.4893615067005157 0
      vertex 23.802875727415085 0.5648016899824142 0
      vertex 46.25 -8.890912786126137 0
    endloop
  endfacet
  facet normal 0 0 -1
    outer loop
      vertex 23.802875727415085 0.5648016899824142 0
      vertex 23.85396768897772 0.6450000002980232 0
      vertex 46.25 -8.890912786126137 0
    endloop
  endfacet
  facet normal 0 0 -1
    outer loop
      vertex 23.85396768897772 0.6450000002980232 0
      vertex 23.897875487804413 0.7293460935354232 0
      vertex 46.25 -8.890912786126137 0
    endloop
  endfacet
  facet normal 0 0 -1
    outer loop
      vertex 23.897875487804413 0.7293460935354232 0
      vertex 23.934264950454235 0.8171980425715446 0
      vertex 46.25 -8.890912786126137 0
    endloop
  endfacet
  facet normal 0 0 -1
    outer loop
      vertex 22.761809550225735 3.340741738677025 0
      vertex 23.37065390497446 2.197875489294529 0
      vertex 23.28280195593834 2.2342649519443514 0
    endloop
  endfacet
  facet normal 0 0 -1
    outer loop
      vertex 23.983440443873405 1.000723485648632 0
      vertex 23.99585221707821 1.0950002416968345 0
      vertex 41.05096189432334 -6.25 0
    endloop
  endfacet
  facet normal 0 0 -1
    outer loop
      vertex 23.897875487804413 1.6706539064645767 0
      vertex 23.85396768897772 1.7549999997019767 0
      vertex 41.05096189432334 -6.25 0
    endloop
  endfacet
  facet normal 0 0 -1
    outer loop
      vertex 23.934264950454235 1.5828019574284553 0
      vertex 23.897875487804413 1.6706539064645767 0
      vertex 41.05096189432334 -6.25 0
    endloop
  endfacet
  facet normal 0 0 -1
    outer loop
      vertex 23.802875727415085 1.8351983100175857 0
      vertex 41.05096189432334 -6.25 0
      vertex 23.85396768897772 1.7549999997019767 0
    endloop
  endfacet
  facet normal 0 0 -1
    outer loop
      vertex 23.45499999821186 2.1539676904678347 0
      vertex 23.37065390497446 2.197875489294529 0
      vertex 41.05096189432334 -6.25 0
    endloop
  endfacet
  facet normal 0 0 -1
    outer loop
      vertex 23.45499999821186 2.1539676904678347 0
      vertex 41.05096189432334 -6.25 0
      vertex 23.53519830852747 2.102875728905201 0
    endloop
  endfacet
  facet normal 0 0 -1
    outer loop
      vertex 23.53519830852747 2.102875728905201 0
      vertex 41.05096189432334 -6.25 0
      vertex 23.610638491809368 2.0449884429574015 0
    endloop
  endfacet
  facet normal 0 0 -1
    outer loop
      vertex 23.610638491809368 2.0449884429574015 0
      vertex 41.05096189432334 -6.25 0
      vertex 23.680746391415596 1.980746392905712 0
    endloop
  endfacet
  facet normal 0 0 -1
    outer loop
      vertex 23.744988441467285 1.9106384932994842 0
      vertex 41.05096189432334 -6.25 0
      vertex 23.802875727415085 1.8351983100175857 0
    endloop
  endfacet
  facet normal 0 0 -1
    outer loop
      vertex 23.744988441467285 1.9106384932994842 0
      vertex 23.680746391415596 1.980746392905712 0
      vertex 41.05096189432334 -6.25 0
    endloop
  endfacet
  facet normal 0 0 -1
    outer loop
      vertex 23.99585221707821 1.0950002416968345 0
      vertex 24 1.1900000020861625 0
      vertex 41.05096189432334 -6.25 0
    endloop
  endfacet
  facet normal 0 0 -1
    outer loop
      vertex 24 1.1900000020861625 0
      vertex 24 1.2099999979138374 0
      vertex 41.05096189432334 -6.25 0
    endloop
  endfacet
  facet normal 0 0 -1
    outer loop
      vertex 24 1.2099999979138374 0
      vertex 23.99585221707821 1.3049997583031654 0
      vertex 41.05096189432334 -6.25 0
    endloop
  endfacet
  facet normal 0 0 -1
    outer loop
      vertex 23.99585221707821 1.3049997583031654 0
      vertex 23.983440443873405 1.399276514351368 0
      vertex 41.05096189432334 -6.25 0
    endloop
  endfacet
  facet normal 0 0 -1
    outer loop
      vertex 23.983440443873405 1.399276514351368 0
      vertex 23.962859146296978 1.4921127602458 0
      vertex 41.05096189432334 -6.25 0
    endloop
  endfacet
  facet normal 0 0 -1
    outer loop
      vertex 23.962859146296978 1.4921127602458 0
      vertex 23.934264950454235 1.5828019574284553 0
      vertex 41.05096189432334 -6.25 0
    endloop
  endfacet
  facet normal 0 0 -1
    outer loop
      vertex 23.934264950454235 0.8171980425715446 0
      vertex 23.962859146296978 0.9078872397541999 0
      vertex 46.25 -8.890912786126137 0
    endloop
  endfacet
  facet normal 0 0 -1
    outer loop
      vertex 23.962859146296978 0.9078872397541999 0
      vertex 23.983440443873405 1.000723485648632 0
      vertex 46.25 -8.890912786126137 0
    endloop
  endfacet
  facet normal 0 0 -1
    outer loop
      vertex 22.761809550225735 3.340741738677025 0
      vertex 41.05096189432334 -6.25 0
      vertex 23.37065390497446 2.197875489294529 0
    endloop
  endfacet
  facet normal 0 0 -1
    outer loop
      vertex 22.761809550225735 3.340741738677025 0
      vertex 23.613518223166466 3.151922471821308 0
      vertex 41.05096189432334 -6.25 0
    endloop
  endfacet
  facet normal 0 0 -1
    outer loop
      vertex 23.613518223166466 3.151922471821308 0
      vertex 24.478442572057247 3.038053020834923 0
      vertex 40.99053831944502 -6.133927392611049 0
    endloop
  endfacet
  facet normal 0 0 -1
    outer loop
      vertex 24.478442572057247 3.038053020834923 0
      vertex 25.350000001490116 3 0
      vertex 40.940461068821136 -6.013030214988503 0
    endloop
  endfacet
  facet normal 0 0 -1
    outer loop
      vertex 23.983440443873405 1.000723485648632 0
      vertex 41.71607260738895 -6.859461680554975 0
      vertex 46.25 -8.890912786126137 0
    endloop
  endfacet
  facet normal 0 0 -1
    outer loop
      vertex 23.983440443873405 1.000723485648632 0
      vertex 41.05096189432334 -6.25 0
      vertex 41.12127193356651 -6.360364654526569 0
    endloop
  endfacet
  facet normal 0 0 -1
    outer loop
      vertex 23.983440443873405 1.000723485648632 0
      vertex 41.48963534547343 -6.728728066433487 0
      vertex 41.6 -6.799038105676658 0
    endloop
  endfacet
  facet normal 0 0 -1
    outer loop
      vertex 23.983440443873405 1.000723485648632 0
      vertex 41.6 -6.799038105676658 0
      vertex 41.71607260738895 -6.859461680554975 0
    endloop
  endfacet
  facet normal 0 0 -1
    outer loop
      vertex 23.983440443873405 1.000723485648632 0
      vertex 41.28933982822018 -6.560660171779821 0
      vertex 41.38581858547019 -6.649066664678467 0
    endloop
  endfacet
  facet normal 0 0 -1
    outer loop
      vertex 23.983440443873405 1.000723485648632 0
      vertex 41.20093333532153 -6.464181414529809 0
      vertex 41.28933982822018 -6.560660171779821 0
    endloop
  endfacet
  facet normal 0 0 -1
    outer loop
      vertex 23.983440443873405 1.000723485648632 0
      vertex 41.12127193356651 -6.360364654526569 0
      vertex 41.20093333532153 -6.464181414529809 0
    endloop
  endfacet
  facet normal 0 0 -1
    outer loop
      vertex 23.983440443873405 1.000723485648632 0
      vertex 41.38581858547019 -6.649066664678467 0
      vertex 41.48963534547343 -6.728728066433487 0
    endloop
  endfacet
  facet normal 0 0 -1
    outer loop
      vertex 23.613518223166466 3.151922471821308 0
      vertex 40.99053831944502 -6.133927392611049 0
      vertex 41.05096189432334 -6.25 0
    endloop
  endfacet
  facet normal 0 0 -1
    outer loop
      vertex 24.478442572057247 3.038053020834923 0
      vertex 40.940461068821136 -6.013030214988503 0
      vertex 40.99053831944502 -6.133927392611049 0
    endloop
  endfacet
  facet normal 0 0 -1
    outer loop
      vertex 25.350000001490116 3 0
      vertex 40.901111260566395 -5.8882285676537816 0
      vertex 40.940461068821136 -6.013030214988503 0
    endloop
  endfacet
  facet normal 0 0 -1
    outer loop
      vertex 25.350000001490116 3 0
      vertex 40.872788370481686 -5.760472266500395 0
      vertex 40.901111260566395 -5.8882285676537816 0
    endloop
  endfacet
  facet normal 0 0 -1
    outer loop
      vertex 25.350000001490116 3 0
      vertex 40.85570795286238 -5.630733614121487 0
      vertex 40.872788370481686 -5.760472266500395 0
    endloop
  endfacet
  facet normal 0 0 -1
    outer loop
      vertex 25.350000001490116 3 0
      vertex 40.85 -5.5 0
      vertex 40.85570795286238 -5.630733614121487 0
    endloop
  endfacet
  facet normal 0 0 -1
    outer loop
      vertex 41.71607260738895 -6.859461680554975 0
      vertex 41.8369697850115 -6.909538931178862 0
      vertex 46.25 -8.890912786126137 0
    endloop
  endfacet
  facet normal 0 0 -1
    outer loop
      vertex 41.8369697850115 -6.909538931178862 0
      vertex 41.96177143234622 -6.9488887394336025 0
      vertex 46.25 -8.890912786126137 0
    endloop
  endfacet
  facet normal 0 0 -1
    outer loop
      vertex 42.08952773349961 -6.977211629518312 0
      vertex 46.25 -8.890912786126137 0
      vertex 41.96177143234622 -6.9488887394336025 0
    endloop
  endfacet
  facet normal 0 0 -1
    outer loop
      vertex 42.08952773349961 -6.977211629518312 0
      vertex 42.21926638587851 -6.994292047137618 0
      vertex 46.25 -8.890912786126137 0
    endloop
  endfacet
  facet normal 0 0 -1
    outer loop
      vertex 42.21926638587851 -6.994292047137618 0
      vertex 42.35 -7 0
      vertex 46.25 -8.890912786126137 0
    endloop
  endfacet
  facet normal 0 0 -1
    outer loop
      vertex 42.35 -7 0
      vertex 43.15 -7 0
      vertex 46.25 -8.890912786126137 0
    endloop
  endfacet
  facet normal 0 0 -1
    outer loop
      vertex 43.15 -7 0
      vertex 43.28073361412149 -6.994292047137618 0
      vertex 46.25 -8.890912786126137 0
    endloop
  endfacet
  facet normal 0 0 -1
    outer loop
      vertex 43.28073361412149 -6.994292047137618 0
      vertex 43.41047226650039 -6.977211629518312 0
      vertex 46.25 -8.890912786126137 0
    endloop
  endfacet
  facet normal 0 0 -1
    outer loop
      vertex 46.25 -8.890912786126137 0
      vertex 43.41047226650039 -6.977211629518312 0
      vertex 43.53822856765378 -6.9488887394336025 0
    endloop
  endfacet
  facet normal 0 0 -1
    outer loop
      vertex 46.25 -8.890912786126137 0
      vertex 43.53822856765378 -6.9488887394336025 0
      vertex 43.6630302149885 -6.909538931178862 0
    endloop
  endfacet
  facet normal 0 0 -1
    outer loop
      vertex 46.25 -8.890912786126137 0
      vertex 43.6630302149885 -6.909538931178862 0
      vertex 43.78392739261105 -6.859461680554975 0
    endloop
  endfacet
  facet normal 0 0 -1
    outer loop
      vertex 46.25 -8.890912786126137 0
      vertex 43.78392739261105 -6.859461680554975 0
      vertex 43.9 -6.799038105676658 0
    endloop
  endfacet
  facet normal 0 0 -1
    outer loop
      vertex 46.25 -8.890912786126137 0
      vertex 43.9 -6.799038105676658 0
      vertex 44.01036465452657 -6.728728066433487 0
    endloop
  endfacet
  facet normal 0 0 -1
    outer loop
      vertex 46.25 -8.890912786126137 0
      vertex 44.01036465452657 -6.728728066433487 0
      vertex 44.11418141452981 -6.649066664678467 0
    endloop
  endfacet
  facet normal 0 0 -1
    outer loop
      vertex 46.25 -8.890912786126137 0
      vertex 44.11418141452981 -6.649066664678467 0
      vertex 44.21066017177982 -6.560660171779821 0
    endloop
  endfacet
  facet normal 0 0 -1
    outer loop
      vertex 46.25 -8.890912786126137 0
      vertex 44.21066017177982 -6.560660171779821 0
      vertex 44.29906666467847 -6.464181414529809 0
    endloop
  endfacet
  facet normal 0 0 -1
    outer loop
      vertex 46.25 -8.890912786126137 0
      vertex 44.29906666467847 -6.464181414529809 0
      vertex 44.37872806643349 -6.360364654526569 0
    endloop
  endfacet
  facet normal 0 0 -1
    outer loop
      vertex 46.25 -8.890912786126137 0
      vertex 44.37872806643349 -6.360364654526569 0
      vertex 44.44903810567666 -6.25 0
    endloop
  endfacet
  facet normal 0 0 -1
    outer loop
      vertex 46.25 -8.890912786126137 0
      vertex 44.44903810567666 -6.25 0
      vertex 44.50946168055498 -6.133927392611049 0
    endloop
  endfacet
  facet normal 0 0 -1
    outer loop
      vertex 46.25 -8.890912786126137 0
      vertex 44.50946168055498 -6.133927392611049 0
      vertex 44.559538931178864 -6.013030214988503 0
    endloop
  endfacet
  facet normal 0 0 -1
    outer loop
      vertex 46.25 -8.890912786126137 0
      vertex 44.559538931178864 -6.013030214988503 0
      vertex 44.598888739433605 -5.8882285676537816 0
    endloop
  endfacet
  facet normal 0 0 -1
    outer loop
      vertex 46.25 -8.890912786126137 0
      vertex 44.598888739433605 -5.8882285676537816 0
      vertex 44.627211629518314 -5.760472266500395 0
    endloop
  endfacet
  facet normal 0 0 -1
    outer loop
      vertex 46.25 -8.890912786126137 0
      vertex 44.627211629518314 -5.760472266500395 0
      vertex 46.25 1.3909127861261368 0
    endloop
  endfacet
  facet normal 0 0 -1
    outer loop
      vertex 44.627211629518314 -5.760472266500395 0
      vertex 44.64429204713762 -5.630733614121487 0
      vertex 46.25 1.3909127861261368 0
    endloop
  endfacet
  facet normal 0 0 -1
    outer loop
      vertex 44.64429204713762 -5.630733614121487 0
      vertex 44.65 -5.5 0
      vertex 46.25 1.3909127861261368 0
    endloop
  endfacet
  facet normal 0 0 -1
    outer loop
      vertex 44.65 -5.5 0
      vertex 44.65 -4 0
      vertex 46.25 1.3909127861261368 0
    endloop
  endfacet
  facet normal 0.021814938661879186 -0.9997620259097554 0
    outer loop
      vertex 44.64091279357672 -10.5 0
      vertex 44.72800928354263 -10.49809954315424 0
      vertex 44.64091279357672 -10.5 2.4
    endloop
  endfacet
  facet normal 0.08715572256970262 -0.9961946998570876 0
    outer loop
      vertex 44.72800928354263 -10.49809954315424 0
      vertex 44.94473239779472 -10.479138731956482 0
      vertex 44.72800928354263 -10.49809954315424 2.4
    endloop
  endfacet
  facet normal 0.17364819011558652 -0.984807750817174 0
    outer loop
      vertex 44.94473239779472 -10.479138731956482 0
      vertex 45.07290671020746 -10.456538140773773 0
      vertex 44.94473239779472 -10.479138731956482 2.4
    endloop
  endfacet
  facet normal 0.2588190300519859 -0.9659258303218469 0
    outer loop
      vertex 45.07290671020746 -10.456538140773773 0
      vertex 45.19862359762192 -10.422852404415607 0
      vertex 45.07290671020746 -10.456538140773773 2.4
    endloop
  endfacet
  facet normal 0.34202012017864875 -0.9396926292107343 0
    outer loop
      vertex 45.19862359762192 -10.422852404415607 0
      vertex 45.320926271378994 -10.378337875008583 0
      vertex 45.19862359762192 -10.422852404415607 2.4
    endloop
  endfacet
  facet normal 0.4226183000055347 -0.9063077691934632 0
    outer loop
      vertex 45.320926271378994 -10.378337875008583 0
      vertex 45.43888367712498 -10.32333342730999 0
      vertex 45.320926271378994 -10.378337875008583 2.4
    endloop
  endfacet
  facet normal 0.4999999829170298 -0.8660254136472958 0
    outer loop
      vertex 45.43888367712498 -10.32333342730999 0
      vertex 45.55159851908684 -10.258257485926151 0
      vertex 45.43888367712498 -10.32333342730999 2.4
    endloop
  endfacet
  facet normal 0.5735764185251289 -0.8191520567708331 0
    outer loop
      vertex 45.55159851908684 -10.258257485926151 0
      vertex 45.65821246057749 -10.18360560387373 0
      vertex 45.55159851908684 -10.258257485926151 2.4
    endloop
  endfacet
  facet normal 0.6427876013222433 -0.7660444501374555 0
    outer loop
      vertex 45.65821246057749 -10.18360560387373 0
      vertex 45.7579146027565 -10.099945574998856 0
      vertex 45.65821246057749 -10.18360560387373 2.4
    endloop
  endfacet
  facet normal 0.7071067811865476 -0.7071067811865476 0
    outer loop
      vertex 45.7579146027565 -10.099945574998856 0
      vertex 45.84994553774595 -10.007914640009403 0
      vertex 45.7579146027565 -10.099945574998856 2.4
    endloop
  endfacet
  facet normal 0.7660444219496638 -0.6427876349151449 0
    outer loop
      vertex 45.84994553774595 -10.007914640009403 0
      vertex 45.93360557407141 -9.908212497830391 0
      vertex 45.84994553774595 -10.007914640009403 2.4
    endloop
  endfacet
  facet normal 0.8191520487632695 -0.5735764299611151 0
    outer loop
      vertex 45.93360557407141 -9.908212497830391 0
      vertex 46.008257515728474 -9.801598474383354 0
      vertex 45.93360557407141 -9.908212497830391 2.4
    endloop
  endfacet
  facet normal 0.8660254039228706 -0.4999999997602288 0
    outer loop
      vertex 46.008257515728474 -9.801598474383354 0
      vertex 46.073333382606506 -9.688883766531944 0
      vertex 46.008257515728474 -9.801598474383354 2.4
    endloop
  endfacet
  facet normal 0.9063077705528954 -0.4226182970902235 0
    outer loop
      vertex 46.073333382606506 -9.688883766531944 0
      vertex 46.12833787500858 -9.570926263928413 0
      vertex 46.073333382606506 -9.688883766531944 2.4
    endloop
  endfacet
  facet normal 0.9396926208233043 -0.3420201432229239 0
    outer loop
      vertex 46.12833787500858 -9.570926263928413 0
      vertex 46.17285239696503 -9.44862361997366 0
      vertex 46.12833787500858 -9.570926263928413 2.4
    endloop
  endfacet
  facet normal 0.9659258275146427 -0.2588190405286145 0
    outer loop
      vertex 46.17285239696503 -9.44862361997366 0
      vertex 46.20653814077377 -9.322906710207462 0
      vertex 46.17285239696503 -9.44862361997366 2.4
    endloop
  endfacet
  facet normal 0.9848077444799542 -0.17364822605573915 0
    outer loop
      vertex 46.20653814077377 -9.322906710207462 0
      vertex 46.22913873940706 -9.194732382893562 0
      vertex 46.20653814077377 -9.322906710207462 2.4
    endloop
  endfacet
  facet normal 0.996194697887778 -0.08715574507901631 0
    outer loop
      vertex 46.22913873940706 -9.194732382893562 0
      vertex 46.24809954315424 -8.978009410202503 0
      vertex 46.22913873940706 -9.194732382893562 2.4
    endloop
  endfacet
  facet normal 0.9997620266423531 -0.021814905087455178 0
    outer loop
      vertex 46.24809954315424 -8.978009410202503 0
      vertex 46.25 -8.890912786126137 0
      vertex 46.24809954315424 -8.978009410202503 2.4
    endloop
  endfacet
  facet normal 1 0 0
    outer loop
      vertex 46.25 -8.890912786126137 0
      vertex 46.25 1.3909127861261368 0
      vertex 46.25 -8.890912786126137 2.4
    endloop
  endfacet
  facet normal 0 0 -1
    outer loop
      vertex 25.350000001490116 3 0
      vertex 40.85 -4 0
      vertex 40.85 -5.5 0
    endloop
  endfacet
  facet normal 0 0 -1
    outer loop
      vertex 25.350000001490116 3 0
      vertex 40.85570795286238 -3.869266385878513 0
      vertex 40.85 -4 0
    endloop
  endfacet
  facet normal 0 0 -1
    outer loop
      vertex 25.350000001490116 3 0
      vertex 40.872788370481686 -3.7395277334996044 0
      vertex 40.85570795286238 -3.869266385878513 0
    endloop
  endfacet
  facet normal 0 0 -1
    outer loop
      vertex 25.350000001490116 3 0
      vertex 40.901111260566395 -3.611771432346219 0
      vertex 40.872788370481686 -3.7395277334996044 0
    endloop
  endfacet
  facet normal 0 0 -1
    outer loop
      vertex 25.350000001490116 3 0
      vertex 40.940461068821136 -3.486969785011497 0
      vertex 40.901111260566395 -3.611771432346219 0
    endloop
  endfacet
  facet normal 0 0 -1
    outer loop
      vertex 25.350000001490116 3 0
      vertex 40.99053831944502 -3.3660726073889506 0
      vertex 40.940461068821136 -3.486969785011497 0
    endloop
  endfacet
  facet normal 0 0 -1
    outer loop
      vertex 25.350000001490116 3 0
      vertex 41.05096189432334 -3.25 0
      vertex 40.99053831944502 -3.3660726073889506 0
    endloop
  endfacet
  facet normal 0 0 -1
    outer loop
      vertex 25.350000001490116 3 0
      vertex 41.12127193356651 -3.139635345473431 0
      vertex 41.05096189432334 -3.25 0
    endloop
  endfacet
  facet normal 0 0 -1
    outer loop
      vertex 25.350000001490116 3 0
      vertex 41.20093333532153 -3.0358185854701913 0
      vertex 41.12127193356651 -3.139635345473431 0
    endloop
  endfacet
  facet normal 0 0 -1
    outer loop
      vertex 25.350000001490116 3 0
      vertex 41.28933982822018 -2.9393398282201786 0
      vertex 41.20093333532153 -3.0358185854701913 0
    endloop
  endfacet
  facet normal 0 0 -1
    outer loop
      vertex 25.350000001490116 3 0
      vertex 41.38581858547019 -2.8509333353215327 0
      vertex 41.28933982822018 -2.9393398282201786 0
    endloop
  endfacet
  facet normal 0 0 -1
    outer loop
      vertex 25.350000001490116 3 0
      vertex 41.48963534547343 -2.7712719335665126 0
      vertex 41.38581858547019 -2.8509333353215327 0
    endloop
  endfacet
  facet normal 0 0 -1
    outer loop
      vertex 25.350000001490116 3 0
      vertex 46.25 1.3909127861261368 0
      vertex 41.48963534547343 -2.7712719335665126 0
    endloop
  endfacet
  facet normal 0 0 -1
    outer loop
      vertex 25.350000001490116 3 0
      vertex 44.64091279357672 3 0
      vertex 46.25 1.3909127861261368 0
    endloop
  endfacet
  facet normal 0 0 -1
    outer loop
      vertex 41.48963534547343 -2.7712719335665126 0
      vertex 46.25 1.3909127861261368 0
      vertex 41.6 -2.700961894323342 0
    endloop
  endfacet
  facet normal 0 0 -1
    outer loop
      vertex 41.6 -2.700961894323342 0
      vertex 46.25 1.3909127861261368 0
      vertex 41.71607260738895 -2.6405383194450254 0
    endloop
  endfacet
  facet normal 0 0 -1
    outer loop
      vertex 41.71607260738895 -2.6405383194450254 0
      vertex 46.25 1.3909127861261368 0
      vertex 41.8369697850115 -2.5904610688211376 0
    endloop
  endfacet
  facet normal 0 0 -1
    outer loop
      vertex 41.8369697850115 -2.5904610688211376 0
      vertex 46.25 1.3909127861261368 0
      vertex 41.96177143234622 -2.5511112605663975 0
    endloop
  endfacet
  facet normal 0 0 -1
    outer loop
      vertex 44.01036465452657 -2.7712719335665126 0
      vertex 46.25 1.3909127861261368 0
      vertex 44.11418141452981 -2.8509333353215327 0
    endloop
  endfacet
  facet normal 0 0 -1
    outer loop
      vertex 41.96177143234622 -2.5511112605663975 0
      vertex 46.25 1.3909127861261368 0
      vertex 42.08952773349961 -2.5227883704816882 0
    endloop
  endfacet
  facet normal 0 0 -1
    outer loop
      vertex 42.08952773349961 -2.5227883704816882 0
      vertex 46.25 1.3909127861261368 0
      vertex 42.21926638587851 -2.5057079528623816 0
    endloop
  endfacet
  facet normal 0 0 -1
    outer loop
      vertex 42.21926638587851 -2.5057079528623816 0
      vertex 46.25 1.3909127861261368 0
      vertex 42.35 -2.5 0
    endloop
  endfacet
  facet normal 0 0 -1
    outer loop
      vertex 42.35 -2.5 0
      vertex 46.25 1.3909127861261368 0
      vertex 43.15 -2.5 0
    endloop
  endfacet
  facet normal 0 0 -1
    outer loop
      vertex 43.15 -2.5 0
      vertex 46.25 1.3909127861261368 0
      vertex 43.28073361412149 -2.5057079528623816 0
    endloop
  endfacet
  facet normal 0 0 -1
    outer loop
      vertex 43.28073361412149 -2.5057079528623816 0
      vertex 46.25 1.3909127861261368 0
      vertex 43.41047226650039 -2.5227883704816882 0
    endloop
  endfacet
  facet normal 0 0 -1
    outer loop
      vertex 43.41047226650039 -2.5227883704816882 0
      vertex 46.25 1.3909127861261368 0
      vertex 43.53822856765378 -2.5511112605663975 0
    endloop
  endfacet
  facet normal 0 0 -1
    outer loop
      vertex 43.6630302149885 -2.5904610688211376 0
      vertex 46.25 1.3909127861261368 0
      vertex 43.78392739261105 -2.6405383194450254 0
    endloop
  endfacet
  facet normal 0 0 -1
    outer loop
      vertex 43.53822856765378 -2.5511112605663975 0
      vertex 46.25 1.3909127861261368 0
      vertex 43.6630302149885 -2.5904610688211376 0
    endloop
  endfacet
  facet normal 0 0 -1
    outer loop
      vertex 43.9 -2.700961894323342 0
      vertex 43.78392739261105 -2.6405383194450254 0
      vertex 46.25 1.3909127861261368 0
    endloop
  endfacet
  facet normal 0 0 -1
    outer loop
      vertex 43.9 -2.700961894323342 0
      vertex 46.25 1.3909127861261368 0
      vertex 44.01036465452657 -2.7712719335665126 0
    endloop
  endfacet
  facet normal 0 0 -1
    outer loop
      vertex 44.627211629518314 -3.7395277334996044 0
      vertex 44.598888739433605 -3.611771432346219 0
      vertex 46.25 1.3909127861261368 0
    endloop
  endfacet
  facet normal 0 0 -1
    outer loop
      vertex 44.598888739433605 -3.611771432346219 0
      vertex 44.559538931178864 -3.486969785011497 0
      vertex 46.25 1.3909127861261368 0
    endloop
  endfacet
  facet normal 0 0 -1
    outer loop
      vertex 44.65 -4 0
      vertex 44.64429204713762 -3.869266385878513 0
      vertex 46.25 1.3909127861261368 0
    endloop
  endfacet
  facet normal 0 0 -1
    outer loop
      vertex 44.64429204713762 -3.869266385878513 0
      vertex 44.627211629518314 -3.7395277334996044 0
      vertex 46.25 1.3909127861261368 0
    endloop
  endfacet
  facet normal 0 0 -1
    outer loop
      vertex 44.559538931178864 -3.486969785011497 0
      vertex 44.50946168055498 -3.3660726073889506 0
      vertex 46.25 1.3909127861261368 0
    endloop
  endfacet
  facet normal 0 0 -1
    outer loop
      vertex 44.50946168055498 -3.3660726073889506 0
      vertex 44.44903810567666 -3.25 0
      vertex 46.25 1.3909127861261368 0
    endloop
  endfacet
  facet normal 0 0 -1
    outer loop
      vertex 44.37872806643349 -3.139635345473431 0
      vertex 46.25 1.3909127861261368 0
      vertex 44.44903810567666 -3.25 0
    endloop
  endfacet
  facet normal 0 0 -1
    outer loop
      vertex 44.29906666467847 -3.0358185854701913 0
      vertex 46.25 1.3909127861261368 0
      vertex 44.37872806643349 -3.139635345473431 0
    endloop
  endfacet
  facet normal 0 0 -1
    outer loop
      vertex 44.21066017177982 -2.9393398282201786 0
      vertex 46.25 1.3909127861261368 0
      vertex 44.29906666467847 -3.0358185854701913 0
    endloop
  endfacet
  facet normal 0 0 -1
    outer loop
      vertex 44.21066017177982 -2.9393398282201786 0
      vertex 44.11418141452981 -2.8509333353215327 0
      vertex 46.25 1.3909127861261368 0
    endloop
  endfacet
  facet normal 0 0 -1
    outer loop
      vertex 46.24809954315424 1.478009283542633 0
      vertex 44.64091279357672 3 0
      vertex 44.7280094102025 2.9980995431542397 0
    endloop
  endfacet
  facet normal 0 0 -1
    outer loop
      vertex 46.24809954315424 1.478009283542633 0
      vertex 44.7280094102025 2.9980995431542397 0
      vertex 44.94473238289356 2.9791387394070625 0
    endloop
  endfacet
  facet normal 0 0 -1
    outer loop
      vertex 46.24809954315424 1.478009283542633 0
      vertex 44.94473238289356 2.9791387394070625 0
      vertex 45.07290671020746 2.956538140773773 0
    endloop
  endfacet
  facet normal 0 0 -1
    outer loop
      vertex 46.24809954315424 1.478009283542633 0
      vertex 45.07290671020746 2.956538140773773 0
      vertex 45.19862361997366 2.922852396965027 0
    endloop
  endfacet
  facet normal 0 0 -1
    outer loop
      vertex 46.25 1.3909127861261368 0
      vertex 44.64091279357672 3 0
      vertex 46.24809954315424 1.478009283542633 0
    endloop
  endfacet
  facet normal 0 0 -1
    outer loop
      vertex 46.24809954315424 1.478009283542633 0
      vertex 46.00825748592615 2.3015985190868378 0
      vertex 46.22913873195648 1.6947323977947235 0
    endloop
  endfacet
  facet normal 0 0 -1
    outer loop
      vertex 46.24809954315424 1.478009283542633 0
      vertex 45.93360560387373 2.408212460577488 0
      vertex 46.00825748592615 2.3015985190868378 0
    endloop
  endfacet
  facet normal 0 0 -1
    outer loop
      vertex 46.24809954315424 1.478009283542633 0
      vertex 45.849945574998856 2.5079146027565002 0
      vertex 45.93360560387373 2.408212460577488 0
    endloop
  endfacet
  facet normal 0 0 -1
    outer loop
      vertex 46.22913873195648 1.6947323977947235 0
      vertex 46.00825748592615 2.3015985190868378 0
      vertex 46.20653814077377 1.8229067102074623 0
    endloop
  endfacet
  facet normal 0 0 -1
    outer loop
      vertex 46.20653814077377 1.8229067102074623 0
      vertex 46.00825748592615 2.3015985190868378 0
      vertex 46.17285240441561 1.9486235976219177 0
    endloop
  endfacet
  facet normal 0 0 -1
    outer loop
      vertex 46.17285240441561 1.9486235976219177 0
      vertex 46.07333342730999 2.188883677124977 0
      vertex 46.12833787500858 2.070926271378994 0
    endloop
  endfacet
  facet normal 0 0 -1
    outer loop
      vertex 46.17285240441561 1.9486235976219177 0
      vertex 46.00825748592615 2.3015985190868378 0
      vertex 46.07333342730999 2.188883677124977 0
    endloop
  endfacet
  facet normal 0 0 -1
    outer loop
      vertex 46.24809954315424 1.478009283542633 0
      vertex 45.32092626392841 2.878337875008583 0
      vertex 45.438883766531944 2.8233333826065063 0
    endloop
  endfacet
  facet normal 0 0 -1
    outer loop
      vertex 46.24809954315424 1.478009283542633 0
      vertex 45.65821249783039 2.6836055740714073 0
      vertex 45.7579146400094 2.5999455377459526 0
    endloop
  endfacet
  facet normal 0 0 -1
    outer loop
      vertex 46.24809954315424 1.478009283542633 0
      vertex 45.438883766531944 2.8233333826065063 0
      vertex 45.551598474383354 2.7582575157284737 0
    endloop
  endfacet
  facet normal 0 0 -1
    outer loop
      vertex 46.24809954315424 1.478009283542633 0
      vertex 45.551598474383354 2.7582575157284737 0
      vertex 45.65821249783039 2.6836055740714073 0
    endloop
  endfacet
  facet normal 0 0 -1
    outer loop
      vertex 46.24809954315424 1.478009283542633 0
      vertex 45.19862361997366 2.922852396965027 0
      vertex 45.32092626392841 2.878337875008583 0
    endloop
  endfacet
  facet normal 0 0 -1
    outer loop
      vertex 46.24809954315424 1.478009283542633 0
      vertex 45.7579146400094 2.5999455377459526 0
      vertex 45.849945574998856 2.5079146027565002 0
    endloop
  endfacet
  facet normal 0.21643961387042335 0.9762960071349377 0
    outer loop
      vertex 22.761809550225735 3.340741738677025 0
      vertex 23.613518223166466 3.151922471821308 5.4
      vertex 23.613518223166466 3.151922471821308 0
    endloop
  endfacet
  facet normal 0.13052619248006248 0.9914448613395793 0
    outer loop
      vertex 23.613518223166466 3.151922471821308 0
      vertex 24.478442572057247 3.038053020834923 5.4
      vertex 24.478442572057247 3.038053020834923 0
    endloop
  endfacet
  facet normal 0.04361938927250757 0.9990482214985889 0
    outer loop
      vertex 24.478442572057247 3.038053020834923 0
      vertex 25.350000001490116 3 5.4
      vertex 25.350000001490116 3 0
    endloop
  endfacet
  facet normal 0 -1 0
    outer loop
      vertex 44.64091279357672 -10.5 0
      vertex 44.64091279357672 -10.5 2.4
      vertex 42.9490614334471 -10.5 2.4
    endloop
  endfacet
  facet normal 0.021814938661879186 -0.9997620259097554 0
    outer loop
      vertex 44.72800928354263 -10.49809954315424 0
      vertex 44.72800928354263 -10.49809954315424 2.4
      vertex 44.64091279357672 -10.5 2.4
    endloop
  endfacet
  facet normal 0.08715572256970262 -0.9961946998570876 0
    outer loop
      vertex 44.94473239779472 -10.479138731956482 0
      vertex 44.94473239779472 -10.479138731956482 2.4
      vertex 44.72800928354263 -10.49809954315424 2.4
    endloop
  endfacet
  facet normal 0.17364819011558652 -0.984807750817174 0
    outer loop
      vertex 45.07290671020746 -10.456538140773773 0
      vertex 45.07290671020746 -10.456538140773773 2.4
      vertex 44.94473239779472 -10.479138731956482 2.4
    endloop
  endfacet
  facet normal 0.2588190300519859 -0.9659258303218469 0
    outer loop
      vertex 45.19862359762192 -10.422852404415607 0
      vertex 45.19862359762192 -10.422852404415607 2.4
      vertex 45.07290671020746 -10.456538140773773 2.4
    endloop
  endfacet
  facet normal 0.34202012017864875 -0.9396926292107343 0
    outer loop
      vertex 45.320926271378994 -10.378337875008583 0
      vertex 45.320926271378994 -10.378337875008583 2.4
      vertex 45.19862359762192 -10.422852404415607 2.4
    endloop
  endfacet
  facet normal 0.4226183000055347 -0.9063077691934632 0
    outer loop
      vertex 45.43888367712498 -10.32333342730999 0
      vertex 45.43888367712498 -10.32333342730999 2.4
      vertex 45.320926271378994 -10.378337875008583 2.4
    endloop
  endfacet
  facet normal 0.4999999829170298 -0.8660254136472958 0
    outer loop
      vertex 45.55159851908684 -10.258257485926151 0
      vertex 45.55159851908684 -10.258257485926151 2.4
      vertex 45.43888367712498 -10.32333342730999 2.4
    endloop
  endfacet
  facet normal 0.5735764185251289 -0.8191520567708331 0
    outer loop
      vertex 45.65821246057749 -10.18360560387373 0
      vertex 45.65821246057749 -10.18360560387373 2.4
      vertex 45.55159851908684 -10.258257485926151 2.4
    endloop
  endfacet
  facet normal 0.6427876013222433 -0.7660444501374555 0
    outer loop
      vertex 45.7579146027565 -10.099945574998856 0
      vertex 45.7579146027565 -10.099945574998856 2.4
      vertex 45.65821246057749 -10.18360560387373 2.4
    endloop
  endfacet
  facet normal 0.7071067811865476 -0.7071067811865476 0
    outer loop
      vertex 45.84994553774595 -10.007914640009403 0
      vertex 45.84994553774595 -10.007914640009403 2.4
      vertex 45.7579146027565 -10.099945574998856 2.4
    endloop
  endfacet
  facet normal 0.7660444219496638 -0.6427876349151449 0
    outer loop
      vertex 45.93360557407141 -9.908212497830391 0
      vertex 45.93360557407141 -9.908212497830391 2.4
      vertex 45.84994553774595 -10.007914640009403 2.4
    endloop
  endfacet
  facet normal 0.8191520487632695 -0.5735764299611151 0
    outer loop
      vertex 46.008257515728474 -9.801598474383354 0
      vertex 46.008257515728474 -9.801598474383354 2.4
      vertex 45.93360557407141 -9.908212497830391 2.4
    endloop
  endfacet
  facet normal 0.8660254039228706 -0.4999999997602288 0
    outer loop
      vertex 46.073333382606506 -9.688883766531944 0
      vertex 46.073333382606506 -9.688883766531944 2.4
      vertex 46.008257515728474 -9.801598474383354 2.4
    endloop
  endfacet
  facet normal 0.9063077705528954 -0.4226182970902235 0
    outer loop
      vertex 46.12833787500858 -9.570926263928413 0
      vertex 46.12833787500858 -9.570926263928413 2.4
      vertex 46.073333382606506 -9.688883766531944 2.4
    endloop
  endfacet
  facet normal 0.9396926208233043 -0.3420201432229239 0
    outer loop
      vertex 46.17285239696503 -9.44862361997366 0
      vertex 46.17285239696503 -9.44862361997366 2.4
      vertex 46.12833787500858 -9.570926263928413 2.4
    endloop
  endfacet
  facet normal 0.9659258275146427 -0.2588190405286145 0
    outer loop
      vertex 46.20653814077377 -9.322906710207462 0
      vertex 46.20653814077377 -9.322906710207462 2.4
      vertex 46.17285239696503 -9.44862361997366 2.4
    endloop
  endfacet
  facet normal 0.9848077444799542 -0.17364822605573915 0
    outer loop
      vertex 46.22913873940706 -9.194732382893562 0
      vertex 46.22913873940706 -9.194732382893562 2.4
      vertex 46.20653814077377 -9.322906710207462 2.4
    endloop
  endfacet
  facet normal 0.996194697887778 -0.08715574507901631 0
    outer loop
      vertex 46.24809954315424 -8.978009410202503 0
      vertex 46.24809954315424 -8.978009410202503 2.4
      vertex 46.22913873940706 -9.194732382893562 2.4
    endloop
  endfacet
  facet normal 0.9997620266423531 -0.021814905087455178 0
    outer loop
      vertex 46.25 -8.890912786126137 0
      vertex 46.25 -8.890912786126137 2.4
      vertex 46.24809954315424 -8.978009410202503 2.4
    endloop
  endfacet
  facet normal 1 0 0
    outer loop
      vertex 46.25 1.3909127861261368 0
      vertex 46.25 -1.5 2.4
      vertex 46.25 -8.890912786126137 2.4
    endloop
  endfacet
  facet normal 0 1 0
    outer loop
      vertex 25.350000001490116 3 0
      vertex 44.64091279357672 3 5.4
      vertex 44.64091279357672 3 0
    endloop
  endfacet
  facet normal 0.9997620259504554 0.021814936796630695 0
    outer loop
      vertex 46.25 1.3909127861261368 0
      vertex 46.24809954315424 1.478009283542633 0
      vertex 46.25 1.3909127861261368 5.290912786126136
    endloop
  endfacet
  facet normal 0.9961946998570876 0.08715572256970262 0
    outer loop
      vertex 46.24809954315424 1.478009283542633 0
      vertex 46.22913873195648 1.6947323977947235 0
      vertex 46.24809954315424 1.478009283542633 5.3780092835426325
    endloop
  endfacet
  facet normal 0.02181490695269824 0.9997620266016535 0
    outer loop
      vertex 44.64091279357672 3 0
      vertex 44.7280094102025 2.9980995431542397 5.4
      vertex 44.7280094102025 2.9980995431542397 0
    endloop
  endfacet
  facet normal 0.984807750817174 0.17364819011558655 0
    outer loop
      vertex 46.22913873195648 1.6947323977947235 0
      vertex 46.20653814077377 1.8229067102074623 0
      vertex 46.22913873195648 1.6947323977947235 5.4
    endloop
  endfacet
  facet normal 0.9659258303218469 0.258819030051986 0
    outer loop
      vertex 46.20653814077377 1.8229067102074623 0
      vertex 46.17285240441561 1.9486235976219177 0
      vertex 46.20653814077377 1.8229067102074623 5.4
    endloop
  endfacet
  facet normal 0.9396926292107345 0.34202012017864875 0
    outer loop
      vertex 46.17285240441561 1.9486235976219177 0
      vertex 46.12833787500858 2.070926271378994 0
      vertex 46.17285240441561 1.9486235976219177 5.4
    endloop
  endfacet
  facet normal 0.9063077691934633 0.4226183000055347 0
    outer loop
      vertex 46.12833787500858 2.070926271378994 0
      vertex 46.07333342730999 2.188883677124977 0
      vertex 46.12833787500858 2.070926271378994 5.4
    endloop
  endfacet
  facet normal 0.7071067811865476 0.7071067811865476 0
    outer loop
      vertex 45.849945574998856 2.5079146027565002 0
      vertex 45.7579146400094 2.5999455377459526 0
      vertex 45.849945574998856 2.5079146027565002 5.4
    endloop
  endfacet
  facet normal 0.6427876349151449 0.7660444219496636 0
    outer loop
      vertex 45.7579146400094 2.5999455377459526 0
      vertex 45.65821249783039 2.6836055740714073 0
      vertex 45.7579146400094 2.5999455377459526 5.4
    endloop
  endfacet
  facet normal 0.8660254136472959 0.4999999829170299 0
    outer loop
      vertex 46.00825748592615 2.3015985190868378 0
      vertex 46.07333342730999 2.188883677124977 5.4
      vertex 46.07333342730999 2.188883677124977 0
    endloop
  endfacet
  facet normal 0.819152056770833 0.5735764185251289 0
    outer loop
      vertex 45.93360560387373 2.408212460577488 0
      vertex 46.00825748592615 2.3015985190868378 5.4
      vertex 46.00825748592615 2.3015985190868378 0
    endloop
  endfacet
  facet normal 0.7660444501374556 0.6427876013222436 0
    outer loop
      vertex 45.849945574998856 2.5079146027565002 0
      vertex 45.93360560387373 2.408212460577488 5.4
      vertex 45.93360560387373 2.408212460577488 0
    endloop
  endfacet
  facet normal 0.08715574507901634 0.9961946978877781 0
    outer loop
      vertex 44.7280094102025 2.9980995431542397 0
      vertex 44.94473238289356 2.9791387394070625 5.4
      vertex 44.94473238289356 2.9791387394070625 0
    endloop
  endfacet
  facet normal 0.17364822605573915 0.9848077444799543 0
    outer loop
      vertex 44.94473238289356 2.9791387394070625 0
      vertex 45.07290671020746 2.956538140773773 5.4
      vertex 45.07290671020746 2.956538140773773 0
    endloop
  endfacet
  facet normal 0.25881904052861443 0.9659258275146427 0
    outer loop
      vertex 45.07290671020746 2.956538140773773 0
      vertex 45.19862361997366 2.922852396965027 5.4
      vertex 45.19862361997366 2.922852396965027 0
    endloop
  endfacet
  facet normal 0.34202014322292396 0.9396926208233044 0
    outer loop
      vertex 45.19862361997366 2.922852396965027 0
      vertex 45.32092626392841 2.878337875008583 5.4
      vertex 45.32092626392841 2.878337875008583 0
    endloop
  endfacet
  facet normal 0.49999999976022874 0.8660254039228708 0
    outer loop
      vertex 45.438883766531944 2.8233333826065063 0
      vertex 45.551598474383354 2.7582575157284737 5.4
      vertex 45.551598474383354 2.7582575157284737 0
    endloop
  endfacet
  facet normal 0.42261829709022347 0.9063077705528952 0
    outer loop
      vertex 45.32092626392841 2.878337875008583 0
      vertex 45.438883766531944 2.8233333826065063 5.4
      vertex 45.438883766531944 2.8233333826065063 0
    endloop
  endfacet
  facet normal 0.5735764299611151 0.8191520487632696 0
    outer loop
      vertex 45.551598474383354 2.7582575157284737 0
      vertex 45.65821249783039 2.6836055740714073 5.4
      vertex 45.65821249783039 2.6836055740714073 0
    endloop
  endfacet
  facet normal 1 0 0
    outer loop
      vertex 46.25 1.3909127861261368 0
      vertex 46.25 1.3909127861261368 5.290912786126136
      vertex 46.25 -1.5 2.4
    endloop
  endfacet
  facet normal 0.5372996082502723 0.8433914458743957 0
    outer loop
      vertex 19.614235639572144 4.808479554951191 0
      vertex 19.614235639572144 4.808479554951191 5.4
      vertex 20.350000001490116 4.339745961129665 5.4
    endloop
  endfacet
  facet normal 0.6087614281122236 0.7933533409791417 0
    outer loop
      vertex 18.922123901546 5.339555568993092 0
      vertex 18.922123901546 5.339555568993092 5.4
      vertex 19.614235639572144 4.808479554951191 5.4
    endloop
  endfacet
  facet normal 0.3007057956158277 0.9537169519742491 0
    outer loop
      vertex 21.92979856580496 3.6030737906694412 0
      vertex 21.92979856580496 3.6030737906694412 5.4
      vertex 22.761809550225735 3.340741738677025 5.4
    endloop
  endfacet
  facet normal 0.21643961387042335 0.9762960071349377 0
    outer loop
      vertex 22.761809550225735 3.340741738677025 0
      vertex 22.761809550225735 3.340741738677025 5.4
      vertex 23.613518223166466 3.151922471821308 5.4
    endloop
  endfacet
  facet normal 0.461748609226557 0.8870108352649027 0
    outer loop
      vertex 20.350000001490116 4.339745961129665 0
      vertex 20.350000001490116 4.339745961129665 5.4
      vertex 21.12381738424301 3.9369221329689026 5.4
    endloop
  endfacet
  facet normal 0.3826834381171763 0.9238795301286945 0
    outer loop
      vertex 21.12381738424301 3.9369221329689026 0
      vertex 21.12381738424301 3.9369221329689026 5.4
      vertex 21.92979856580496 3.6030737906694412 5.4
    endloop
  endfacet
  facet normal 0 0 1
    outer loop
      vertex -5.850000001490116 4.649999998509884 5.4
      vertex 2.8945228385578177 1.4999999999999998 5.4
      vertex 16.03962769100224 1.4999999999999998 5.4
    endloop
  endfacet
  facet normal 0 0 1
    outer loop
      vertex -5.850000001490116 4.649999998509884 5.4
      vertex 16.03962769100224 1.4999999999999998 5.4
      vertex 5.850000001490116 4.649999998509884 5.4
    endloop
  endfacet
  facet normal 0 0 1
    outer loop
      vertex 5.850000001490116 4.649999998509884 5.4
      vertex 16.03962769100224 1.4999999999999998 5.4
      vertex 6.024311490356922 4.657610602676868 5.4
    endloop
  endfacet
  facet normal 0 0 1
    outer loop
      vertex 6.024311490356922 4.657610602676868 5.4
      vertex 16.03962769100224 1.4999999999999998 5.4
      vertex 6.197296358644962 4.680384494364262 5.4
    endloop
  endfacet
  facet normal 0 0 1
    outer loop
      vertex 6.197296358644962 4.680384494364262 5.4
      vertex 16.03962769100224 1.4999999999999998 5.4
      vertex 6.36763808876276 4.718148343265057 5.4
    endloop
  endfacet
  facet normal 0 0 1
    outer loop
      vertex 6.36763808876276 4.718148343265057 5.4
      vertex 16.03962769100224 1.4999999999999998 5.4
      vertex 6.5340402871370316 4.770614758133888 5.4
    endloop
  endfacet
  facet normal 0 0 1
    outer loop
      vertex 6.5340402871370316 4.770614758133888 5.4
      vertex 16.03962769100224 1.4999999999999998 5.4
      vertex 6.695236526429653 4.837384425103664 5.4
    endloop
  endfacet
  facet normal 0 0 1
    outer loop
      vertex 6.695236526429653 4.837384425103664 5.4
      vertex 16.03962769100224 1.4999999999999998 5.4
      vertex 6.850000001490116 4.917949192225933 5.4
    endloop
  endfacet
  facet normal 0 0 1
    outer loop
      vertex 6.850000001490116 4.917949192225933 5.4
      vertex 16.03962769100224 1.4999999999999998 5.4
      vertex 6.9971528723835945 5.01169590651989 5.4
    endloop
  endfacet
  facet normal 0 0 1
    outer loop
      vertex 6.9971528723835945 5.01169590651989 5.4
      vertex 16.197124272584915 1.8351983100175857 5.4
      vertex 7.135575219988823 5.117911115288734 5.4
    endloop
  endfacet
  facet normal 0 0 1
    outer loop
      vertex 7.135575219988823 5.117911115288734 5.4
      vertex 16.197124272584915 1.8351983100175857 5.4
      vertex 7.264213562011719 5.235786437988281 5.4
    endloop
  endfacet
  facet normal 0 0 1
    outer loop
      vertex 7.264213562011719 5.235786437988281 5.4
      vertex 16.197124272584915 1.8351983100175857 5.4
      vertex 7.382088884711266 5.364424780011177 5.4
    endloop
  endfacet
  facet normal 0 0 1
    outer loop
      vertex 7.382088884711266 5.364424780011177 5.4
      vertex 16.197124272584915 1.8351983100175857 5.4
      vertex 7.48830409348011 5.5028471276164055 5.4
    endloop
  endfacet
  facet normal 0 0 1
    outer loop
      vertex 7.48830409348011 5.5028471276164055 5.4
      vertex 16.197124272584915 1.8351983100175857 5.4
      vertex 7.582050807774067 5.649999998509884 5.4
    endloop
  endfacet
  facet normal 0 0 1
    outer loop
      vertex 7.582050807774067 5.649999998509884 5.4
      vertex 16.197124272584915 1.8351983100175857 5.4
      vertex 7.662615574896336 5.804763473570347 5.4
    endloop
  endfacet
  facet normal 0 0 1
    outer loop
      vertex 16.197124272584915 1.8351983100175857 5.4
      vertex 7.729385241866112 5.9659597128629684 5.4
      vertex 7.662615574896336 5.804763473570347 5.4
    endloop
  endfacet
  facet normal 0 0 1
    outer loop
      vertex 16.197124272584915 1.8351983100175857 5.4
      vertex 7.781851656734943 6.13236191123724 5.4
      vertex 7.729385241866112 5.9659597128629684 5.4
    endloop
  endfacet
  facet normal 0 0 1
    outer loop
      vertex 16.255011558532715 1.9106384932994842 5.4
      vertex 7.819615505635738 6.302703641355038 5.4
      vertex 7.781851656734943 6.13236191123724 5.4
    endloop
  endfacet
  facet normal 0 0 1
    outer loop
      vertex 16.319253608584404 1.980746392905712 5.4
      vertex 7.842389397323132 6.475688509643078 5.4
      vertex 7.819615505635738 6.302703641355038 5.4
    endloop
  endfacet
  facet normal 0 0 1
    outer loop
      vertex 16.46480169147253 2.102875728905201 5.4
      vertex 7.850000001490116 6.649999998509884 5.4
      vertex 7.842389397323132 6.475688509643078 5.4
    endloop
  endfacet
  facet normal 0 0 1
    outer loop
      vertex 6.9971528723835945 5.01169590651989 5.4
      vertex 16.03962769100224 1.4999999999999998 5.4
      vertex 16.065735049545765 1.5828019574284553 5.4
    endloop
  endfacet
  facet normal 0 0 1
    outer loop
      vertex 6.9971528723835945 5.01169590651989 5.4
      vertex 16.065735049545765 1.5828019574284553 5.4
      vertex 16.102124512195587 1.6706539064645767 5.4
    endloop
  endfacet
  facet normal 0 0 1
    outer loop
      vertex 6.9971528723835945 5.01169590651989 5.4
      vertex 16.102124512195587 1.6706539064645767 5.4
      vertex 16.14603231102228 1.7549999997019767 5.4
    endloop
  endfacet
  facet normal 0 0 1
    outer loop
      vertex 6.9971528723835945 5.01169590651989 5.4
      vertex 16.14603231102228 1.7549999997019767 5.4
      vertex 16.197124272584915 1.8351983100175857 5.4
    endloop
  endfacet
  facet normal 0 0 1
    outer loop
      vertex 16.197124272584915 1.8351983100175857 5.4
      vertex 16.255011558532715 1.9106384932994842 5.4
      vertex 7.781851656734943 6.13236191123724 5.4
    endloop
  endfacet
  facet normal 0 0 1
    outer loop
      vertex 16.255011558532715 1.9106384932994842 5.4
      vertex 16.319253608584404 1.980746392905712 5.4
      vertex 7.819615505635738 6.302703641355038 5.4
    endloop
  endfacet
  facet normal 0 0 1
    outer loop
      vertex 16.319253608584404 1.980746392905712 5.4
      vertex 16.389361508190632 2.0449884429574015 5.4
      vertex 7.842389397323132 6.475688509643078 5.4
    endloop
  endfacet
  facet normal 0 0 1
    outer loop
      vertex 16.389361508190632 2.0449884429574015 5.4
      vertex 16.46480169147253 2.102875728905201 5.4
      vertex 7.842389397323132 6.475688509643078 5.4
    endloop
  endfacet
  facet normal 0 0 1
    outer loop
      vertex 16.46480169147253 2.102875728905201 5.4
      vertex 16.54500000178814 2.1539676904678347 5.4
      vertex 7.850000001490116 6.649999998509884 5.4
    endloop
  endfacet
  facet normal 0 0 1
    outer loop
      vertex 16.54500000178814 2.1539676904678347 5.4
      vertex 16.62934609502554 2.197875489294529 5.4
      vertex 7.850000001490116 6.649999998509884 5.4
    endloop
  endfacet
  facet normal 0 0 1
    outer loop
      vertex 16.62934609502554 2.197875489294529 5.4
      vertex 16.71719804406166 2.2342649519443514 5.4
      vertex 7.850000001490116 6.649999998509884 5.4
    endloop
  endfacet
  facet normal 0 0 1
    outer loop
      vertex 16.71719804406166 2.2342649519443514 5.4
      vertex 16.807887241244316 2.2628591477870943 5.4
      vertex 7.850000001490116 6.649999998509884 5.4
    endloop
  endfacet
  facet normal 0 0 1
    outer loop
      vertex 16.807887241244316 2.2628591477870943 5.4
      vertex 16.900723487138748 2.2834404453635218 5.4
      vertex 7.850000001490116 6.649999998509884 5.4
    endloop
  endfacet
  facet normal 0 0 1
    outer loop
      vertex 16.900723487138748 2.2834404453635218 5.4
      vertex 22.761809550225735 3.340741738677025 5.4
      vertex 7.850000001490116 6.649999998509884 5.4
    endloop
  endfacet
  facet normal 0 0 1
    outer loop
      vertex 18.922123901546 5.339555568993092 5.4
      vertex 7.850000001490116 6.649999998509884 5.4
      vertex 19.614235639572144 4.808479554951191 5.4
    endloop
  endfacet
  facet normal 0 0 1
    outer loop
      vertex 20.350000001490116 4.339745961129665 5.4
      vertex 7.850000001490116 6.649999998509884 5.4
      vertex 21.12381738424301 3.9369221329689026 5.4
    endloop
  endfacet
  facet normal 0 0 1
    outer loop
      vertex 19.614235639572144 4.808479554951191 5.4
      vertex 7.850000001490116 6.649999998509884 5.4
      vertex 20.350000001490116 4.339745961129665 5.4
    endloop
  endfacet
  facet normal 0 0 1
    outer loop
      vertex 21.92979856580496 3.6030737906694412 5.4
      vertex 21.12381738424301 3.9369221329689026 5.4
      vertex 7.850000001490116 6.649999998509884 5.4
    endloop
  endfacet
  facet normal 0 0 1
    outer loop
      vertex 16.900723487138748 2.2834404453635218 5.4
      vertex 16.99500024318695 2.295852218568325 5.4
      vertex 22.761809550225735 3.340741738677025 5.4
    endloop
  endfacet
  facet normal 0 0 1
    outer loop
      vertex 16.99500024318695 2.295852218568325 5.4
      vertex 17.09000000357628 2.3000000014901163 5.4
      vertex 22.761809550225735 3.340741738677025 5.4
    endloop
  endfacet
  facet normal 0 0 1
    outer loop
      vertex 21.92979856580496 3.6030737906694412 5.4
      vertex 7.850000001490116 6.649999998509884 5.4
      vertex 22.761809550225735 3.340741738677025 5.4
    endloop
  endfacet
  facet normal 0 0 1
    outer loop
      vertex 17.09000000357628 2.3000000014901163 5.4
      vertex 22.90999999642372 2.3000000014901163 5.4
      vertex 22.761809550225735 3.340741738677025 5.4
    endloop
  endfacet
  facet normal 0 0 1
    outer loop
      vertex 22.90999999642372 2.3000000014901163 5.4
      vertex 23.00499975681305 2.295852218568325 5.4
      vertex 22.761809550225735 3.340741738677025 5.4
    endloop
  endfacet
  facet normal 0 0 1
    outer loop
      vertex 23.099276512861252 2.2834404453635218 5.4
      vertex 22.761809550225735 3.340741738677025 5.4
      vertex 23.00499975681305 2.295852218568325 5.4
    endloop
  endfacet
  facet normal 0 0 1
    outer loop
      vertex 23.099276512861252 2.2834404453635218 5.4
      vertex 23.192112758755684 2.2628591477870943 5.4
      vertex 22.761809550225735 3.340741738677025 5.4
    endloop
  endfacet
  facet normal 0 0 1
    outer loop
      vertex 22.761809550225735 3.340741738677025 5.4
      vertex 23.192112758755684 2.2628591477870943 5.4
      vertex 23.28280195593834 2.2342649519443514 5.4
    endloop
  endfacet
  facet normal 0.7933533409791417 0.6087614281122236 0
    outer loop
      vertex 17.158479556441307 7.264235638082027 0
      vertex 17.158479556441307 7.264235638082027 5.4
      vertex 17.689555570483208 6.572123900055885 5.4
    endloop
  endfacet
  facet normal 0.8870108352649027 0.461748609226557 0
    outer loop
      vertex 16.28692213445902 8.773817382752895 0
      vertex 16.28692213445902 8.773817382752895 5.4
      vertex 16.68974596261978 8 5.4
    endloop
  endfacet
  facet normal 0.8433914458743957 0.5372996082502723 0
    outer loop
      vertex 16.68974596261978 8 0
      vertex 16.68974596261978 8 5.4
      vertex 17.158479556441307 7.264235638082027 5.4
    endloop
  endfacet
  facet normal 0.9238795301286945 0.3826834381171763 0
    outer loop
      vertex 15.953073792159557 9.579798564314842 0
      vertex 15.953073792159557 9.579798564314842 5.4
      vertex 16.28692213445902 8.773817382752895 5.4
    endloop
  endfacet
  facet normal 0.9537169519742491 0.3007057956158277 0
    outer loop
      vertex 15.690741740167141 10.411809548735619 0
      vertex 15.690741740167141 10.411809548735619 5.4
      vertex 15.953073792159557 9.579798564314842 5.4
    endloop
  endfacet
  facet normal 0.9762960071349377 0.21643961387042335 0
    outer loop
      vertex 15.501922473311424 11.26351822167635 0
      vertex 15.501922473311424 11.26351822167635 5.4
      vertex 15.690741740167141 10.411809548735619 5.4
    endloop
  endfacet
  facet normal 0.9914448613395793 0.13052619248006248 0
    outer loop
      vertex 15.388053022325039 12.128442570567131 0
      vertex 15.388053022325039 12.128442570567131 5.4
      vertex 15.501922473311424 11.26351822167635 5.4
    endloop
  endfacet
  facet normal 0.9990482214985889 0.04361938927250757 0
    outer loop
      vertex 15.350000001490116 13 0
      vertex 15.350000001490116 13 5.4
      vertex 15.388053022325039 12.128442570567131 5.4
    endloop
  endfacet
  facet normal 0.7372773333267967 0.6755902114170451 0
    outer loop
      vertex 17.689555570483208 6.572123900055885 0
      vertex 17.689555570483208 6.572123900055885 5.4
      vertex 18.278932191431522 5.928932189941406 5.4
    endloop
  endfacet
  facet normal 0.6755902114170451 0.7372773333267967 0
    outer loop
      vertex 18.278932191431522 5.928932189941406 0
      vertex 18.278932191431522 5.928932189941406 5.4
      vertex 18.922123901546 5.339555568993092 5.4
    endloop
  endfacet
  facet normal 0 0 1
    outer loop
      vertex 7.850000001490116 6.649999998509884 5.4
      vertex 15.388053022325039 12.128442570567131 5.4
      vertex 7.850000001490116 12.8 5.4
    endloop
  endfacet
  facet normal 0 0 1
    outer loop
      vertex 7.850000001490116 12.8 5.4
      vertex 15.388053022325039 12.128442570567131 5.4
      vertex 9.21216216216216 12.8 5.4
    endloop
  endfacet
  facet normal 0 0 1
    outer loop
      vertex 7.850000001490116 6.649999998509884 5.4
      vertex 17.689555570483208 6.572123900055885 5.4
      vertex 17.158479556441307 7.264235638082027 5.4
    endloop
  endfacet
  facet normal 0 0 1
    outer loop
      vertex 7.850000001490116 6.649999998509884 5.4
      vertex 17.158479556441307 7.264235638082027 5.4
      vertex 16.68974596261978 8 5.4
    endloop
  endfacet
  facet normal 0 0 1
    outer loop
      vertex 7.850000001490116 6.649999998509884 5.4
      vertex 16.68974596261978 8 5.4
      vertex 16.28692213445902 8.773817382752895 5.4
    endloop
  endfacet
  facet normal 0 0 1
    outer loop
      vertex 7.850000001490116 6.649999998509884 5.4
      vertex 16.28692213445902 8.773817382752895 5.4
      vertex 15.953073792159557 9.579798564314842 5.4
    endloop
  endfacet
  facet normal 0 0 1
    outer loop
      vertex 7.850000001490116 6.649999998509884 5.4
      vertex 15.953073792159557 9.579798564314842 5.4
      vertex 15.690741740167141 10.411809548735619 5.4
    endloop
  endfacet
  facet normal 0 0 1
    outer loop
      vertex 7.850000001490116 6.649999998509884 5.4
      vertex 15.690741740167141 10.411809548735619 5.4
      vertex 15.501922473311424 11.26351822167635 5.4
    endloop
  endfacet
  facet normal 0 0 1
    outer loop
      vertex 18.922123901546 5.339555568993092 5.4
      vertex 18.278932191431522 5.928932189941406 5.4
      vertex 7.850000001490116 6.649999998509884 5.4
    endloop
  endfacet
  facet normal 0 0 1
    outer loop
      vertex 7.850000001490116 6.649999998509884 5.4
      vertex 18.278932191431522 5.928932189941406 5.4
      vertex 17.689555570483208 6.572123900055885 5.4
    endloop
  endfacet
  facet normal 0 0 1
    outer loop
      vertex 7.850000001490116 6.649999998509884 5.4
      vertex 15.501922473311424 11.26351822167635 5.4
      vertex 15.388053022325039 12.128442570567131 5.4
    endloop
  endfacet
  facet normal 0 0 1
    outer loop
      vertex 9.21216216216216 12.8 5.4
      vertex 15.388053022325039 12.128442570567131 5.4
      vertex 10.25 12.8 5.4
    endloop
  endfacet
  facet normal 0 0 1
    outer loop
      vertex 10.25 12.8 5.4
      vertex 15.350000001490116 13 5.4
      vertex 10.25 14 5.4
    endloop
  endfacet
  facet normal 0 0 1
    outer loop
      vertex 10.25 12.8 5.4
      vertex 15.388053022325039 12.128442570567131 5.4
      vertex 15.350000001490116 13 5.4
    endloop
  endfacet
  facet normal 0.13052619248006248 0.9914448613395793 0
    outer loop
      vertex 23.613518223166466 3.151922471821308 0
      vertex 23.613518223166466 3.151922471821308 5.4
      vertex 24.478442572057247 3.038053020834923 5.4
    endloop
  endfacet
  facet normal 0.04361938927250757 0.9990482214985889 0
    outer loop
      vertex 24.478442572057247 3.038053020834923 0
      vertex 24.478442572057247 3.038053020834923 5.4
      vertex 25.350000001490116 3 5.4
    endloop
  endfacet
  facet normal 0 1 0
    outer loop
      vertex 25.350000001490116 3 0
      vertex 25.350000001490116 3 5.4
      vertex 44.64091279357672 3 5.4
    endloop
  endfacet
  facet normal 0.9997620259504554 0.021814936796630695 0
    outer loop
      vertex 46.24809954315424 1.478009283542633 0
      vertex 46.24809954315424 1.478009283542633 5.3780092835426325
      vertex 46.25 1.3909127861261368 5.290912786126136
    endloop
  endfacet
  facet normal 0.9961946998570919 0.0871557225696555 -1.9102697280789306e-15
    outer loop
      vertex 46.22913873195648 1.6947323977947235 0
      vertex 46.24617560521024 1.5000000000000004 5.4
      vertex 46.24809954315424 1.478009283542633 5.3780092835426325
    endloop
  endfacet
  facet normal 0.9961946998570872 0.08715572256970815 0
    outer loop
      vertex 46.22913873195648 1.6947323977947235 0
      vertex 46.22913873195648 1.6947323977947235 5.4
      vertex 46.24617560521024 1.5000000000000004 5.4
    endloop
  endfacet
  facet normal 0.02181490695269824 0.9997620266016535 0
    outer loop
      vertex 44.64091279357672 3 0
      vertex 44.64091279357672 3 5.4
      vertex 44.7280094102025 2.9980995431542397 5.4
    endloop
  endfacet
  facet normal 0.08715574507901634 0.9961946978877781 0
    outer loop
      vertex 44.7280094102025 2.9980995431542397 0
      vertex 44.7280094102025 2.9980995431542397 5.4
      vertex 44.94473238289356 2.9791387394070625 5.4
    endloop
  endfacet
  facet normal 0.984807750817174 0.17364819011558655 0
    outer loop
      vertex 46.20653814077377 1.8229067102074623 0
      vertex 46.20653814077377 1.8229067102074623 5.4
      vertex 46.22913873195648 1.6947323977947235 5.4
    endloop
  endfacet
  facet normal 0.9659258303218469 0.258819030051986 0
    outer loop
      vertex 46.17285240441561 1.9486235976219177 0
      vertex 46.17285240441561 1.9486235976219177 5.4
      vertex 46.20653814077377 1.8229067102074623 5.4
    endloop
  endfacet
  facet normal 0.9396926292107345 0.34202012017864875 0
    outer loop
      vertex 46.12833787500858 2.070926271378994 0
      vertex 46.12833787500858 2.070926271378994 5.4
      vertex 46.17285240441561 1.9486235976219177 5.4
    endloop
  endfacet
  facet normal 0.9063077691934633 0.4226183000055347 0
    outer loop
      vertex 46.07333342730999 2.188883677124977 0
      vertex 46.07333342730999 2.188883677124977 5.4
      vertex 46.12833787500858 2.070926271378994 5.4
    endloop
  endfacet
  facet normal 0.6427876349151449 0.7660444219496636 0
    outer loop
      vertex 45.65821249783039 2.6836055740714073 0
      vertex 45.65821249783039 2.6836055740714073 5.4
      vertex 45.7579146400094 2.5999455377459526 5.4
    endloop
  endfacet
  facet normal 0.7660444501374556 0.6427876013222436 0
    outer loop
      vertex 45.849945574998856 2.5079146027565002 0
      vertex 45.849945574998856 2.5079146027565002 5.4
      vertex 45.93360560387373 2.408212460577488 5.4
    endloop
  endfacet
  facet normal 0.7071067811865476 0.7071067811865476 0
    outer loop
      vertex 45.7579146400094 2.5999455377459526 0
      vertex 45.7579146400094 2.5999455377459526 5.4
      vertex 45.849945574998856 2.5079146027565002 5.4
    endloop
  endfacet
  facet normal 0.8660254136472959 0.4999999829170299 0
    outer loop
      vertex 46.00825748592615 2.3015985190868378 0
      vertex 46.00825748592615 2.3015985190868378 5.4
      vertex 46.07333342730999 2.188883677124977 5.4
    endloop
  endfacet
  facet normal 0.819152056770833 0.5735764185251289 0
    outer loop
      vertex 45.93360560387373 2.408212460577488 0
      vertex 45.93360560387373 2.408212460577488 5.4
      vertex 46.00825748592615 2.3015985190868378 5.4
    endloop
  endfacet
  facet normal 0.17364822605573915 0.9848077444799543 0
    outer loop
      vertex 44.94473238289356 2.9791387394070625 0
      vertex 44.94473238289356 2.9791387394070625 5.4
      vertex 45.07290671020746 2.956538140773773 5.4
    endloop
  endfacet
  facet normal 0.25881904052861443 0.9659258275146427 0
    outer loop
      vertex 45.07290671020746 2.956538140773773 0
      vertex 45.07290671020746 2.956538140773773 5.4
      vertex 45.19862361997366 2.922852396965027 5.4
    endloop
  endfacet
  facet normal 0.34202014322292396 0.9396926208233044 0
    outer loop
      vertex 45.19862361997366 2.922852396965027 0
      vertex 45.19862361997366 2.922852396965027 5.4
      vertex 45.32092626392841 2.878337875008583 5.4
    endloop
  endfacet
  facet normal 0.42261829709022347 0.9063077705528952 0
    outer loop
      vertex 45.32092626392841 2.878337875008583 0
      vertex 45.32092626392841 2.878337875008583 5.4
      vertex 45.438883766531944 2.8233333826065063 5.4
    endloop
  endfacet
  facet normal 0.49999999976022874 0.8660254039228708 0
    outer loop
      vertex 45.438883766531944 2.8233333826065063 0
      vertex 45.438883766531944 2.8233333826065063 5.4
      vertex 45.551598474383354 2.7582575157284737 5.4
    endloop
  endfacet
  facet normal 0.5735764299611151 0.8191520487632696 0
    outer loop
      vertex 45.551598474383354 2.7582575157284737 0
      vertex 45.551598474383354 2.7582575157284737 5.4
      vertex 45.65821249783039 2.6836055740714073 5.4
    endloop
  endfacet
  facet normal 0 0 1
    outer loop
      vertex 23.897875487804413 1.6706539064645767 5.4
      vertex 30.253159218047116 1.5 5.4
      vertex 23.85396768897772 1.7549999997019767 5.4
    endloop
  endfacet
  facet normal 0 0 1
    outer loop
      vertex 23.96037230899776 1.4999999999999998 5.4
      vertex 30.253159218047116 1.5 5.4
      vertex 23.934264950454235 1.5828019574284553 5.4
    endloop
  endfacet
  facet normal 0 0 1
    outer loop
      vertex 23.934264950454235 1.5828019574284553 5.4
      vertex 30.253159218047116 1.5 5.4
      vertex 23.897875487804413 1.6706539064645767 5.4
    endloop
  endfacet
  facet normal 0 0 1
    outer loop
      vertex 22.761809550225735 3.340741738677025 5.4
      vertex 23.28280195593834 2.2342649519443514 5.4
      vertex 23.37065390497446 2.197875489294529 5.4
    endloop
  endfacet
  facet normal 0 0 1
    outer loop
      vertex 22.761809550225735 3.340741738677025 5.4
      vertex 23.37065390497446 2.197875489294529 5.4
      vertex 23.45499999821186 2.1539676904678347 5.4
    endloop
  endfacet
  facet normal 0 0 1
    outer loop
      vertex 23.53519830852747 2.102875728905201 5.4
      vertex 23.610638491809368 2.0449884429574015 5.4
      vertex 30.253159218047116 1.5 5.4
    endloop
  endfacet
  facet normal 0 0 1
    outer loop
      vertex 23.802875727415085 1.8351983100175857 5.4
      vertex 23.85396768897772 1.7549999997019767 5.4
      vertex 30.253159218047116 1.5 5.4
    endloop
  endfacet
  facet normal 0 0 1
    outer loop
      vertex 23.744988441467285 1.9106384932994842 5.4
      vertex 23.802875727415085 1.8351983100175857 5.4
      vertex 30.253159218047116 1.5 5.4
    endloop
  endfacet
  facet normal 0 0 1
    outer loop
      vertex 23.610638491809368 2.0449884429574015 5.4
      vertex 23.680746391415596 1.980746392905712 5.4
      vertex 30.253159218047116 1.5 5.4
    endloop
  endfacet
  facet normal 0 0 1
    outer loop
      vertex 23.744988441467285 1.9106384932994842 5.4
      vertex 30.253159218047116 1.5 5.4
      vertex 23.680746391415596 1.980746392905712 5.4
    endloop
  endfacet
  facet normal 0 0 1
    outer loop
      vertex 23.45499999821186 2.1539676904678347 5.4
      vertex 23.53519830852747 2.102875728905201 5.4
      vertex 30.253159218047116 1.5 5.4
    endloop
  endfacet
  facet normal 0 0 1
    outer loop
      vertex 22.761809550225735 3.340741738677025 5.4
      vertex 23.45499999821186 2.1539676904678347 5.4
      vertex 30.253159218047116 1.5 5.4
    endloop
  endfacet
  facet normal 0 0 1
    outer loop
      vertex 22.761809550225735 3.340741738677025 5.4
      vertex 30.253159218047116 1.5 5.4
      vertex 23.613518223166466 3.151922471821308 5.4
    endloop
  endfacet
  facet normal 0 0 1
    outer loop
      vertex 23.613518223166466 3.151922471821308 5.4
      vertex 30.253159218047116 1.5 5.4
      vertex 24.478442572057247 3.038053020834923 5.4
    endloop
  endfacet
  facet normal 0 0 1
    outer loop
      vertex 24.478442572057247 3.038053020834923 5.4
      vertex 30.253159218047116 1.5 5.4
      vertex 25.350000001490116 3 5.4
    endloop
  endfacet
  facet normal 0 0 1
    outer loop
      vertex 25.350000001490116 3 5.4
      vertex 30.253159218047116 1.5 5.4
      vertex 46.24617560521024 1.5000000000000004 5.4
    endloop
  endfacet
  facet normal 0 0 1
    outer loop
      vertex 25.350000001490116 3 5.4
      vertex 46.24617560521024 1.5000000000000004 5.4
      vertex 44.64091279357672 3 5.4
    endloop
  endfacet
  facet normal 0 0 1
    outer loop
      vertex 46.24617560521024 1.5000000000000004 5.4
      vertex 44.7280094102025 2.9980995431542397 5.4
      vertex 44.64091279357672 3 5.4
    endloop
  endfacet
  facet normal 0 0 1
    outer loop
      vertex 46.24617560521024 1.5000000000000004 5.4
      vertex 44.94473238289356 2.9791387394070625 5.4
      vertex 44.7280094102025 2.9980995431542397 5.4
    endloop
  endfacet
  facet normal 0 0 1
    outer loop
      vertex 46.24617560521024 1.5000000000000004 5.4
      vertex 45.07290671020746 2.956538140773773 5.4
      vertex 44.94473238289356 2.9791387394070625 5.4
    endloop
  endfacet
  facet normal 0 0 1
    outer loop
      vertex 46.24617560521024 1.5000000000000004 5.4
      vertex 45.19862361997366 2.922852396965027 5.4
      vertex 45.07290671020746 2.956538140773773 5.4
    endloop
  endfacet
  facet normal 0 0 1
    outer loop
      vertex 46.24617560521024 1.5000000000000004 5.4
      vertex 46.22913873195648 1.6947323977947235 5.4
      vertex 46.00825748592615 2.3015985190868378 5.4
    endloop
  endfacet
  facet normal 0 0 1
    outer loop
      vertex 46.24617560521024 1.5000000000000004 5.4
      vertex 46.00825748592615 2.3015985190868378 5.4
      vertex 45.93360560387373 2.408212460577488 5.4
    endloop
  endfacet
  facet normal 0 0 1
    outer loop
      vertex 46.24617560521024 1.5000000000000004 5.4
      vertex 45.93360560387373 2.408212460577488 5.4
      vertex 45.849945574998856 2.5079146027565002 5.4
    endloop
  endfacet
  facet normal 0 0 1
    outer loop
      vertex 46.22913873195648 1.6947323977947235 5.4
      vertex 46.20653814077377 1.8229067102074623 5.4
      vertex 46.00825748592615 2.3015985190868378 5.4
    endloop
  endfacet
  facet normal 0 0 1
    outer loop
      vertex 46.20653814077377 1.8229067102074623 5.4
      vertex 46.17285240441561 1.9486235976219177 5.4
      vertex 46.00825748592615 2.3015985190868378 5.4
    endloop
  endfacet
  facet normal 0 0 1
    outer loop
      vertex 46.17285240441561 1.9486235976219177 5.4
      vertex 46.12833787500858 2.070926271378994 5.4
      vertex 46.07333342730999 2.188883677124977 5.4
    endloop
  endfacet
  facet normal 0 0 1
    outer loop
      vertex 46.17285240441561 1.9486235976219177 5.4
      vertex 46.07333342730999 2.188883677124977 5.4
      vertex 46.00825748592615 2.3015985190868378 5.4
    endloop
  endfacet
  facet normal 0 0 1
    outer loop
      vertex 46.24617560521024 1.5000000000000004 5.4
      vertex 45.438883766531944 2.8233333826065063 5.4
      vertex 45.32092626392841 2.878337875008583 5.4
    endloop
  endfacet
  facet normal 0 0 1
    outer loop
      vertex 46.24617560521024 1.5000000000000004 5.4
      vertex 45.7579146400094 2.5999455377459526 5.4
      vertex 45.65821249783039 2.6836055740714073 5.4
    endloop
  endfacet
  facet normal 0 0 1
    outer loop
      vertex 46.24617560521024 1.5000000000000004 5.4
      vertex 45.551598474383354 2.7582575157284737 5.4
      vertex 45.438883766531944 2.8233333826065063 5.4
    endloop
  endfacet
  facet normal 0 0 1
    outer loop
      vertex 46.24617560521024 1.5000000000000004 5.4
      vertex 45.65821249783039 2.6836055740714073 5.4
      vertex 45.551598474383354 2.7582575157284737 5.4
    endloop
  endfacet
  facet normal 0 0 1
    outer loop
      vertex 46.24617560521024 1.5000000000000004 5.4
      vertex 45.32092626392841 2.878337875008583 5.4
      vertex 45.19862361997366 2.922852396965027 5.4
    endloop
  endfacet
  facet normal 0 0 1
    outer loop
      vertex 46.24617560521024 1.5000000000000004 5.4
      vertex 45.849945574998856 2.5079146027565002 5.4
      vertex 45.7579146400094 2.5999455377459526 5.4
    endloop
  endfacet
  facet normal 0 0 -1
    outer loop
      vertex 7.51 5.99 0
      vertex 7.51 48.01 0
      vertex 7.85 12.8 0
    endloop
  endfacet
  facet normal 0 0 -1
    outer loop
      vertex 7.85 12.8 0
      vertex 7.51 48.01 0
      vertex 7.85 14 0
    endloop
  endfacet
  facet normal 0 0 -1
    outer loop
      vertex 7.85 14 0
      vertex 7.51 48.01 0
      vertex 9.049999999999999 14 0
    endloop
  endfacet
  facet normal 0 0 -1
    outer loop
      vertex 9.049999999999999 14 0
      vertex 7.51 48.01 0
      vertex 9.049999999999999 40 0
    endloop
  endfacet
  facet normal 0 0 -1
    outer loop
      vertex 10.249999999999998 14 0
      vertex 10.249999999999998 40 0
      vertex 15.350000001490116 13 0
    endloop
  endfacet
  facet normal 0 0 -1
    outer loop
      vertex 15.350000001490116 13 0
      vertex 10.249999999999998 40 0
      vertex 15.350000001490116 50.24091275781393 0
    endloop
  endfacet
  facet normal 1 0 0
    outer loop
      vertex 15.350000001490116 13 0
      vertex 15.350000001490116 50.24091275781393 0
      vertex 15.350000001490116 13 5.4
    endloop
  endfacet
  facet normal 0 0 -1
    outer loop
      vertex 9.049999999999999 40 0
      vertex 15.350000001490116 50.24091275781393 0
      vertex 10.249999999999998 40 0
    endloop
  endfacet
  facet normal 0 0 -1
    outer loop
      vertex 9.049999999999999 40 0
      vertex 7.51 48.01 0
      vertex 15.350000001490116 50.24091275781393 0
    endloop
  endfacet
  facet normal 0 0 -1
    outer loop
      vertex -6.597155744433403 49.006194697916506 0
      vertex 15.350000001490116 50.24091275781393 0
      vertex -6.51 49.01 0
    endloop
  endfacet
  facet normal 0 0 -1
    outer loop
      vertex -6.51 49.01 0
      vertex 15.350000001490116 50.24091275781393 0
      vertex 6.51 49.01 0
    endloop
  endfacet
  facet normal 0 0 -1
    outer loop
      vertex -15.34429657459259 50.480629935860634 0
      vertex 15.34524168074131 50.458983331918716 0
      vertex 15.350000001490116 50.24091275781393 0
    endloop
  endfacet
  facet normal 0 0 -1
    outer loop
      vertex -15.34429657459259 50.480629935860634 0
      vertex 15.34429657459259 50.480629935860634 0
      vertex 15.34524168074131 50.458983331918716 0
    endloop
  endfacet
  facet normal 0 0 -1
    outer loop
      vertex -15.34429657459259 50.480629935860634 0
      vertex 15.310112237930298 50.871358670294285 0
      vertex 15.34429657459259 50.480629935860634 0
    endloop
  endfacet
  facet normal 0 0 -1
    outer loop
      vertex -15.310112237930298 50.87135869264603 0
      vertex 15.249603435397148 51.21452113986015 0
      vertex 15.310112237930298 50.871358670294285 0
    endloop
  endfacet
  facet normal 0 0 -1
    outer loop
      vertex -15.249603420495987 51.21452122181654 0
      vertex 15.159416235983372 51.551104351878166 0
      vertex 15.249603435397148 51.21452113986015 0
    endloop
  endfacet
  facet normal 0 0 -1
    outer loop
      vertex -15.040237128734589 51.87854626774788 0
      vertex 15.040237121284008 51.87854627519846 0
      vertex 15.159416235983372 51.551104351878166 0
    endloop
  endfacet
  facet normal 0 0 -1
    outer loop
      vertex -15.040237128734589 51.87854626774788 0
      vertex 14.892973095178604 52.19435501098633 0
      vertex 15.040237121284008 51.87854627519846 0
    endloop
  endfacet
  facet normal 0 0 -1
    outer loop
      vertex -14.892973065376282 52.19435505568981 0
      vertex 14.718744814395905 52.4961272329092 0
      vertex 14.892973095178604 52.19435501098633 0
    endloop
  endfacet
  facet normal 0 0 -1
    outer loop
      vertex -11.871358670294285 54.3101122379303 0
      vertex 11.480629935860634 54.34429657459259 0
      vertex 11.871358692646027 54.3101122379303 0
    endloop
  endfacet
  facet normal 0 0 -1
    outer loop
      vertex -11.458983331918716 54.34524168074131 0
      vertex 11.458983331918716 54.34524168074131 0
      vertex 11.480629935860634 54.34429657459259 0
    endloop
  endfacet
  facet normal 0 0 -1
    outer loop
      vertex -11.24091275781393 54.350000001490116 0
      vertex 11.24091275781393 54.350000001490116 0
      vertex 11.458983331918716 54.34524168074131 0
    endloop
  endfacet
  facet normal 0 0 -1
    outer loop
      vertex -12.214521139860153 54.24960343539715 0
      vertex 11.871358692646027 54.3101122379303 0
      vertex 12.21452122181654 54.24960342049599 0
    endloop
  endfacet
  facet normal 0 0 -1
    outer loop
      vertex -13.194355010986328 53.892973095178604 0
      vertex 12.878546267747879 54.04023712873459 0
      vertex 13.194355055689812 53.89297306537628 0
    endloop
  endfacet
  facet normal 0 0 -1
    outer loop
      vertex -12.551104351878166 54.15941623598337 0
      vertex 12.21452122181654 54.24960342049599 0
      vertex 12.551104351878166 54.15941623598337 0
    endloop
  endfacet
  facet normal 0 0 -1
    outer loop
      vertex -12.551104351878166 54.15941623598337 0
      vertex 12.551104351878166 54.15941623598337 0
      vertex 12.878546267747879 54.04023712873459 0
    endloop
  endfacet
  facet normal 0 0 -1
    outer loop
      vertex -14.718744814395905 52.4961272329092 0
      vertex 14.518878489732742 52.78156593441963 0
      vertex 14.718744814395905 52.4961272329092 0
    endloop
  endfacet
  facet normal 0 0 -1
    outer loop
      vertex -14.294894941151142 53.04849912971258 0
      vertex 14.048499129712582 53.29489494115114 0
      vertex 14.294894978404045 53.04849909245968 0
    endloop
  endfacet
  facet normal 0 0 -1
    outer loop
      vertex -14.518878482282162 52.78156594932079 0
      vertex 14.294894978404045 53.04849909245968 0
      vertex 14.518878489732742 52.78156593441963 0
    endloop
  endfacet
  facet normal 0 0 -1
    outer loop
      vertex -13.781565934419632 53.51887848973274 0
      vertex 13.496127232909203 53.718744814395905 0
      vertex 13.781565949320793 53.51887848228216 0
    endloop
  endfacet
  facet normal 0 0 -1
    outer loop
      vertex -14.048499092459679 53.294894978404045 0
      vertex 13.781565949320793 53.51887848228216 0
      vertex 14.048499129712582 53.29489494115114 0
    endloop
  endfacet
  facet normal 0 0 -1
    outer loop
      vertex -13.496127232909203 53.718744814395905 0
      vertex 13.194355055689812 53.89297306537628 0
      vertex 13.496127232909203 53.718744814395905 0
    endloop
  endfacet
  facet normal 0 0 -1
    outer loop
      vertex 7.5061946979165075 48.0971557444334 0
      vertex 7.494807752072811 48.18364817857742 0
      vertex 15.350000001490116 50.24091275781393 0
    endloop
  endfacet
  facet normal 0 0 -1
    outer loop
      vertex 7.494807752072811 48.18364817857742 0
      vertex 7.475925827622413 48.26881904363632 0
      vertex 15.350000001490116 50.24091275781393 0
    endloop
  endfacet
  facet normal 0 0 -1
    outer loop
      vertex 7.475925827622413 48.26881904363632 0
      vertex 7.449692623913288 48.352020146548746 0
      vertex 15.350000001490116 50.24091275781393 0
    endloop
  endfacet
  facet normal 0 0 -1
    outer loop
      vertex 7.449692623913288 48.352020146548746 0
      vertex 7.4163077867031095 48.43261826246977 0
      vertex 15.350000001490116 50.24091275781393 0
    endloop
  endfacet
  facet normal 0 0 -1
    outer loop
      vertex 7.217106783986091 48.71710678398609 0
      vertex 7.1527876129746435 48.77604444533586 0
      vertex 15.350000001490116 50.24091275781393 0
    endloop
  endfacet
  facet normal 0 0 -1
    outer loop
      vertex 7.1527876129746435 48.77604444533586 0
      vertex 7.083576435446739 48.829152042269705 0
      vertex 15.350000001490116 50.24091275781393 0
    endloop
  endfacet
  facet normal 0 0 -1
    outer loop
      vertex 7.376025403141975 48.51 0
      vertex 7.3291520422697065 48.58357643544674 0
      vertex 15.350000001490116 50.24091275781393 0
    endloop
  endfacet
  facet normal 0 0 -1
    outer loop
      vertex 7.376025403141975 48.51 0
      vertex 15.350000001490116 50.24091275781393 0
      vertex 7.4163077867031095 48.43261826246977 0
    endloop
  endfacet
  facet normal 0 0 -1
    outer loop
      vertex 7.3291520422697065 48.58357643544674 0
      vertex 7.276044445335865 48.65278761297464 0
      vertex 15.350000001490116 50.24091275781393 0
    endloop
  endfacet
  facet normal 0 0 -1
    outer loop
      vertex 7.217106783986091 48.71710678398609 0
      vertex 15.350000001490116 50.24091275781393 0
      vertex 7.276044445335865 48.65278761297464 0
    endloop
  endfacet
  facet normal 0 0 -1
    outer loop
      vertex 6.597155744433403 49.006194697916506 0
      vertex 15.350000001490116 50.24091275781393 0
      vertex 6.683648178577423 48.99480775207281 0
    endloop
  endfacet
  facet normal 0 0 -1
    outer loop
      vertex 6.51 49.01 0
      vertex 15.350000001490116 50.24091275781393 0
      vertex 6.597155744433403 49.006194697916506 0
    endloop
  endfacet
  facet normal 0 0 -1
    outer loop
      vertex 6.768819043636322 48.97592582762241 0
      vertex 15.350000001490116 50.24091275781393 0
      vertex 6.852020146548748 48.949692623913286 0
    endloop
  endfacet
  facet normal 0 0 -1
    outer loop
      vertex 6.683648178577423 48.99480775207281 0
      vertex 15.350000001490116 50.24091275781393 0
      vertex 6.768819043636322 48.97592582762241 0
    endloop
  endfacet
  facet normal 0 0 -1
    outer loop
      vertex 6.852020146548748 48.949692623913286 0
      vertex 15.350000001490116 50.24091275781393 0
      vertex 6.932618262469768 48.91630778670311 0
    endloop
  endfacet
  facet normal 0 0 -1
    outer loop
      vertex 7.01 48.87602540314197 0
      vertex 15.350000001490116 50.24091275781393 0
      vertex 7.083576435446739 48.829152042269705 0
    endloop
  endfacet
  facet normal 0 0 -1
    outer loop
      vertex 7.01 48.87602540314197 0
      vertex 6.932618262469768 48.91630778670311 0
      vertex 15.350000001490116 50.24091275781393 0
    endloop
  endfacet
  facet normal 0 0 -1
    outer loop
      vertex 7.51 48.01 0
      vertex 7.5061946979165075 48.0971557444334 0
      vertex 15.350000001490116 50.24091275781393 0
    endloop
  endfacet
  facet normal 0 1 0
    outer loop
      vertex -11.24091275781393 54.350000001490116 0
      vertex 11.24091275781393 54.350000001490116 5.4
      vertex 11.24091275781393 54.350000001490116 0
    endloop
  endfacet
  facet normal 0.021814902881778817 0.9997620266904813 0
    outer loop
      vertex 11.24091275781393 54.350000001490116 0
      vertex 11.458983331918716 54.34524168074131 5.4
      vertex 11.458983331918716 54.34524168074131 0
    endloop
  endfacet
  facet normal 0.0436191574947969 0.9990482316181957 0
    outer loop
      vertex 11.458983331918716 54.34524168074131 0
      vertex 11.480629935860634 54.34429657459259 5.4
      vertex 11.480629935860634 54.34429657459259 0
    endloop
  endfacet
  facet normal 0.0871557425705246 0.9961946981072427 0
    outer loop
      vertex 11.480629935860634 54.34429657459259 0
      vertex 11.871358692646027 54.3101122379303 5.4
      vertex 11.871358692646027 54.3101122379303 0
    endloop
  endfacet
  facet normal 0.1736481909525489 0.9848077506695949 0
    outer loop
      vertex 11.871358692646027 54.3101122379303 0
      vertex 12.21452122181654 54.24960342049599 5.4
      vertex 12.21452122181654 54.24960342049599 0
    endloop
  endfacet
  facet normal 0.258819062845799 0.965925821534771 0
    outer loop
      vertex 12.21452122181654 54.24960342049599 0
      vertex 12.551104351878166 54.15941623598337 5.4
      vertex 12.551104351878166 54.15941623598337 0
    endloop
  endfacet
  facet normal 0.3420201342564145 0.939692624086847 0
    outer loop
      vertex 12.551104351878166 54.15941623598337 0
      vertex 12.878546267747879 54.04023712873459 5.4
      vertex 12.878546267747879 54.04023712873459 0
    endloop
  endfacet
  facet normal 0.7660444475443728 0.6427876044125591 0
    outer loop
      vertex 14.294894978404045 53.04849909245968 0
      vertex 14.518878489732742 52.78156593441963 5.4
      vertex 14.518878489732742 52.78156593441963 0
    endloop
  endfacet
  facet normal 0.7071067811865476 0.7071067811865476 0
    outer loop
      vertex 14.048499129712582 53.29489494115114 0
      vertex 14.294894978404045 53.04849909245968 5.4
      vertex 14.294894978404045 53.04849909245968 0
    endloop
  endfacet
  facet normal 0.5735764193771651 0.819152056174231 0
    outer loop
      vertex 13.496127232909203 53.718744814395905 0
      vertex 13.781565949320793 53.51887848228216 5.4
      vertex 13.781565949320793 53.51887848228216 0
    endloop
  endfacet
  facet normal 0.5000000069495528 0.8660253997721125 0
    outer loop
      vertex 13.496127232909203 53.718744814395905 0
      vertex 13.194355055689812 53.89297306537628 0
      vertex 13.496127232909203 53.718744814395905 5.4
    endloop
  endfacet
  facet normal 0.42261827830813975 0.9063077793111255 0
    outer loop
      vertex 12.878546267747879 54.04023712873459 0
      vertex 13.194355055689812 53.89297306537628 5.4
      vertex 13.194355055689812 53.89297306537628 0
    endloop
  endfacet
  facet normal 0.6427876230164195 0.7660444319338803 0
    outer loop
      vertex 14.048499129712582 53.29489494115114 0
      vertex 13.781565949320793 53.51887848228216 0
      vertex 14.048499129712582 53.29489494115114 5.4
    endloop
  endfacet
  facet normal 0.9997620266904813 0.021814902881778817 0
    outer loop
      vertex 15.350000001490116 50.24091275781393 0
      vertex 15.34524168074131 50.458983331918716 0
      vertex 15.350000001490116 50.24091275781393 5.4
    endloop
  endfacet
  facet normal 0.9990482316181957 0.0436191574947969 0
    outer loop
      vertex 15.34524168074131 50.458983331918716 0
      vertex 15.34429657459259 50.480629935860634 0
      vertex 15.34524168074131 50.458983331918716 5.4
    endloop
  endfacet
  facet normal 0.9961946976743581 0.08715574751841966 0
    outer loop
      vertex 15.34429657459259 50.480629935860634 0
      vertex 15.310112237930298 50.871358670294285 0
      vertex 15.34429657459259 50.480629935860634 5.4
    endloop
  endfacet
  facet normal 0.9848077528246674 0.17364817873052632 0
    outer loop
      vertex 15.310112237930298 50.871358670294285 0
      vertex 15.249603435397148 51.21452113986015 0
      vertex 15.310112237930298 50.871358670294285 5.4
    endloop
  endfacet
  facet normal 0.9396926197160906 0.342020146264969 0
    outer loop
      vertex 15.159416235983372 51.551104351878166 0
      vertex 15.040237121284008 51.87854627519846 0
      vertex 15.159416235983372 51.551104351878166 5.4
    endloop
  endfacet
  facet normal 0.9063077935271091 0.4226182478218647 0
    outer loop
      vertex 15.040237121284008 51.87854627519846 0
      vertex 14.892973095178604 52.19435501098633 0
      vertex 15.040237121284008 51.87854627519846 5.4
    endloop
  endfacet
  facet normal 0.8660253948104808 0.5000000155433507 0
    outer loop
      vertex 14.892973095178604 52.19435501098633 0
      vertex 14.718744814395905 52.4961272329092 0
      vertex 14.892973095178604 52.19435501098633 5.4
    endloop
  endfacet
  facet normal 0.9659258265992386 0.2588190439449494 0
    outer loop
      vertex 15.249603435397148 51.21452113986015 0
      vertex 15.159416235983372 51.551104351878166 0
      vertex 15.249603435397148 51.21452113986015 5.4
    endloop
  endfacet
  facet normal 0.8191520521516207 0.5735764251220481 0
    outer loop
      vertex 14.718744814395905 52.4961272329092 0
      vertex 14.518878489732742 52.78156593441963 0
      vertex 14.718744814395905 52.4961272329092 5.4
    endloop
  endfacet
  facet normal 1 0 0
    outer loop
      vertex 15.350000001490116 13 5.4
      vertex 15.350000001490116 50.24091275781393 0
      vertex 15.350000001490116 50.24091275781393 5.4
    endloop
  endfacet
  facet normal 0 0 1
    outer loop
      vertex 7.850000001490116 14 5.4
      vertex 9.049999999999999 14 5.4
      vertex 9.049999999999999 40 5.4
    endloop
  endfacet
  facet normal 0 0 1
    outer loop
      vertex 7.850000001490116 14 5.4
      vertex 9.049999999999999 40 5.4
      vertex 7.850000001490116 47.350000001490116 5.4
    endloop
  endfacet
  facet normal 0 0 1
    outer loop
      vertex 10.25 14 5.4
      vertex 15.350000001490116 13 5.4
      vertex 15.350000001490116 50.24091275781393 5.4
    endloop
  endfacet
  facet normal 0 0 1
    outer loop
      vertex 10.25 14 5.4
      vertex 15.350000001490116 50.24091275781393 5.4
      vertex 10.249999999999998 40 5.4
    endloop
  endfacet
  facet normal 0.021814902881778817 0.9997620266904813 0
    outer loop
      vertex 11.24091275781393 54.350000001490116 0
      vertex 11.24091275781393 54.350000001490116 5.4
      vertex 11.458983331918716 54.34524168074131 5.4
    endloop
  endfacet
  facet normal 0.0436191574947969 0.9990482316181957 0
    outer loop
      vertex 11.458983331918716 54.34524168074131 0
      vertex 11.458983331918716 54.34524168074131 5.4
      vertex 11.480629935860634 54.34429657459259 5.4
    endloop
  endfacet
  facet normal 0.0871557425705246 0.9961946981072427 0
    outer loop
      vertex 11.480629935860634 54.34429657459259 0
      vertex 11.480629935860634 54.34429657459259 5.4
      vertex 11.871358692646027 54.3101122379303 5.4
    endloop
  endfacet
  facet normal 0.1736481909525489 0.9848077506695949 0
    outer loop
      vertex 11.871358692646027 54.3101122379303 0
      vertex 11.871358692646027 54.3101122379303 5.4
      vertex 12.21452122181654 54.24960342049599 5.4
    endloop
  endfacet
  facet normal 0.258819062845799 0.965925821534771 0
    outer loop
      vertex 12.21452122181654 54.24960342049599 0
      vertex 12.21452122181654 54.24960342049599 5.4
      vertex 12.551104351878166 54.15941623598337 5.4
    endloop
  endfacet
  facet normal 0.42261827830813975 0.9063077793111255 0
    outer loop
      vertex 12.878546267747879 54.04023712873459 0
      vertex 12.878546267747879 54.04023712873459 5.4
      vertex 13.194355055689812 53.89297306537628 5.4
    endloop
  endfacet
  facet normal 0.3420201342564145 0.939692624086847 0
    outer loop
      vertex 12.551104351878166 54.15941623598337 0
      vertex 12.551104351878166 54.15941623598337 5.4
      vertex 12.878546267747879 54.04023712873459 5.4
    endloop
  endfacet
  facet normal 0.7660444475443728 0.6427876044125591 0
    outer loop
      vertex 14.294894978404045 53.04849909245968 0
      vertex 14.294894978404045 53.04849909245968 5.4
      vertex 14.518878489732742 52.78156593441963 5.4
    endloop
  endfacet
  facet normal 0.7071067811865476 0.7071067811865476 0
    outer loop
      vertex 14.048499129712582 53.29489494115114 0
      vertex 14.048499129712582 53.29489494115114 5.4
      vertex 14.294894978404045 53.04849909245968 5.4
    endloop
  endfacet
  facet normal 0.5000000069495528 0.8660253997721125 0
    outer loop
      vertex 13.194355055689812 53.89297306537628 0
      vertex 13.194355055689812 53.89297306537628 5.4
      vertex 13.496127232909203 53.718744814395905 5.4
    endloop
  endfacet
  facet normal 0.5735764193771651 0.819152056174231 0
    outer loop
      vertex 13.496127232909203 53.718744814395905 0
      vertex 13.496127232909203 53.718744814395905 5.4
      vertex 13.781565949320793 53.51887848228216 5.4
    endloop
  endfacet
  facet normal 0.6427876230164195 0.7660444319338803 0
    outer loop
      vertex 13.781565949320793 53.51887848228216 0
      vertex 13.781565949320793 53.51887848228216 5.4
      vertex 14.048499129712582 53.29489494115114 5.4
    endloop
  endfacet
  facet normal 0.9997620266904813 0.021814902881778817 0
    outer loop
      vertex 15.34524168074131 50.458983331918716 0
      vertex 15.34524168074131 50.458983331918716 5.4
      vertex 15.350000001490116 50.24091275781393 5.4
    endloop
  endfacet
  facet normal 0.9990482316181957 0.0436191574947969 0
    outer loop
      vertex 15.34429657459259 50.480629935860634 0
      vertex 15.34429657459259 50.480629935860634 5.4
      vertex 15.34524168074131 50.458983331918716 5.4
    endloop
  endfacet
  facet normal 0.9961946976743581 0.08715574751841966 0
    outer loop
      vertex 15.310112237930298 50.871358670294285 0
      vertex 15.310112237930298 50.871358670294285 5.4
      vertex 15.34429657459259 50.480629935860634 5.4
    endloop
  endfacet
  facet normal 0.9848077528246674 0.17364817873052632 0
    outer loop
      vertex 15.249603435397148 51.21452113986015 0
      vertex 15.249603435397148 51.21452113986015 5.4
      vertex 15.310112237930298 50.871358670294285 5.4
    endloop
  endfacet
  facet normal 0.9396926197160906 0.342020146264969 0
    outer loop
      vertex 15.040237121284008 51.87854627519846 0
      vertex 15.040237121284008 51.87854627519846 5.4
      vertex 15.159416235983372 51.551104351878166 5.4
    endloop
  endfacet
  facet normal 0.9063077935271091 0.4226182478218647 0
    outer loop
      vertex 14.892973095178604 52.19435501098633 0
      vertex 14.892973095178604 52.19435501098633 5.4
      vertex 15.040237121284008 51.87854627519846 5.4
    endloop
  endfacet
  facet normal 0.9659258265992386 0.2588190439449494 0
    outer loop
      vertex 15.159416235983372 51.551104351878166 0
      vertex 15.159416235983372 51.551104351878166 5.4
      vertex 15.249603435397148 51.21452113986015 5.4
    endloop
  endfacet
  facet normal 0.8660253948104808 0.5000000155433507 0
    outer loop
      vertex 14.718744814395905 52.4961272329092 0
      vertex 14.718744814395905 52.4961272329092 5.4
      vertex 14.892973095178604 52.19435501098633 5.4
    endloop
  endfacet
  facet normal 0.8191520521516207 0.5735764251220481 0
    outer loop
      vertex 14.518878489732742 52.78156593441963 0
      vertex 14.518878489732742 52.78156593441963 5.4
      vertex 14.718744814395905 52.4961272329092 5.4
    endloop
  endfacet
  facet normal 0 0 1
    outer loop
      vertex 9.049999999999999 40 5.4
      vertex 10.249999999999998 40 5.4
      vertex 7.850000001490116 47.350000001490116 5.4
    endloop
  endfacet
  facet normal 0 0 1
    outer loop
      vertex 10.249999999999998 40 5.4
      vertex 15.350000001490116 50.24091275781393 5.4
      vertex 7.850000001490116 47.350000001490116 5.4
    endloop
  endfacet
  facet normal 0 0 1
    outer loop
      vertex -15.350000001490116 50.24091275781393 5.4
      vertex 5.850000001490116 49.350000001490116 5.4
      vertex 15.350000001490116 50.24091275781393 5.4
    endloop
  endfacet
  facet normal 0 0 1
    outer loop
      vertex -15.34429657459259 50.480629935860634 5.4
      vertex 15.350000001490116 50.24091275781393 5.4
      vertex 15.34524168074131 50.458983331918716 5.4
    endloop
  endfacet
  facet normal 0 0 1
    outer loop
      vertex -15.34429657459259 50.480629935860634 5.4
      vertex 15.34524168074131 50.458983331918716 5.4
      vertex 15.34429657459259 50.480629935860634 5.4
    endloop
  endfacet
  facet normal 0 0 1
    outer loop
      vertex -15.34429657459259 50.480629935860634 5.4
      vertex 15.34429657459259 50.480629935860634 5.4
      vertex 15.310112237930298 50.871358670294285 5.4
    endloop
  endfacet
  facet normal 0 0 1
    outer loop
      vertex -15.310112237930298 50.87135869264603 5.4
      vertex 15.310112237930298 50.871358670294285 5.4
      vertex 15.249603435397148 51.21452113986015 5.4
    endloop
  endfacet
  facet normal 0 0 1
    outer loop
      vertex -15.249603420495987 51.21452122181654 5.4
      vertex 15.249603435397148 51.21452113986015 5.4
      vertex 15.159416235983372 51.551104351878166 5.4
    endloop
  endfacet
  facet normal 0 0 1
    outer loop
      vertex -15.040237128734589 51.87854626774788 5.4
      vertex 15.159416235983372 51.551104351878166 5.4
      vertex 15.040237121284008 51.87854627519846 5.4
    endloop
  endfacet
  facet normal 0 0 1
    outer loop
      vertex -15.040237128734589 51.87854626774788 5.4
      vertex 15.040237121284008 51.87854627519846 5.4
      vertex 14.892973095178604 52.19435501098633 5.4
    endloop
  endfacet
  facet normal 0 0 1
    outer loop
      vertex -14.892973065376282 52.19435505568981 5.4
      vertex 14.892973095178604 52.19435501098633 5.4
      vertex 14.718744814395905 52.4961272329092 5.4
    endloop
  endfacet
  facet normal 0 0 1
    outer loop
      vertex -11.871358670294285 54.3101122379303 5.4
      vertex 11.871358692646027 54.3101122379303 5.4
      vertex 11.480629935860634 54.34429657459259 5.4
    endloop
  endfacet
  facet normal 0 0 1
    outer loop
      vertex -11.458983331918716 54.34524168074131 5.4
      vertex 11.480629935860634 54.34429657459259 5.4
      vertex 11.458983331918716 54.34524168074131 5.4
    endloop
  endfacet
  facet normal 0 0 1
    outer loop
      vertex -11.24091275781393 54.350000001490116 5.4
      vertex 11.458983331918716 54.34524168074131 5.4
      vertex 11.24091275781393 54.350000001490116 5.4
    endloop
  endfacet
  facet normal 0 0 1
    outer loop
      vertex -12.214521139860153 54.24960343539715 5.4
      vertex 12.21452122181654 54.24960342049599 5.4
      vertex 11.871358692646027 54.3101122379303 5.4
    endloop
  endfacet
  facet normal 0 0 1
    outer loop
      vertex -13.194355010986328 53.892973095178604 5.4
      vertex 13.194355055689812 53.89297306537628 5.4
      vertex 12.878546267747879 54.04023712873459 5.4
    endloop
  endfacet
  facet normal 0 0 1
    outer loop
      vertex -12.551104351878166 54.15941623598337 5.4
      vertex 12.551104351878166 54.15941623598337 5.4
      vertex 12.21452122181654 54.24960342049599 5.4
    endloop
  endfacet
  facet normal 0 0 1
    outer loop
      vertex -12.551104351878166 54.15941623598337 5.4
      vertex 12.878546267747879 54.04023712873459 5.4
      vertex 12.551104351878166 54.15941623598337 5.4
    endloop
  endfacet
  facet normal 0 0 1
    outer loop
      vertex -14.718744814395905 52.4961272329092 5.4
      vertex 14.718744814395905 52.4961272329092 5.4
      vertex 14.518878489732742 52.78156593441963 5.4
    endloop
  endfacet
  facet normal 0 0 1
    outer loop
      vertex -14.294894941151142 53.04849912971258 5.4
      vertex 14.294894978404045 53.04849909245968 5.4
      vertex 14.048499129712582 53.29489494115114 5.4
    endloop
  endfacet
  facet normal 0 0 1
    outer loop
      vertex -14.518878482282162 52.78156594932079 5.4
      vertex 14.518878489732742 52.78156593441963 5.4
      vertex 14.294894978404045 53.04849909245968 5.4
    endloop
  endfacet
  facet normal 0 0 1
    outer loop
      vertex -13.781565934419632 53.51887848973274 5.4
      vertex 13.781565949320793 53.51887848228216 5.4
      vertex 13.496127232909203 53.718744814395905 5.4
    endloop
  endfacet
  facet normal 0 0 1
    outer loop
      vertex -14.048499092459679 53.294894978404045 5.4
      vertex 14.048499129712582 53.29489494115114 5.4
      vertex 13.781565949320793 53.51887848228216 5.4
    endloop
  endfacet
  facet normal 0 0 1
    outer loop
      vertex -13.496127232909203 53.718744814395905 5.4
      vertex 13.496127232909203 53.718744814395905 5.4
      vertex 13.194355055689812 53.89297306537628 5.4
    endloop
  endfacet
  facet normal 0 0 1
    outer loop
      vertex 7.48830409348011 48.497152872383595 5.4
      vertex 15.350000001490116 50.24091275781393 5.4
      vertex 7.382088884711266 48.63557521998882 5.4
    endloop
  endfacet
  facet normal 0 0 1
    outer loop
      vertex 7.382088884711266 48.63557521998882 5.4
      vertex 15.350000001490116 50.24091275781393 5.4
      vertex 7.264213562011719 48.76421356201172 5.4
    endloop
  endfacet
  facet normal 0 0 1
    outer loop
      vertex 5.850000001490116 49.350000001490116 5.4
      vertex 6.024311490356922 49.34238939732313 5.4
      vertex 15.350000001490116 50.24091275781393 5.4
    endloop
  endfacet
  facet normal 0 0 1
    outer loop
      vertex 6.024311490356922 49.34238939732313 5.4
      vertex 6.197296358644962 49.31961550563574 5.4
      vertex 15.350000001490116 50.24091275781393 5.4
    endloop
  endfacet
  facet normal 0 0 1
    outer loop
      vertex 6.36763808876276 49.28185165673494 5.4
      vertex 15.350000001490116 50.24091275781393 5.4
      vertex 6.197296358644962 49.31961550563574 5.4
    endloop
  endfacet
  facet normal 0 0 1
    outer loop
      vertex 6.850000001490116 49.08205080777407 5.4
      vertex 15.350000001490116 50.24091275781393 5.4
      vertex 6.695236526429653 49.162615574896336 5.4
    endloop
  endfacet
  facet normal 0 0 1
    outer loop
      vertex 6.850000001490116 49.08205080777407 5.4
      vertex 6.9971528723835945 48.98830409348011 5.4
      vertex 15.350000001490116 50.24091275781393 5.4
    endloop
  endfacet
  facet normal 0 0 1
    outer loop
      vertex 6.36763808876276 49.28185165673494 5.4
      vertex 6.5340402871370316 49.22938524186611 5.4
      vertex 15.350000001490116 50.24091275781393 5.4
    endloop
  endfacet
  facet normal 0 0 1
    outer loop
      vertex 6.5340402871370316 49.22938524186611 5.4
      vertex 6.695236526429653 49.162615574896336 5.4
      vertex 15.350000001490116 50.24091275781393 5.4
    endloop
  endfacet
  facet normal 0 0 1
    outer loop
      vertex 6.9971528723835945 48.98830409348011 5.4
      vertex 7.135575219988823 48.882088884711266 5.4
      vertex 15.350000001490116 50.24091275781393 5.4
    endloop
  endfacet
  facet normal 0 0 1
    outer loop
      vertex 7.135575219988823 48.882088884711266 5.4
      vertex 7.264213562011719 48.76421356201172 5.4
      vertex 15.350000001490116 50.24091275781393 5.4
    endloop
  endfacet
  facet normal 0 0 1
    outer loop
      vertex 7.850000001490116 47.350000001490116 5.4
      vertex 15.350000001490116 50.24091275781393 5.4
      vertex 7.842389397323132 47.52431149035692 5.4
    endloop
  endfacet
  facet normal 0 0 1
    outer loop
      vertex 7.842389397323132 47.52431149035692 5.4
      vertex 15.350000001490116 50.24091275781393 5.4
      vertex 7.819615505635738 47.69729635864496 5.4
    endloop
  endfacet
  facet normal 0 0 1
    outer loop
      vertex 7.781851656734943 47.86763808876276 5.4
      vertex 15.350000001490116 50.24091275781393 5.4
      vertex 7.729385241866112 48.03404028713703 5.4
    endloop
  endfacet
  facet normal 0 0 1
    outer loop
      vertex 7.819615505635738 47.69729635864496 5.4
      vertex 15.350000001490116 50.24091275781393 5.4
      vertex 7.781851656734943 47.86763808876276 5.4
    endloop
  endfacet
  facet normal 0 0 1
    outer loop
      vertex 7.729385241866112 48.03404028713703 5.4
      vertex 15.350000001490116 50.24091275781393 5.4
      vertex 7.662615574896336 48.19523652642965 5.4
    endloop
  endfacet
  facet normal 0 0 1
    outer loop
      vertex 7.662615574896336 48.19523652642965 5.4
      vertex 15.350000001490116 50.24091275781393 5.4
      vertex 7.582050807774067 48.350000001490116 5.4
    endloop
  endfacet
  facet normal 0 0 1
    outer loop
      vertex 7.582050807774067 48.350000001490116 5.4
      vertex 15.350000001490116 50.24091275781393 5.4
      vertex 7.48830409348011 48.497152872383595 5.4
    endloop
  endfacet
  facet normal 0 0 1
    outer loop
      vertex -6.024311490356922 4.657610602676868 1.2
      vertex -5.850000001490116 4.649999998509884 1.2
      vertex 6.36763808876276 4.718148343265057 1.2
    endloop
  endfacet
  facet normal 0 0 1
    outer loop
      vertex -6.9971528723835945 5.01169590651989 1.2
      vertex -6.850000001490116 4.917949192225933 1.2
      vertex 7.264213562011719 5.235786437988281 1.2
    endloop
  endfacet
  facet normal 0 0 1
    outer loop
      vertex -7.135575219988823 5.117911115288734 1.2
      vertex -6.9971528723835945 5.01169590651989 1.2
      vertex 7.382088884711266 5.364424780011177 1.2
    endloop
  endfacet
  facet normal 0 0 1
    outer loop
      vertex -7.264213562011719 5.235786437988281 1.2
      vertex 7.582050807774067 5.649999998509884 1.2
      vertex -7.382088884711266 5.364424780011177 1.2
    endloop
  endfacet
  facet normal 0 0 1
    outer loop
      vertex -7.264213562011719 5.235786437988281 1.2
      vertex -7.135575219988823 5.117911115288734 1.2
      vertex 7.48830409348011 5.5028471276164055 1.2
    endloop
  endfacet
  facet normal 0 0 1
    outer loop
      vertex -7.382088884711266 5.364424780011177 1.2
      vertex 7.662615574896336 5.804763473570347 1.2
      vertex -7.48830409348011 5.5028471276164055 1.2
    endloop
  endfacet
  facet normal 0 0 1
    outer loop
      vertex -7.48830409348011 5.5028471276164055 1.2
      vertex 7.729385241866112 5.9659597128629684 1.2
      vertex -7.582050807774067 5.649999998509884 1.2
    endloop
  endfacet
  facet normal 0 0 1
    outer loop
      vertex -6.5340402871370316 4.770614758133888 1.2
      vertex -6.36763808876276 4.718148343265057 1.2
      vertex 6.850000001490116 4.917949192225933 1.2
    endloop
  endfacet
  facet normal 0 0 1
    outer loop
      vertex -6.695236526429653 4.837384425103664 1.2
      vertex -6.5340402871370316 4.770614758133888 1.2
      vertex 6.9971528723835945 5.01169590651989 1.2
    endloop
  endfacet
  facet normal 0 0 1
    outer loop
      vertex -6.197296358644962 4.680384494364262 1.2
      vertex 6.695236526429653 4.837384425103664 1.2
      vertex -6.36763808876276 4.718148343265057 1.2
    endloop
  endfacet
  facet normal 0 0 1
    outer loop
      vertex -6.197296358644962 4.680384494364262 1.2
      vertex -6.024311490356922 4.657610602676868 1.2
      vertex 6.5340402871370316 4.770614758133888 1.2
    endloop
  endfacet
  facet normal 0 0 1
    outer loop
      vertex -6.850000001490116 4.917949192225933 1.2
      vertex -6.695236526429653 4.837384425103664 1.2
      vertex 7.135575219988823 5.117911115288734 1.2
    endloop
  endfacet
  facet normal 0.7933533244802669 0.6087614496139754 0
    outer loop
      vertex -7.382088884711266 5.364424780011177 1.2
      vertex -7.48830409348011 5.5028471276164055 1.2
      vertex -7.48830409348011 5.5028471276164055 5.4
    endloop
  endfacet
  facet normal 0.7372773375807703 0.6755902067746474 0
    outer loop
      vertex -7.264213562011719 5.235786437988281 1.2
      vertex -7.382088884711266 5.364424780011177 1.2
      vertex -7.382088884711266 5.364424780011177 5.4
    endloop
  endfacet
  facet normal 0.8433914550192563 0.5372995938957162 0
    outer loop
      vertex -7.48830409348011 5.5028471276164055 1.2
      vertex -7.582050807774067 5.649999998509884 1.2
      vertex -7.582050807774067 5.649999998509884 5.4
    endloop
  endfacet
  facet normal 0.13052620198021944 0.9914448600888599 0
    outer loop
      vertex -6.197296358644962 4.680384494364262 1.2
      vertex -6.197296358644962 4.680384494364262 5.4
      vertex -6.024311490356922 4.657610602676868 1.2
    endloop
  endfacet
  facet normal 0.04361938852815863 0.9990482215310879 0
    outer loop
      vertex -6.024311490356922 4.657610602676868 1.2
      vertex -6.024311490356922 4.657610602676868 5.4
      vertex -5.850000001490116 4.649999998509884 1.2
    endloop
  endfacet
  facet normal 0.6755902067746474 0.7372773375807703 0
    outer loop
      vertex -7.264213562011719 5.235786437988281 1.2
      vertex -7.264213562011719 5.235786437988281 5.4
      vertex -7.135575219988823 5.117911115288734 1.2
    endloop
  endfacet
  facet normal 0.6087614496139754 0.7933533244802669 0
    outer loop
      vertex -7.135575219988823 5.117911115288734 1.2
      vertex -7.135575219988823 5.117911115288734 5.4
      vertex -6.9971528723835945 5.01169590651989 1.2
    endloop
  endfacet
  facet normal 0.5372995938957162 0.8433914550192563 0
    outer loop
      vertex -6.9971528723835945 5.01169590651989 1.2
      vertex -6.9971528723835945 5.01169590651989 5.4
      vertex -6.850000001490116 4.917949192225933 1.2
    endloop
  endfacet
  facet normal 0.46174861944404144 0.8870108299460169 0
    outer loop
      vertex -6.850000001490116 4.917949192225933 1.2
      vertex -6.850000001490116 4.917949192225933 5.4
      vertex -6.695236526429653 4.837384425103664 1.2
    endloop
  endfacet
  facet normal 0.38268342478844214 0.9238795356496369 0
    outer loop
      vertex -6.695236526429653 4.837384425103664 1.2
      vertex -6.695236526429653 4.837384425103664 5.4
      vertex -6.5340402871370316 4.770614758133888 1.2
    endloop
  endfacet
  facet normal 0.3007058164710832 0.9537169453986121 0
    outer loop
      vertex -6.5340402871370316 4.770614758133888 1.2
      vertex -6.5340402871370316 4.770614758133888 5.4
      vertex -6.36763808876276 4.718148343265057 1.2
    endloop
  endfacet
  facet normal 0.21643959486336686 0.9762960113487003 0
    outer loop
      vertex -6.197296358644962 4.680384494364262 1.2
      vertex -6.36763808876276 4.718148343265057 1.2
      vertex -6.36763808876276 4.718148343265057 5.4
    endloop
  endfacet
  facet normal 0 1 0
    outer loop
      vertex -5.850000001490116 4.649999998509884 1.2
      vertex -5.850000001490116 4.649999998509884 5.4
      vertex 5.850000001490116 4.649999998509884 1.2
    endloop
  endfacet
  facet normal 0 0 1
    outer loop
      vertex -7.781851656734943 6.13236191123724 1.2
      vertex -6.266044445335865 6.357212387025356 1.2
      vertex -7.819615505635738 6.302703641355038 1.2
    endloop
  endfacet
  facet normal 0 0 1
    outer loop
      vertex -7.819615505635738 6.302703641355038 1.2
      vertex -6.5 7 1.2
      vertex -7.842389397323132 6.475688509643078 1.2
    endloop
  endfacet
  facet normal 0 0 1
    outer loop
      vertex -7.842389397323132 6.475688509643078 1.2
      vertex -6.5 7 1.2
      vertex -7.850000001490116 6.649999998509884 1.2
    endloop
  endfacet
  facet normal 0 0 1
    outer loop
      vertex -7.582050807774067 5.649999998509884 1.2
      vertex -5.5 6 1.2
      vertex -7.662615574896336 5.804763473570347 1.2
    endloop
  endfacet
  facet normal 0 0 1
    outer loop
      vertex -7.662615574896336 5.804763473570347 1.2
      vertex -5.673648178577423 6.015192247927189 1.2
      vertex -7.729385241866112 5.9659597128629684 1.2
    endloop
  endfacet
  facet normal 0 0 1
    outer loop
      vertex -7.781851656734943 6.13236191123724 1.2
      vertex -7.729385241866112 5.9659597128629684 1.2
      vertex -6.073576435446739 6.180847957730293 1.2
    endloop
  endfacet
  facet normal 0 0 1
    outer loop
      vertex -7.729385241866112 5.9659597128629684 1.2
      vertex -5.9226182624697685 6.09369221329689 1.2
      vertex -6 6.133974596858025 1.2
    endloop
  endfacet
  facet normal 0 0 1
    outer loop
      vertex -7.729385241866112 5.9659597128629684 1.2
      vertex -6 6.133974596858025 1.2
      vertex -6.073576435446739 6.180847957730293 1.2
    endloop
  endfacet
  facet normal 0 0 1
    outer loop
      vertex -7.781851656734943 6.13236191123724 1.2
      vertex -6.073576435446739 6.180847957730293 1.2
      vertex -6.142787612974644 6.233955554664135 1.2
    endloop
  endfacet
  facet normal 0 0 1
    outer loop
      vertex -7.819615505635738 6.302703641355038 1.2
      vertex -6.40630778670311 6.5773817375302315 1.2
      vertex -6.439692623913288 6.657979853451252 1.2
    endloop
  endfacet
  facet normal 0 0 1
    outer loop
      vertex -7.819615505635738 6.302703641355038 1.2
      vertex -6.439692623913288 6.657979853451252 1.2
      vertex -6.465925827622414 6.741180956363678 1.2
    endloop
  endfacet
  facet normal 0 0 1
    outer loop
      vertex -7.819615505635738 6.302703641355038 1.2
      vertex -6.465925827622414 6.741180956363678 1.2
      vertex -6.484807752072811 6.826351821422577 1.2
    endloop
  endfacet
  facet normal 0 0 1
    outer loop
      vertex -7.819615505635738 6.302703641355038 1.2
      vertex -6.484807752072811 6.826351821422577 1.2
      vertex -6.496194697916508 6.912844255566597 1.2
    endloop
  endfacet
  facet normal 0 0 1
    outer loop
      vertex -7.781851656734943 6.13236191123724 1.2
      vertex -6.142787612974644 6.233955554664135 1.2
      vertex -6.207106783986092 6.292893216013908 1.2
    endloop
  endfacet
  facet normal 0 0 1
    outer loop
      vertex -7.781851656734943 6.13236191123724 1.2
      vertex -6.207106783986092 6.292893216013908 1.2
      vertex -6.266044445335865 6.357212387025356 1.2
    endloop
  endfacet
  facet normal 0 0 1
    outer loop
      vertex -7.819615505635738 6.302703641355038 1.2
      vertex -6.266044445335865 6.357212387025356 1.2
      vertex -6.319152042269707 6.426423564553261 1.2
    endloop
  endfacet
  facet normal 0 0 1
    outer loop
      vertex -7.819615505635738 6.302703641355038 1.2
      vertex -6.319152042269707 6.426423564553261 1.2
      vertex -6.366025403141975 6.5 1.2
    endloop
  endfacet
  facet normal 0 0 1
    outer loop
      vertex -7.819615505635738 6.302703641355038 1.2
      vertex -6.366025403141975 6.5 1.2
      vertex -6.40630778670311 6.5773817375302315 1.2
    endloop
  endfacet
  facet normal 0 0 1
    outer loop
      vertex -7.662615574896336 5.804763473570347 1.2
      vertex -5.587155744433403 6.003805302083492 1.2
      vertex -5.673648178577423 6.015192247927189 1.2
    endloop
  endfacet
  facet normal 0 0 1
    outer loop
      vertex -7.662615574896336 5.804763473570347 1.2
      vertex -5.5 6 1.2
      vertex -5.587155744433403 6.003805302083492 1.2
    endloop
  endfacet
  facet normal 0 0 1
    outer loop
      vertex -7.729385241866112 5.9659597128629684 1.2
      vertex -5.758819043636322 6.034074172377586 1.2
      vertex -5.842020146548748 6.060307376086712 1.2
    endloop
  endfacet
  facet normal 0 0 1
    outer loop
      vertex -7.729385241866112 5.9659597128629684 1.2
      vertex -5.842020146548748 6.060307376086712 1.2
      vertex -5.9226182624697685 6.09369221329689 1.2
    endloop
  endfacet
  facet normal 0 0 1
    outer loop
      vertex -7.729385241866112 5.9659597128629684 1.2
      vertex -5.673648178577423 6.015192247927189 1.2
      vertex -5.758819043636322 6.034074172377586 1.2
    endloop
  endfacet
  facet normal 0 0 1
    outer loop
      vertex -7.819615505635738 6.302703641355038 1.2
      vertex -6.496194697916508 6.912844255566597 1.2
      vertex -6.5 7 1.2
    endloop
  endfacet
  facet normal 0 0 1
    outer loop
      vertex -7.582050807774067 5.649999998509884 1.2
      vertex 5.5 6 1.2
      vertex -5.5 6 1.2
    endloop
  endfacet
  facet normal 0 0 1
    outer loop
      vertex -7.850000001490116 6.649999998509884 1.2
      vertex -6.5 7 1.2
      vertex -7.850000001490116 40 1.2
    endloop
  endfacet
  facet normal 0.8870108299460169 0.46174861944404144 0
    outer loop
      vertex -7.582050807774067 5.649999998509884 1.2
      vertex -7.662615574896336 5.804763473570347 1.2
      vertex -7.662615574896336 5.804763473570347 5.4
    endloop
  endfacet
  facet normal 0.9238795356496369 0.38268342478844214 0
    outer loop
      vertex -7.662615574896336 5.804763473570347 1.2
      vertex -7.729385241866112 5.9659597128629684 1.2
      vertex -7.729385241866112 5.9659597128629684 5.4
    endloop
  endfacet
  facet normal 0.9537169453986121 0.3007058164710832 0
    outer loop
      vertex -7.781851656734943 6.13236191123724 1.2
      vertex -7.781851656734943 6.13236191123724 5.4
      vertex -7.729385241866112 5.9659597128629684 1.2
    endloop
  endfacet
  facet normal 0.9762960113487003 0.21643959486336686 0
    outer loop
      vertex -7.781851656734943 6.13236191123724 1.2
      vertex -7.819615505635738 6.302703641355038 1.2
      vertex -7.819615505635738 6.302703641355038 5.4
    endloop
  endfacet
  facet normal 0.9914448600888599 0.13052620198021944 0
    outer loop
      vertex -7.819615505635738 6.302703641355038 1.2
      vertex -7.842389397323132 6.475688509643078 1.2
      vertex -7.842389397323132 6.475688509643078 5.4
    endloop
  endfacet
  facet normal 0.9990482215310879 0.04361938852815863 0
    outer loop
      vertex -7.842389397323132 6.475688509643078 1.2
      vertex -7.850000001490116 6.649999998509884 1.2
      vertex -7.850000001490116 6.649999998509884 5.4
    endloop
  endfacet
  facet normal 0.8870108299460169 0.46174861944404144 0
    outer loop
      vertex -7.582050807774067 5.649999998509884 1.2
      vertex -7.662615574896336 5.804763473570347 5.4
      vertex -7.582050807774067 5.649999998509884 5.4
    endloop
  endfacet
  facet normal 0.7933533244802669 0.6087614496139754 0
    outer loop
      vertex -7.382088884711266 5.364424780011177 1.2
      vertex -7.48830409348011 5.5028471276164055 5.4
      vertex -7.382088884711266 5.364424780011177 5.4
    endloop
  endfacet
  facet normal 0.7372773375807703 0.6755902067746474 0
    outer loop
      vertex -7.264213562011719 5.235786437988281 1.2
      vertex -7.382088884711266 5.364424780011177 5.4
      vertex -7.264213562011719 5.235786437988281 5.4
    endloop
  endfacet
  facet normal 0.8433914550192563 0.5372995938957162 0
    outer loop
      vertex -7.48830409348011 5.5028471276164055 1.2
      vertex -7.582050807774067 5.649999998509884 5.4
      vertex -7.48830409348011 5.5028471276164055 5.4
    endloop
  endfacet
  facet normal 0.21643959486336686 0.9762960113487003 0
    outer loop
      vertex -6.197296358644962 4.680384494364262 1.2
      vertex -6.36763808876276 4.718148343265057 5.4
      vertex -6.197296358644962 4.680384494364262 5.4
    endloop
  endfacet
  facet normal 0.13052620198021944 0.9914448600888599 0
    outer loop
      vertex -6.024311490356922 4.657610602676868 1.2
      vertex -6.197296358644962 4.680384494364262 5.4
      vertex -6.024311490356922 4.657610602676868 5.4
    endloop
  endfacet
  facet normal 0.04361938852815863 0.9990482215310879 0
    outer loop
      vertex -5.850000001490116 4.649999998509884 1.2
      vertex -6.024311490356922 4.657610602676868 5.4
      vertex -5.850000001490116 4.649999998509884 5.4
    endloop
  endfacet
  facet normal 0.5372995938957162 0.8433914550192563 0
    outer loop
      vertex -6.850000001490116 4.917949192225933 1.2
      vertex -6.9971528723835945 5.01169590651989 5.4
      vertex -6.850000001490116 4.917949192225933 5.4
    endloop
  endfacet
  facet normal 0.6755902067746474 0.7372773375807703 0
    outer loop
      vertex -7.135575219988823 5.117911115288734 1.2
      vertex -7.264213562011719 5.235786437988281 5.4
      vertex -7.135575219988823 5.117911115288734 5.4
    endloop
  endfacet
  facet normal 0.6087614496139754 0.7933533244802669 0
    outer loop
      vertex -6.9971528723835945 5.01169590651989 1.2
      vertex -7.135575219988823 5.117911115288734 5.4
      vertex -6.9971528723835945 5.01169590651989 5.4
    endloop
  endfacet
  facet normal 0.46174861944404144 0.8870108299460169 0
    outer loop
      vertex -6.695236526429653 4.837384425103664 1.2
      vertex -6.850000001490116 4.917949192225933 5.4
      vertex -6.695236526429653 4.837384425103664 5.4
    endloop
  endfacet
  facet normal 0.38268342478844214 0.9238795356496369 0
    outer loop
      vertex -6.5340402871370316 4.770614758133888 1.2
      vertex -6.695236526429653 4.837384425103664 5.4
      vertex -6.5340402871370316 4.770614758133888 5.4
    endloop
  endfacet
  facet normal 0.3007058164710832 0.9537169453986121 0
    outer loop
      vertex -6.36763808876276 4.718148343265057 1.2
      vertex -6.5340402871370316 4.770614758133888 5.4
      vertex -6.36763808876276 4.718148343265057 5.4
    endloop
  endfacet
  facet normal 0.9238795356496369 0.38268342478844214 0
    outer loop
      vertex -7.662615574896336 5.804763473570347 1.2
      vertex -7.729385241866112 5.9659597128629684 5.4
      vertex -7.662615574896336 5.804763473570347 5.4
    endloop
  endfacet
  facet normal 0.9762960113487003 0.21643959486336686 0
    outer loop
      vertex -7.781851656734943 6.13236191123724 1.2
      vertex -7.819615505635738 6.302703641355038 5.4
      vertex -7.781851656734943 6.13236191123724 5.4
    endloop
  endfacet
  facet normal 0.9537169453986121 0.3007058164710832 0
    outer loop
      vertex -7.729385241866112 5.9659597128629684 1.2
      vertex -7.781851656734943 6.13236191123724 5.4
      vertex -7.729385241866112 5.9659597128629684 5.4
    endloop
  endfacet
  facet normal 0.9914448600888599 0.13052620198021944 0
    outer loop
      vertex -7.819615505635738 6.302703641355038 1.2
      vertex -7.842389397323132 6.475688509643078 5.4
      vertex -7.819615505635738 6.302703641355038 5.4
    endloop
  endfacet
  facet normal 0.9990482215310879 0.04361938852815863 0
    outer loop
      vertex -7.842389397323132 6.475688509643078 1.2
      vertex -7.850000001490116 6.649999998509884 5.4
      vertex -7.842389397323132 6.475688509643078 5.4
    endloop
  endfacet
  facet normal 1 0 0
    outer loop
      vertex -7.850000001490116 6.649999998509884 1.2
      vertex -7.850000001490116 30 5.399999998509884
      vertex -7.850000001490116 6.649999998509884 5.4
    endloop
  endfacet
  facet normal 0 0 1
    outer loop
      vertex -6.5 7 1.2
      vertex -7.85 40 1.2
      vertex -7.850000001490116 40 1.2
    endloop
  endfacet
  facet normal 0 0 1
    outer loop
      vertex -6.5 7 1.2
      vertex -6.5 47 1.2
      vertex -7.85 40 1.2
    endloop
  endfacet
  facet normal 1 0 0
    outer loop
      vertex -7.850000001490116 6.649999998509884 1.2
      vertex -7.850000001490116 40 1.2
      vertex -7.850000001490116 30 1.7000000029802322
    endloop
  endfacet
  facet normal 1 0 0
    outer loop
      vertex -7.850000001490116 40 1.2
      vertex -7.850000001490116 40 1.7000000029802322
      vertex -7.850000001490116 30 1.7000000029802322
    endloop
  endfacet
  facet normal 0 0 1
    outer loop
      vertex -7.85 40 1.2
      vertex -6.5 47 1.2
      vertex -7.85 41.2 1.2
    endloop
  endfacet
  facet normal 0 0 1
    outer loop
      vertex -7.85 41.2 1.2
      vertex -7.850000001490116 47.350000001490116 1.2
      vertex -7.850000001490116 41.2 1.2
    endloop
  endfacet
  facet normal 0 0 1
    outer loop
      vertex -7.85 41.2 1.2
      vertex -6.496194697916508 47.0871557444334 1.2
      vertex -7.850000001490116 47.350000001490116 1.2
    endloop
  endfacet
  facet normal 0 0 1
    outer loop
      vertex -7.85 41.2 1.2
      vertex -6.5 47 1.2
      vertex -6.496194697916508 47.0871557444334 1.2
    endloop
  endfacet
  facet normal 0 0 1
    outer loop
      vertex -7.850000001490116 47.350000001490116 1.2
      vertex -6.40630778670311 47.42261826246977 1.2
      vertex -7.842389397323132 47.52431149035692 1.2
    endloop
  endfacet
  facet normal 0 0 1
    outer loop
      vertex -7.842389397323132 47.52431149035692 1.2
      vertex -6.266044445335865 47.642787612974644 1.2
      vertex -7.819615505635738 47.69729635864496 1.2
    endloop
  endfacet
  facet normal 0 0 1
    outer loop
      vertex -7.819615505635738 47.69729635864496 1.2
      vertex -6.142787612974644 47.766044445335865 1.2
      vertex -7.781851656734943 47.86763808876276 1.2
    endloop
  endfacet
  facet normal 0 0 1
    outer loop
      vertex -7.850000001490116 47.350000001490116 1.2
      vertex -6.496194697916508 47.0871557444334 1.2
      vertex -6.484807752072811 47.17364817857742 1.2
    endloop
  endfacet
  facet normal 0 0 1
    outer loop
      vertex -7.850000001490116 47.350000001490116 1.2
      vertex -6.484807752072811 47.17364817857742 1.2
      vertex -6.465925827622414 47.25881904363632 1.2
    endloop
  endfacet
  facet normal 0 0 1
    outer loop
      vertex -7.850000001490116 47.350000001490116 1.2
      vertex -6.465925827622414 47.25881904363632 1.2
      vertex -6.439692623913288 47.34202014654875 1.2
    endloop
  endfacet
  facet normal 0 0 1
    outer loop
      vertex -7.850000001490116 47.350000001490116 1.2
      vertex -6.439692623913288 47.34202014654875 1.2
      vertex -6.40630778670311 47.42261826246977 1.2
    endloop
  endfacet
  facet normal 0 0 1
    outer loop
      vertex -7.842389397323132 47.52431149035692 1.2
      vertex -6.40630778670311 47.42261826246977 1.2
      vertex -6.366025403141975 47.5 1.2
    endloop
  endfacet
  facet normal 0 0 1
    outer loop
      vertex -7.842389397323132 47.52431149035692 1.2
      vertex -6.366025403141975 47.5 1.2
      vertex -6.319152042269707 47.57357643544674 1.2
    endloop
  endfacet
  facet normal 0 0 1
    outer loop
      vertex -7.842389397323132 47.52431149035692 1.2
      vertex -6.319152042269707 47.57357643544674 1.2
      vertex -6.266044445335865 47.642787612974644 1.2
    endloop
  endfacet
  facet normal 0 0 1
    outer loop
      vertex -7.819615505635738 47.69729635864496 1.2
      vertex -6.266044445335865 47.642787612974644 1.2
      vertex -6.207106783986092 47.70710678398609 1.2
    endloop
  endfacet
  facet normal 0 0 1
    outer loop
      vertex -7.819615505635738 47.69729635864496 1.2
      vertex -6.207106783986092 47.70710678398609 1.2
      vertex -6.142787612974644 47.766044445335865 1.2
    endloop
  endfacet
  facet normal 0 0 1
    outer loop
      vertex -7.781851656734943 47.86763808876276 1.2
      vertex -5.842020146548748 47.93969262391329 1.2
      vertex -7.729385241866112 48.03404028713703 1.2
    endloop
  endfacet
  facet normal 0 0 1
    outer loop
      vertex -7.781851656734943 47.86763808876276 1.2
      vertex -6.142787612974644 47.766044445335865 1.2
      vertex -6.073576435446739 47.81915204226971 1.2
    endloop
  endfacet
  facet normal 0 0 1
    outer loop
      vertex -7.781851656734943 47.86763808876276 1.2
      vertex -6.073576435446739 47.81915204226971 1.2
      vertex -6 47.866025403141975 1.2
    endloop
  endfacet
  facet normal 0 0 1
    outer loop
      vertex -7.781851656734943 47.86763808876276 1.2
      vertex -6 47.866025403141975 1.2
      vertex -5.9226182624697685 47.90630778670311 1.2
    endloop
  endfacet
  facet normal 0 0 1
    outer loop
      vertex -7.781851656734943 47.86763808876276 1.2
      vertex -5.9226182624697685 47.90630778670311 1.2
      vertex -5.842020146548748 47.93969262391329 1.2
    endloop
  endfacet
  facet normal 0 0 1
    outer loop
      vertex -7.729385241866112 48.03404028713703 1.2
      vertex -5.842020146548748 47.93969262391329 1.2
      vertex -5.758819043636322 47.965925827622414 1.2
    endloop
  endfacet
  facet normal 0 0 1
    outer loop
      vertex -7.729385241866112 48.03404028713703 1.2
      vertex -5.758819043636322 47.965925827622414 1.2
      vertex -5.673648178577423 47.98480775207281 1.2
    endloop
  endfacet
  facet normal 0 0 1
    outer loop
      vertex -7.729385241866112 48.03404028713703 1.2
      vertex -5.673648178577423 47.98480775207281 1.2
      vertex -5.587155744433403 47.99619469791651 1.2
    endloop
  endfacet
  facet normal 0 0 1
    outer loop
      vertex -7.729385241866112 48.03404028713703 1.2
      vertex -5.587155744433403 47.99619469791651 1.2
      vertex -5.5 48 1.2
    endloop
  endfacet
  facet normal 0 0 1
    outer loop
      vertex -6.197296358644962 49.31961550563574 1.2
      vertex -5.850000001490116 49.350000001490116 1.2
      vertex -6.024311490356922 49.34238939732313 1.2
    endloop
  endfacet
  facet normal 0 0 1
    outer loop
      vertex -7.729385241866112 48.03404028713703 1.2
      vertex 7.48830409348011 48.497152872383595 1.2
      vertex -7.662615574896336 48.19523652642965 1.2
    endloop
  endfacet
  facet normal 0 0 1
    outer loop
      vertex -7.729385241866112 48.03404028713703 1.2
      vertex -5.5 48 1.2
      vertex 7.582050807774067 48.350000001490116 1.2
    endloop
  endfacet
  facet normal 0 0 1
    outer loop
      vertex -7.662615574896336 48.19523652642965 1.2
      vertex 7.382088884711266 48.63557521998882 1.2
      vertex -7.582050807774067 48.350000001490116 1.2
    endloop
  endfacet
  facet normal 0 0 1
    outer loop
      vertex -7.582050807774067 48.350000001490116 1.2
      vertex 7.264213562011719 48.76421356201172 1.2
      vertex -7.48830409348011 48.497152872383595 1.2
    endloop
  endfacet
  facet normal 0 0 1
    outer loop
      vertex -7.48830409348011 48.497152872383595 1.2
      vertex 7.135575219988823 48.882088884711266 1.2
      vertex -7.382088884711266 48.63557521998882 1.2
    endloop
  endfacet
  facet normal 0 0 1
    outer loop
      vertex -7.382088884711266 48.63557521998882 1.2
      vertex 6.9971528723835945 48.98830409348011 1.2
      vertex -7.264213562011719 48.76421356201172 1.2
    endloop
  endfacet
  facet normal 0 0 1
    outer loop
      vertex -7.264213562011719 48.76421356201172 1.2
      vertex 6.850000001490116 49.08205080777407 1.2
      vertex -7.135575219988823 48.882088884711266 1.2
    endloop
  endfacet
  facet normal 0 0 1
    outer loop
      vertex -7.135575219988823 48.882088884711266 1.2
      vertex 6.695236526429653 49.162615574896336 1.2
      vertex -6.9971528723835945 48.98830409348011 1.2
    endloop
  endfacet
  facet normal 0 0 1
    outer loop
      vertex -6.9971528723835945 48.98830409348011 1.2
      vertex 6.5340402871370316 49.22938524186611 1.2
      vertex -6.850000001490116 49.08205080777407 1.2
    endloop
  endfacet
  facet normal 0 0 1
    outer loop
      vertex -6.850000001490116 49.08205080777407 1.2
      vertex 6.36763808876276 49.28185165673494 1.2
      vertex -6.695236526429653 49.162615574896336 1.2
    endloop
  endfacet
  facet normal 0 0 1
    outer loop
      vertex -6.695236526429653 49.162615574896336 1.2
      vertex 6.197296358644962 49.31961550563574 1.2
      vertex -6.5340402871370316 49.22938524186611 1.2
    endloop
  endfacet
  facet normal 0 0 1
    outer loop
      vertex -6.5340402871370316 49.22938524186611 1.2
      vertex 6.024311490356922 49.34238939732313 1.2
      vertex -6.36763808876276 49.28185165673494 1.2
    endloop
  endfacet
  facet normal 0 0 1
    outer loop
      vertex -6.36763808876276 49.28185165673494 1.2
      vertex 5.850000001490116 49.350000001490116 1.2
      vertex -6.197296358644962 49.31961550563574 1.2
    endloop
  endfacet
  facet normal 0 0 1
    outer loop
      vertex -6.197296358644962 49.31961550563574 1.2
      vertex 5.850000001490116 49.350000001490116 1.2
      vertex -5.850000001490116 49.350000001490116 1.2
    endloop
  endfacet
  facet normal 1 0 0
    outer loop
      vertex -7.850000001490116 41.2 1.2
      vertex -7.850000001490116 47.350000001490116 1.2
      vertex -7.850000001490116 47.350000001490116 5.4
    endloop
  endfacet
  facet normal 0.9990482215310879 -0.04361938852815863 0
    outer loop
      vertex -7.850000001490116 47.350000001490116 1.2
      vertex -7.842389397323132 47.52431149035692 1.2
      vertex -7.842389397323132 47.52431149035692 5.4
    endloop
  endfacet
  facet normal 0.9914448600888599 -0.13052620198021944 0
    outer loop
      vertex -7.842389397323132 47.52431149035692 1.2
      vertex -7.819615505635738 47.69729635864496 1.2
      vertex -7.819615505635738 47.69729635864496 5.4
    endloop
  endfacet
  facet normal 0.9762960113487003 -0.21643959486336686 0
    outer loop
      vertex -7.819615505635738 47.69729635864496 1.2
      vertex -7.781851656734943 47.86763808876276 1.2
      vertex -7.781851656734943 47.86763808876276 5.4
    endloop
  endfacet
  facet normal 0.9537169453986121 -0.3007058164710832 0
    outer loop
      vertex -7.781851656734943 47.86763808876276 1.2
      vertex -7.729385241866112 48.03404028713703 1.2
      vertex -7.729385241866112 48.03404028713703 5.4
    endloop
  endfacet
  facet normal 0.9238795356496369 -0.38268342478844214 0
    outer loop
      vertex -7.729385241866112 48.03404028713703 1.2
      vertex -7.662615574896336 48.19523652642965 1.2
      vertex -7.662615574896336 48.19523652642965 5.4
    endloop
  endfacet
  facet normal 0.8870108299460169 -0.46174861944404144 0
    outer loop
      vertex -7.662615574896336 48.19523652642965 1.2
      vertex -7.582050807774067 48.350000001490116 1.2
      vertex -7.582050807774067 48.350000001490116 5.4
    endloop
  endfacet
  facet normal 0.8433914550192563 -0.5372995938957162 0
    outer loop
      vertex -7.582050807774067 48.350000001490116 1.2
      vertex -7.48830409348011 48.497152872383595 1.2
      vertex -7.48830409348011 48.497152872383595 5.4
    endloop
  endfacet
  facet normal 0.7933533244802669 -0.6087614496139754 0
    outer loop
      vertex -7.48830409348011 48.497152872383595 1.2
      vertex -7.382088884711266 48.63557521998882 1.2
      vertex -7.382088884711266 48.63557521998882 5.4
    endloop
  endfacet
  facet normal 0.7372773375807703 -0.6755902067746474 0
    outer loop
      vertex -7.382088884711266 48.63557521998882 1.2
      vertex -7.264213562011719 48.76421356201172 1.2
      vertex -7.264213562011719 48.76421356201172 5.4
    endloop
  endfacet
  facet normal 0.6755902067746474 -0.7372773375807703 0
    outer loop
      vertex -7.264213562011719 48.76421356201172 1.2
      vertex -7.135575219988823 48.882088884711266 1.2
      vertex -7.135575219988823 48.882088884711266 5.4
    endloop
  endfacet
  facet normal 0.6087614496139754 -0.7933533244802669 0
    outer loop
      vertex -7.135575219988823 48.882088884711266 1.2
      vertex -6.9971528723835945 48.98830409348011 1.2
      vertex -6.9971528723835945 48.98830409348011 5.4
    endloop
  endfacet
  facet normal 0.5372995938957162 -0.8433914550192563 0
    outer loop
      vertex -6.9971528723835945 48.98830409348011 1.2
      vertex -6.850000001490116 49.08205080777407 1.2
      vertex -6.850000001490116 49.08205080777407 5.4
    endloop
  endfacet
  facet normal 0.46174861944404144 -0.8870108299460169 0
    outer loop
      vertex -6.850000001490116 49.08205080777407 1.2
      vertex -6.695236526429653 49.162615574896336 1.2
      vertex -6.695236526429653 49.162615574896336 5.4
    endloop
  endfacet
  facet normal 0.38268342478844214 -0.9238795356496369 0
    outer loop
      vertex -6.695236526429653 49.162615574896336 1.2
      vertex -6.5340402871370316 49.22938524186611 1.2
      vertex -6.5340402871370316 49.22938524186611 5.4
    endloop
  endfacet
  facet normal 0.3007058164710832 -0.9537169453986121 0
    outer loop
      vertex -6.5340402871370316 49.22938524186611 1.2
      vertex -6.36763808876276 49.28185165673494 1.2
      vertex -6.36763808876276 49.28185165673494 5.4
    endloop
  endfacet
  facet normal 0.21643959486336686 -0.9762960113487003 0
    outer loop
      vertex -6.36763808876276 49.28185165673494 1.2
      vertex -6.197296358644962 49.31961550563574 1.2
      vertex -6.197296358644962 49.31961550563574 5.4
    endloop
  endfacet
  facet normal 0.13052620198021944 -0.9914448600888599 0
    outer loop
      vertex -6.197296358644962 49.31961550563574 1.2
      vertex -6.024311490356922 49.34238939732313 1.2
      vertex -6.024311490356922 49.34238939732313 5.4
    endloop
  endfacet
  facet normal 0.04361938852815863 -0.9990482215310879 0
    outer loop
      vertex -6.024311490356922 49.34238939732313 1.2
      vertex -5.850000001490116 49.350000001490116 1.2
      vertex -5.850000001490116 49.350000001490116 5.4
    endloop
  endfacet
  facet normal 1 0 0
    outer loop
      vertex -7.850000001490116 6.649999998509884 1.2
      vertex -7.850000001490116 30 1.7000000029802322
      vertex -7.850000001490116 30 5.399999998509884
    endloop
  endfacet
  facet normal 1 0 0
    outer loop
      vertex -7.850000001490116 6.649999998509884 5.4
      vertex -7.850000001490116 30 5.399999998509884
      vertex -7.850000001490116 40 5.4
    endloop
  endfacet
  facet normal 1 0 0
    outer loop
      vertex -7.850000001490116 40 5.4
      vertex -7.850000001490116 30 5.399999998509884
      vertex -7.850000001490116 40 5.399999998509884
    endloop
  endfacet
  facet normal 1 0 0
    outer loop
      vertex -7.850000001490116 41.2 1.2
      vertex -7.850000001490116 47.350000001490116 5.4
      vertex -7.850000001490116 41.2 5.4
    endloop
  endfacet
  facet normal 0.9990482215310879 -0.04361938852815863 0
    outer loop
      vertex -7.850000001490116 47.350000001490116 1.2
      vertex -7.842389397323132 47.52431149035692 5.4
      vertex -7.850000001490116 47.350000001490116 5.4
    endloop
  endfacet
  facet normal 0.9914448600888599 -0.13052620198021944 0
    outer loop
      vertex -7.842389397323132 47.52431149035692 1.2
      vertex -7.819615505635738 47.69729635864496 5.4
      vertex -7.842389397323132 47.52431149035692 5.4
    endloop
  endfacet
  facet normal 0.9762960113487003 -0.21643959486336686 0
    outer loop
      vertex -7.819615505635738 47.69729635864496 1.2
      vertex -7.781851656734943 47.86763808876276 5.4
      vertex -7.819615505635738 47.69729635864496 5.4
    endloop
  endfacet
  facet normal 0.9537169453986121 -0.3007058164710832 0
    outer loop
      vertex -7.781851656734943 47.86763808876276 1.2
      vertex -7.729385241866112 48.03404028713703 5.4
      vertex -7.781851656734943 47.86763808876276 5.4
    endloop
  endfacet
  facet normal 0.9238795356496369 -0.38268342478844214 0
    outer loop
      vertex -7.729385241866112 48.03404028713703 1.2
      vertex -7.662615574896336 48.19523652642965 5.4
      vertex -7.729385241866112 48.03404028713703 5.4
    endloop
  endfacet
  facet normal 0.8870108299460169 -0.46174861944404144 0
    outer loop
      vertex -7.662615574896336 48.19523652642965 1.2
      vertex -7.582050807774067 48.350000001490116 5.4
      vertex -7.662615574896336 48.19523652642965 5.4
    endloop
  endfacet
  facet normal 0.8433914550192563 -0.5372995938957162 0
    outer loop
      vertex -7.582050807774067 48.350000001490116 1.2
      vertex -7.48830409348011 48.497152872383595 5.4
      vertex -7.582050807774067 48.350000001490116 5.4
    endloop
  endfacet
  facet normal 0.7933533244802669 -0.6087614496139754 0
    outer loop
      vertex -7.48830409348011 48.497152872383595 1.2
      vertex -7.382088884711266 48.63557521998882 5.4
      vertex -7.48830409348011 48.497152872383595 5.4
    endloop
  endfacet
  facet normal 0.7372773375807703 -0.6755902067746474 0
    outer loop
      vertex -7.382088884711266 48.63557521998882 1.2
      vertex -7.264213562011719 48.76421356201172 5.4
      vertex -7.382088884711266 48.63557521998882 5.4
    endloop
  endfacet
  facet normal 0.6755902067746474 -0.7372773375807703 0
    outer loop
      vertex -7.264213562011719 48.76421356201172 1.2
      vertex -7.135575219988823 48.882088884711266 5.4
      vertex -7.264213562011719 48.76421356201172 5.4
    endloop
  endfacet
  facet normal 0.6087614496139754 -0.7933533244802669 0
    outer loop
      vertex -7.135575219988823 48.882088884711266 1.2
      vertex -6.9971528723835945 48.98830409348011 5.4
      vertex -7.135575219988823 48.882088884711266 5.4
    endloop
  endfacet
  facet normal 0.5372995938957162 -0.8433914550192563 0
    outer loop
      vertex -6.9971528723835945 48.98830409348011 1.2
      vertex -6.850000001490116 49.08205080777407 5.4
      vertex -6.9971528723835945 48.98830409348011 5.4
    endloop
  endfacet
  facet normal 0.46174861944404144 -0.8870108299460169 0
    outer loop
      vertex -6.850000001490116 49.08205080777407 1.2
      vertex -6.695236526429653 49.162615574896336 5.4
      vertex -6.850000001490116 49.08205080777407 5.4
    endloop
  endfacet
  facet normal 0.38268342478844214 -0.9238795356496369 0
    outer loop
      vertex -6.695236526429653 49.162615574896336 1.2
      vertex -6.5340402871370316 49.22938524186611 5.4
      vertex -6.695236526429653 49.162615574896336 5.4
    endloop
  endfacet
  facet normal 0.3007058164710832 -0.9537169453986121 0
    outer loop
      vertex -6.5340402871370316 49.22938524186611 1.2
      vertex -6.36763808876276 49.28185165673494 5.4
      vertex -6.5340402871370316 49.22938524186611 5.4
    endloop
  endfacet
  facet normal 0.21643959486336686 -0.9762960113487003 0
    outer loop
      vertex -6.36763808876276 49.28185165673494 1.2
      vertex -6.197296358644962 49.31961550563574 5.4
      vertex -6.36763808876276 49.28185165673494 5.4
    endloop
  endfacet
  facet normal 0.13052620198021944 -0.9914448600888599 0
    outer loop
      vertex -6.197296358644962 49.31961550563574 1.2
      vertex -6.024311490356922 49.34238939732313 5.4
      vertex -6.197296358644962 49.31961550563574 5.4
    endloop
  endfacet
  facet normal 0.04361938852815863 -0.9990482215310879 0
    outer loop
      vertex -6.024311490356922 49.34238939732313 1.2
      vertex -5.850000001490116 49.350000001490116 5.4
      vertex -6.024311490356922 49.34238939732313 5.4
    endloop
  endfacet
  facet normal 0 -1 0
    outer loop
      vertex -5.850000001490116 49.350000001490116 1.2
      vertex 5.850000001490116 49.350000001490116 5.4
      vertex -5.850000001490116 49.350000001490116 5.4
    endloop
  endfacet
  facet normal 0 0 1
    outer loop
      vertex -5.850000001490116 4.649999998509884 1.2
      vertex 5.850000001490116 4.649999998509884 1.2
      vertex 6.197296358644962 4.680384494364262 1.2
    endloop
  endfacet
  facet normal 0 0 1
    outer loop
      vertex -5.850000001490116 4.649999998509884 1.2
      vertex 6.197296358644962 4.680384494364262 1.2
      vertex 6.36763808876276 4.718148343265057 1.2
    endloop
  endfacet
  facet normal 0 0 1
    outer loop
      vertex -6.024311490356922 4.657610602676868 1.2
      vertex 6.36763808876276 4.718148343265057 1.2
      vertex 6.5340402871370316 4.770614758133888 1.2
    endloop
  endfacet
  facet normal 0 0 1
    outer loop
      vertex -6.197296358644962 4.680384494364262 1.2
      vertex 6.5340402871370316 4.770614758133888 1.2
      vertex 6.695236526429653 4.837384425103664 1.2
    endloop
  endfacet
  facet normal 0 0 1
    outer loop
      vertex -6.36763808876276 4.718148343265057 1.2
      vertex 6.695236526429653 4.837384425103664 1.2
      vertex 6.850000001490116 4.917949192225933 1.2
    endloop
  endfacet
  facet normal 0 0 1
    outer loop
      vertex -6.5340402871370316 4.770614758133888 1.2
      vertex 6.850000001490116 4.917949192225933 1.2
      vertex 6.9971528723835945 5.01169590651989 1.2
    endloop
  endfacet
  facet normal 0 0 1
    outer loop
      vertex -6.695236526429653 4.837384425103664 1.2
      vertex 6.9971528723835945 5.01169590651989 1.2
      vertex 7.135575219988823 5.117911115288734 1.2
    endloop
  endfacet
  facet normal 0 0 1
    outer loop
      vertex -6.850000001490116 4.917949192225933 1.2
      vertex 7.135575219988823 5.117911115288734 1.2
      vertex 7.264213562011719 5.235786437988281 1.2
    endloop
  endfacet
  facet normal 0 0 1
    outer loop
      vertex -6.9971528723835945 5.01169590651989 1.2
      vertex 7.264213562011719 5.235786437988281 1.2
      vertex 7.382088884711266 5.364424780011177 1.2
    endloop
  endfacet
  facet normal 0 0 1
    outer loop
      vertex -7.135575219988823 5.117911115288734 1.2
      vertex 7.382088884711266 5.364424780011177 1.2
      vertex 7.48830409348011 5.5028471276164055 1.2
    endloop
  endfacet
  facet normal 0 0 1
    outer loop
      vertex -7.264213562011719 5.235786437988281 1.2
      vertex 7.48830409348011 5.5028471276164055 1.2
      vertex 7.582050807774067 5.649999998509884 1.2
    endloop
  endfacet
  facet normal 0 0 1
    outer loop
      vertex -7.382088884711266 5.364424780011177 1.2
      vertex 7.582050807774067 5.649999998509884 1.2
      vertex 7.662615574896336 5.804763473570347 1.2
    endloop
  endfacet
  facet normal 0 0 1
    outer loop
      vertex 5.850000001490116 4.649999998509884 1.2
      vertex 6.024311490356922 4.657610602676868 1.2
      vertex 6.197296358644962 4.680384494364262 1.2
    endloop
  endfacet
  facet normal -0.04361938852815863 0.9990482215310879 0
    outer loop
      vertex 5.850000001490116 4.649999998509884 1.2
      vertex 5.850000001490116 4.649999998509884 5.4
      vertex 6.024311490356922 4.657610602676868 1.2
    endloop
  endfacet
  facet normal -0.13052620198021944 0.9914448600888599 0
    outer loop
      vertex 6.024311490356922 4.657610602676868 1.2
      vertex 6.024311490356922 4.657610602676868 5.4
      vertex 6.197296358644962 4.680384494364262 1.2
    endloop
  endfacet
  facet normal -0.21643959486336686 0.9762960113487003 0
    outer loop
      vertex 6.197296358644962 4.680384494364262 1.2
      vertex 6.197296358644962 4.680384494364262 5.4
      vertex 6.36763808876276 4.718148343265057 1.2
    endloop
  endfacet
  facet normal -0.3007058164710832 0.9537169453986121 0
    outer loop
      vertex 6.36763808876276 4.718148343265057 1.2
      vertex 6.36763808876276 4.718148343265057 5.4
      vertex 6.5340402871370316 4.770614758133888 1.2
    endloop
  endfacet
  facet normal -0.38268342478844214 0.9238795356496369 0
    outer loop
      vertex 6.5340402871370316 4.770614758133888 1.2
      vertex 6.5340402871370316 4.770614758133888 5.4
      vertex 6.695236526429653 4.837384425103664 1.2
    endloop
  endfacet
  facet normal -0.46174861944404144 0.8870108299460169 0
    outer loop
      vertex 6.695236526429653 4.837384425103664 1.2
      vertex 6.695236526429653 4.837384425103664 5.4
      vertex 6.850000001490116 4.917949192225933 1.2
    endloop
  endfacet
  facet normal -0.5372995938957162 0.8433914550192563 0
    outer loop
      vertex 6.850000001490116 4.917949192225933 1.2
      vertex 6.850000001490116 4.917949192225933 5.4
      vertex 6.9971528723835945 5.01169590651989 1.2
    endloop
  endfacet
  facet normal -0.6087614496139754 0.7933533244802669 0
    outer loop
      vertex 6.9971528723835945 5.01169590651989 1.2
      vertex 6.9971528723835945 5.01169590651989 5.4
      vertex 7.135575219988823 5.117911115288734 1.2
    endloop
  endfacet
  facet normal -0.6755902067746474 0.7372773375807703 0
    outer loop
      vertex 7.135575219988823 5.117911115288734 1.2
      vertex 7.135575219988823 5.117911115288734 5.4
      vertex 7.264213562011719 5.235786437988281 1.2
    endloop
  endfacet
  facet normal -0.7372773375807703 0.6755902067746474 0
    outer loop
      vertex 7.264213562011719 5.235786437988281 1.2
      vertex 7.264213562011719 5.235786437988281 5.4
      vertex 7.382088884711266 5.364424780011177 1.2
    endloop
  endfacet
  facet normal -0.7933533244802669 0.6087614496139754 0
    outer loop
      vertex 7.382088884711266 5.364424780011177 1.2
      vertex 7.382088884711266 5.364424780011177 5.4
      vertex 7.48830409348011 5.5028471276164055 1.2
    endloop
  endfacet
  facet normal -0.8433914550192563 0.5372995938957162 0
    outer loop
      vertex 7.48830409348011 5.5028471276164055 1.2
      vertex 7.48830409348011 5.5028471276164055 5.4
      vertex 7.582050807774067 5.649999998509884 1.2
    endloop
  endfacet
  facet normal -0.8870108299460169 0.46174861944404144 0
    outer loop
      vertex 7.582050807774067 5.649999998509884 1.2
      vertex 7.582050807774067 5.649999998509884 5.4
      vertex 7.662615574896336 5.804763473570347 1.2
    endloop
  endfacet
  facet normal 0 0 1
    outer loop
      vertex -7.582050807774067 5.649999998509884 1.2
      vertex 7.729385241866112 5.9659597128629684 1.2
      vertex 5.5 6 1.2
    endloop
  endfacet
  facet normal 0 0 1
    outer loop
      vertex -7.48830409348011 5.5028471276164055 1.2
      vertex 7.662615574896336 5.804763473570347 1.2
      vertex 7.729385241866112 5.9659597128629684 1.2
    endloop
  endfacet
  facet normal 0 0 1
    outer loop
      vertex 5.5 6 1.2
      vertex 7.729385241866112 5.9659597128629684 1.2
      vertex 5.587155744433403 6.003805302083492 1.2
    endloop
  endfacet
  facet normal 0 0 1
    outer loop
      vertex 5.673648178577423 6.015192247927189 1.2
      vertex 7.729385241866112 5.9659597128629684 1.2
      vertex 5.758819043636322 6.034074172377586 1.2
    endloop
  endfacet
  facet normal 0 0 1
    outer loop
      vertex 5.587155744433403 6.003805302083492 1.2
      vertex 7.729385241866112 5.9659597128629684 1.2
      vertex 5.673648178577423 6.015192247927189 1.2
    endloop
  endfacet
  facet normal 0 0 1
    outer loop
      vertex 5.758819043636322 6.034074172377586 1.2
      vertex 7.729385241866112 5.9659597128629684 1.2
      vertex 5.842020146548748 6.060307376086712 1.2
    endloop
  endfacet
  facet normal 0 0 1
    outer loop
      vertex 5.842020146548748 6.060307376086712 1.2
      vertex 7.781851656734943 6.13236191123724 1.2
      vertex 5.9226182624697685 6.09369221329689 1.2
    endloop
  endfacet
  facet normal 0 0 1
    outer loop
      vertex 5.9226182624697685 6.09369221329689 1.2
      vertex 7.781851656734943 6.13236191123724 1.2
      vertex 6 6.133974596858025 1.2
    endloop
  endfacet
  facet normal 0 0 1
    outer loop
      vertex 6 6.133974596858025 1.2
      vertex 7.781851656734943 6.13236191123724 1.2
      vertex 6.073576435446739 6.180847957730293 1.2
    endloop
  endfacet
  facet normal 0 0 1
    outer loop
      vertex 6.073576435446739 6.180847957730293 1.2
      vertex 7.781851656734943 6.13236191123724 1.2
      vertex 6.142787612974644 6.233955554664135 1.2
    endloop
  endfacet
  facet normal 0 0 1
    outer loop
      vertex 5.842020146548748 6.060307376086712 1.2
      vertex 7.729385241866112 5.9659597128629684 1.2
      vertex 7.781851656734943 6.13236191123724 1.2
    endloop
  endfacet
  facet normal 0 0 1
    outer loop
      vertex 6.142787612974644 6.233955554664135 1.2
      vertex 7.819615505635738 6.302703641355038 1.2
      vertex 6.207106783986092 6.292893216013908 1.2
    endloop
  endfacet
  facet normal 0 0 1
    outer loop
      vertex 6.207106783986092 6.292893216013908 1.2
      vertex 7.819615505635738 6.302703641355038 1.2
      vertex 6.266044445335865 6.357212387025356 1.2
    endloop
  endfacet
  facet normal 0 0 1
    outer loop
      vertex 6.266044445335865 6.357212387025356 1.2
      vertex 7.842389397323132 6.475688509643078 1.2
      vertex 6.319152042269707 6.426423564553261 1.2
    endloop
  endfacet
  facet normal 0 0 1
    outer loop
      vertex 6.319152042269707 6.426423564553261 1.2
      vertex 7.842389397323132 6.475688509643078 1.2
      vertex 6.366025403141975 6.5 1.2
    endloop
  endfacet
  facet normal 0 0 1
    outer loop
      vertex 6.366025403141975 6.5 1.2
      vertex 7.842389397323132 6.475688509643078 1.2
      vertex 6.40630778670311 6.5773817375302315 1.2
    endloop
  endfacet
  facet normal 0 0 1
    outer loop
      vertex 6.40630778670311 6.5773817375302315 1.2
      vertex 7.850000001490116 6.649999998509884 1.2
      vertex 6.439692623913288 6.657979853451252 1.2
    endloop
  endfacet
  facet normal 0 0 1
    outer loop
      vertex 6.439692623913288 6.657979853451252 1.2
      vertex 7.850000001490116 6.649999998509884 1.2
      vertex 6.465925827622414 6.741180956363678 1.2
    endloop
  endfacet
  facet normal 0 0 1
    outer loop
      vertex 6.465925827622414 6.741180956363678 1.2
      vertex 7.850000001490116 6.649999998509884 1.2
      vertex 6.484807752072811 6.826351821422577 1.2
    endloop
  endfacet
  facet normal 0 0 1
    outer loop
      vertex 6.484807752072811 6.826351821422577 1.2
      vertex 7.850000001490116 6.649999998509884 1.2
      vertex 6.496194697916508 6.912844255566597 1.2
    endloop
  endfacet
  facet normal 0 0 1
    outer loop
      vertex 6.142787612974644 6.233955554664135 1.2
      vertex 7.781851656734943 6.13236191123724 1.2
      vertex 7.819615505635738 6.302703641355038 1.2
    endloop
  endfacet
  facet normal 0 0 1
    outer loop
      vertex 6.266044445335865 6.357212387025356 1.2
      vertex 7.819615505635738 6.302703641355038 1.2
      vertex 7.842389397323132 6.475688509643078 1.2
    endloop
  endfacet
  facet normal 0 0 1
    outer loop
      vertex 6.40630778670311 6.5773817375302315 1.2
      vertex 7.842389397323132 6.475688509643078 1.2
      vertex 7.850000001490116 6.649999998509884 1.2
    endloop
  endfacet
  facet normal 0 0 1
    outer loop
      vertex 6.496194697916508 6.912844255566597 1.2
      vertex 7.85 12.8 1.2
      vertex 6.5 7 1.2
    endloop
  endfacet
  facet normal 0 0 1
    outer loop
      vertex 6.496194697916508 6.912844255566597 1.2
      vertex 7.850000001490116 6.649999998509884 1.2
      vertex 7.85 12.8 1.2
    endloop
  endfacet
  facet normal 0 0 1
    outer loop
      vertex 7.850000001490116 6.649999998509884 1.2
      vertex 7.850000001490116 12.8 1.2
      vertex 7.85 12.8 1.2
    endloop
  endfacet
  facet normal 0 0 1
    outer loop
      vertex 6.5 7 1.2
      vertex 7.85 12.8 1.2
      vertex 7.85 14 1.2
    endloop
  endfacet
  facet normal -0.9238795356496369 0.38268342478844214 0
    outer loop
      vertex 7.662615574896336 5.804763473570347 1.2
      vertex 7.662615574896336 5.804763473570347 5.4
      vertex 7.729385241866112 5.9659597128629684 1.2
    endloop
  endfacet
  facet normal -0.9537169453986121 0.3007058164710832 0
    outer loop
      vertex 7.729385241866112 5.9659597128629684 1.2
      vertex 7.729385241866112 5.9659597128629684 5.4
      vertex 7.781851656734943 6.13236191123724 1.2
    endloop
  endfacet
  facet normal -0.9762960113487003 0.21643959486336686 0
    outer loop
      vertex 7.781851656734943 6.13236191123724 1.2
      vertex 7.781851656734943 6.13236191123724 5.4
      vertex 7.819615505635738 6.302703641355038 1.2
    endloop
  endfacet
  facet normal -0.9914448600888599 0.13052620198021944 0
    outer loop
      vertex 7.819615505635738 6.302703641355038 1.2
      vertex 7.819615505635738 6.302703641355038 5.4
      vertex 7.842389397323132 6.475688509643078 1.2
    endloop
  endfacet
  facet normal -0.9990482215310879 0.04361938852815863 0
    outer loop
      vertex 7.842389397323132 6.475688509643078 1.2
      vertex 7.842389397323132 6.475688509643078 5.4
      vertex 7.850000001490116 6.649999998509884 1.2
    endloop
  endfacet
  facet normal -1 0 0
    outer loop
      vertex 7.850000001490116 6.649999998509884 1.2
      vertex 7.850000001490116 6.649999998509884 5.4
      vertex 7.850000001490116 12.8 1.2
    endloop
  endfacet
  facet normal -1 0 0
    outer loop
      vertex 7.850000001490116 14 1.2
      vertex 7.850000001490116 14 1.7000000029802322
      vertex 7.850000001490116 24 1.7000000029802322
    endloop
  endfacet
  facet normal 0 1 0
    outer loop
      vertex -5.850000001490116 4.649999998509884 5.4
      vertex 5.850000001490116 4.649999998509884 5.4
      vertex 5.850000001490116 4.649999998509884 1.2
    endloop
  endfacet
  facet normal -0.04361938852815863 0.9990482215310879 0
    outer loop
      vertex 6.024311490356922 4.657610602676868 1.2
      vertex 5.850000001490116 4.649999998509884 5.4
      vertex 6.024311490356922 4.657610602676868 5.4
    endloop
  endfacet
  facet normal -0.13052620198021944 0.9914448600888599 0
    outer loop
      vertex 6.197296358644962 4.680384494364262 1.2
      vertex 6.024311490356922 4.657610602676868 5.4
      vertex 6.197296358644962 4.680384494364262 5.4
    endloop
  endfacet
  facet normal -0.21643959486336686 0.9762960113487003 0
    outer loop
      vertex 6.36763808876276 4.718148343265057 1.2
      vertex 6.197296358644962 4.680384494364262 5.4
      vertex 6.36763808876276 4.718148343265057 5.4
    endloop
  endfacet
  facet normal -0.3007058164710832 0.9537169453986121 0
    outer loop
      vertex 6.5340402871370316 4.770614758133888 1.2
      vertex 6.36763808876276 4.718148343265057 5.4
      vertex 6.5340402871370316 4.770614758133888 5.4
    endloop
  endfacet
  facet normal -0.38268342478844214 0.9238795356496369 0
    outer loop
      vertex 6.695236526429653 4.837384425103664 1.2
      vertex 6.5340402871370316 4.770614758133888 5.4
      vertex 6.695236526429653 4.837384425103664 5.4
    endloop
  endfacet
  facet normal -0.46174861944404144 0.8870108299460169 0
    outer loop
      vertex 6.850000001490116 4.917949192225933 1.2
      vertex 6.695236526429653 4.837384425103664 5.4
      vertex 6.850000001490116 4.917949192225933 5.4
    endloop
  endfacet
  facet normal -0.5372995938957162 0.8433914550192563 0
    outer loop
      vertex 6.9971528723835945 5.01169590651989 1.2
      vertex 6.850000001490116 4.917949192225933 5.4
      vertex 6.9971528723835945 5.01169590651989 5.4
    endloop
  endfacet
  facet normal -0.6087614496139754 0.7933533244802669 0
    outer loop
      vertex 7.135575219988823 5.117911115288734 1.2
      vertex 6.9971528723835945 5.01169590651989 5.4
      vertex 7.135575219988823 5.117911115288734 5.4
    endloop
  endfacet
  facet normal -0.6755902067746474 0.7372773375807703 0
    outer loop
      vertex 7.264213562011719 5.235786437988281 1.2
      vertex 7.135575219988823 5.117911115288734 5.4
      vertex 7.264213562011719 5.235786437988281 5.4
    endloop
  endfacet
  facet normal -0.7372773375807703 0.6755902067746474 0
    outer loop
      vertex 7.382088884711266 5.364424780011177 1.2
      vertex 7.264213562011719 5.235786437988281 5.4
      vertex 7.382088884711266 5.364424780011177 5.4
    endloop
  endfacet
  facet normal -0.7933533244802669 0.6087614496139754 0
    outer loop
      vertex 7.48830409348011 5.5028471276164055 1.2
      vertex 7.382088884711266 5.364424780011177 5.4
      vertex 7.48830409348011 5.5028471276164055 5.4
    endloop
  endfacet
  facet normal -0.8433914550192563 0.5372995938957162 0
    outer loop
      vertex 7.582050807774067 5.649999998509884 1.2
      vertex 7.48830409348011 5.5028471276164055 5.4
      vertex 7.582050807774067 5.649999998509884 5.4
    endloop
  endfacet
  facet normal -0.8870108299460169 0.46174861944404144 0
    outer loop
      vertex 7.662615574896336 5.804763473570347 1.2
      vertex 7.582050807774067 5.649999998509884 5.4
      vertex 7.662615574896336 5.804763473570347 5.4
    endloop
  endfacet
  facet normal -0.9238795356496369 0.38268342478844214 0
    outer loop
      vertex 7.729385241866112 5.9659597128629684 1.2
      vertex 7.662615574896336 5.804763473570347 5.4
      vertex 7.729385241866112 5.9659597128629684 5.4
    endloop
  endfacet
  facet normal -0.9537169453986121 0.3007058164710832 0
    outer loop
      vertex 7.781851656734943 6.13236191123724 1.2
      vertex 7.729385241866112 5.9659597128629684 5.4
      vertex 7.781851656734943 6.13236191123724 5.4
    endloop
  endfacet
  facet normal -0.9762960113487003 0.21643959486336686 0
    outer loop
      vertex 7.819615505635738 6.302703641355038 1.2
      vertex 7.781851656734943 6.13236191123724 5.4
      vertex 7.819615505635738 6.302703641355038 5.4
    endloop
  endfacet
  facet normal -0.9914448600888599 0.13052620198021944 0
    outer loop
      vertex 7.842389397323132 6.475688509643078 1.2
      vertex 7.819615505635738 6.302703641355038 5.4
      vertex 7.842389397323132 6.475688509643078 5.4
    endloop
  endfacet
  facet normal -0.9990482215310879 0.04361938852815863 0
    outer loop
      vertex 7.850000001490116 6.649999998509884 1.2
      vertex 7.842389397323132 6.475688509643078 5.4
      vertex 7.850000001490116 6.649999998509884 5.4
    endloop
  endfacet
  facet normal -1 0 0
    outer loop
      vertex 7.850000001490116 12.8 1.2
      vertex 7.850000001490116 6.649999998509884 5.4
      vertex 7.850000001490116 12.8 5.4
    endloop
  endfacet
  facet normal -1 0 0
    outer loop
      vertex 7.850000001490116 14 5.4
      vertex 7.850000001490116 24 5.399999998509884
      vertex 7.850000001490116 14 5.399999998509884
    endloop
  endfacet
  facet normal 0 0 1
    outer loop
      vertex 6.5 7 1.2
      vertex 7.85 14 1.2
      vertex 6.5 47 1.2
    endloop
  endfacet
  facet normal 0 0 1
    outer loop
      vertex 7.85 14 1.2
      vertex 7.850000001490116 14 1.2
      vertex 6.5 47 1.2
    endloop
  endfacet
  facet normal 0 0 1
    outer loop
      vertex 7.850000001490116 14 1.2
      vertex 7.850000001490116 47.350000001490116 1.2
      vertex 6.5 47 1.2
    endloop
  endfacet
  facet normal -1 0 0
    outer loop
      vertex 7.850000001490116 14 1.2
      vertex 7.850000001490116 24 1.7000000029802322
      vertex 7.850000001490116 47.350000001490116 1.2
    endloop
  endfacet
  facet normal 0 0 1
    outer loop
      vertex -5.5 48 1.2
      vertex 5.5 48 1.2
      vertex 7.582050807774067 48.350000001490116 1.2
    endloop
  endfacet
  facet normal 0 0 1
    outer loop
      vertex -6.695236526429653 49.162615574896336 1.2
      vertex 6.36763808876276 49.28185165673494 1.2
      vertex 6.197296358644962 49.31961550563574 1.2
    endloop
  endfacet
  facet normal 0 0 1
    outer loop
      vertex -6.9971528723835945 48.98830409348011 1.2
      vertex 6.695236526429653 49.162615574896336 1.2
      vertex 6.5340402871370316 49.22938524186611 1.2
    endloop
  endfacet
  facet normal 0 0 1
    outer loop
      vertex -7.135575219988823 48.882088884711266 1.2
      vertex 6.850000001490116 49.08205080777407 1.2
      vertex 6.695236526429653 49.162615574896336 1.2
    endloop
  endfacet
  facet normal 0 0 1
    outer loop
      vertex -6.850000001490116 49.08205080777407 1.2
      vertex 6.5340402871370316 49.22938524186611 1.2
      vertex 6.36763808876276 49.28185165673494 1.2
    endloop
  endfacet
  facet normal 0 0 1
    outer loop
      vertex -7.729385241866112 48.03404028713703 1.2
      vertex 7.582050807774067 48.350000001490116 1.2
      vertex 7.48830409348011 48.497152872383595 1.2
    endloop
  endfacet
  facet normal 0 0 1
    outer loop
      vertex -7.662615574896336 48.19523652642965 1.2
      vertex 7.48830409348011 48.497152872383595 1.2
      vertex 7.382088884711266 48.63557521998882 1.2
    endloop
  endfacet
  facet normal 0 0 1
    outer loop
      vertex -7.48830409348011 48.497152872383595 1.2
      vertex 7.264213562011719 48.76421356201172 1.2
      vertex 7.135575219988823 48.882088884711266 1.2
    endloop
  endfacet
  facet normal 0 0 1
    outer loop
      vertex -7.582050807774067 48.350000001490116 1.2
      vertex 7.382088884711266 48.63557521998882 1.2
      vertex 7.264213562011719 48.76421356201172 1.2
    endloop
  endfacet
  facet normal 0 0 1
    outer loop
      vertex -7.382088884711266 48.63557521998882 1.2
      vertex 7.135575219988823 48.882088884711266 1.2
      vertex 6.9971528723835945 48.98830409348011 1.2
    endloop
  endfacet
  facet normal 0 0 1
    outer loop
      vertex -7.264213562011719 48.76421356201172 1.2
      vertex 6.9971528723835945 48.98830409348011 1.2
      vertex 6.850000001490116 49.08205080777407 1.2
    endloop
  endfacet
  facet normal 0 0 1
    outer loop
      vertex -6.5340402871370316 49.22938524186611 1.2
      vertex 6.197296358644962 49.31961550563574 1.2
      vertex 6.024311490356922 49.34238939732313 1.2
    endloop
  endfacet
  facet normal 0 0 1
    outer loop
      vertex -6.36763808876276 49.28185165673494 1.2
      vertex 6.024311490356922 49.34238939732313 1.2
      vertex 5.850000001490116 49.350000001490116 1.2
    endloop
  endfacet
  facet normal 0 0 1
    outer loop
      vertex 5.673648178577423 47.98480775207281 1.2
      vertex 5.758819043636322 47.965925827622414 1.2
      vertex 7.729385241866112 48.03404028713703 1.2
    endloop
  endfacet
  facet normal 0 0 1
    outer loop
      vertex 5.758819043636322 47.965925827622414 1.2
      vertex 5.842020146548748 47.93969262391329 1.2
      vertex 7.729385241866112 48.03404028713703 1.2
    endloop
  endfacet
  facet normal 0 0 1
    outer loop
      vertex 5.842020146548748 47.93969262391329 1.2
      vertex 5.9226182624697685 47.90630778670311 1.2
      vertex 7.729385241866112 48.03404028713703 1.2
    endloop
  endfacet
  facet normal 0 0 1
    outer loop
      vertex 5.587155744433403 47.99619469791651 1.2
      vertex 5.673648178577423 47.98480775207281 1.2
      vertex 7.662615574896336 48.19523652642965 1.2
    endloop
  endfacet
  facet normal 0 0 1
    outer loop
      vertex 5.5 48 1.2
      vertex 5.587155744433403 47.99619469791651 1.2
      vertex 7.662615574896336 48.19523652642965 1.2
    endloop
  endfacet
  facet normal 0 0 1
    outer loop
      vertex 6.40630778670311 47.42261826246977 1.2
      vertex 7.819615505635738 47.69729635864496 1.2
      vertex 6.366025403141975 47.5 1.2
    endloop
  endfacet
  facet normal 0 0 1
    outer loop
      vertex 6.366025403141975 47.5 1.2
      vertex 7.819615505635738 47.69729635864496 1.2
      vertex 6.319152042269707 47.57357643544674 1.2
    endloop
  endfacet
  facet normal 0 0 1
    outer loop
      vertex 6.207106783986092 47.70710678398609 1.2
      vertex 6.266044445335865 47.642787612974644 1.2
      vertex 7.781851656734943 47.86763808876276 1.2
    endloop
  endfacet
  facet normal 0 0 1
    outer loop
      vertex 6.319152042269707 47.57357643544674 1.2
      vertex 7.819615505635738 47.69729635864496 1.2
      vertex 6.266044445335865 47.642787612974644 1.2
    endloop
  endfacet
  facet normal 0 0 1
    outer loop
      vertex 6.5 47 1.2
      vertex 7.819615505635738 47.69729635864496 1.2
      vertex 6.496194697916508 47.0871557444334 1.2
    endloop
  endfacet
  facet normal 0 0 1
    outer loop
      vertex 6.496194697916508 47.0871557444334 1.2
      vertex 7.819615505635738 47.69729635864496 1.2
      vertex 6.484807752072811 47.17364817857742 1.2
    endloop
  endfacet
  facet normal 0 0 1
    outer loop
      vertex 6.484807752072811 47.17364817857742 1.2
      vertex 7.819615505635738 47.69729635864496 1.2
      vertex 6.465925827622414 47.25881904363632 1.2
    endloop
  endfacet
  facet normal 0 0 1
    outer loop
      vertex 6.465925827622414 47.25881904363632 1.2
      vertex 7.819615505635738 47.69729635864496 1.2
      vertex 6.439692623913288 47.34202014654875 1.2
    endloop
  endfacet
  facet normal 0 0 1
    outer loop
      vertex 6.439692623913288 47.34202014654875 1.2
      vertex 7.819615505635738 47.69729635864496 1.2
      vertex 6.40630778670311 47.42261826246977 1.2
    endloop
  endfacet
  facet normal 0 0 1
    outer loop
      vertex 6.073576435446739 47.81915204226971 1.2
      vertex 6.142787612974644 47.766044445335865 1.2
      vertex 7.781851656734943 47.86763808876276 1.2
    endloop
  endfacet
  facet normal 0 0 1
    outer loop
      vertex 5.9226182624697685 47.90630778670311 1.2
      vertex 6 47.866025403141975 1.2
      vertex 7.729385241866112 48.03404028713703 1.2
    endloop
  endfacet
  facet normal 0 0 1
    outer loop
      vertex 6 47.866025403141975 1.2
      vertex 6.073576435446739 47.81915204226971 1.2
      vertex 7.729385241866112 48.03404028713703 1.2
    endloop
  endfacet
  facet normal 0 0 1
    outer loop
      vertex 6.207106783986092 47.70710678398609 1.2
      vertex 7.781851656734943 47.86763808876276 1.2
      vertex 6.142787612974644 47.766044445335865 1.2
    endloop
  endfacet
  facet normal 0 0 1
    outer loop
      vertex 6.073576435446739 47.81915204226971 1.2
      vertex 7.781851656734943 47.86763808876276 1.2
      vertex 7.729385241866112 48.03404028713703 1.2
    endloop
  endfacet
  facet normal 0 0 1
    outer loop
      vertex 5.673648178577423 47.98480775207281 1.2
      vertex 7.729385241866112 48.03404028713703 1.2
      vertex 7.662615574896336 48.19523652642965 1.2
    endloop
  endfacet
  facet normal 0 0 1
    outer loop
      vertex 5.5 48 1.2
      vertex 7.662615574896336 48.19523652642965 1.2
      vertex 7.582050807774067 48.350000001490116 1.2
    endloop
  endfacet
  facet normal 0 0 1
    outer loop
      vertex 6.5 47 1.2
      vertex 7.850000001490116 47.350000001490116 1.2
      vertex 7.842389397323132 47.52431149035692 1.2
    endloop
  endfacet
  facet normal 0 0 1
    outer loop
      vertex 6.5 47 1.2
      vertex 7.842389397323132 47.52431149035692 1.2
      vertex 7.819615505635738 47.69729635864496 1.2
    endloop
  endfacet
  facet normal 0 0 1
    outer loop
      vertex 6.266044445335865 47.642787612974644 1.2
      vertex 7.819615505635738 47.69729635864496 1.2
      vertex 7.781851656734943 47.86763808876276 1.2
    endloop
  endfacet
  facet normal 0 -1 0
    outer loop
      vertex -5.850000001490116 49.350000001490116 1.2
      vertex 5.850000001490116 49.350000001490116 1.2
      vertex 5.850000001490116 49.350000001490116 5.4
    endloop
  endfacet
  facet normal -0.9990482215310879 -0.04361938852815863 0
    outer loop
      vertex 7.850000001490116 47.350000001490116 1.2
      vertex 7.850000001490116 47.350000001490116 5.4
      vertex 7.842389397323132 47.52431149035692 1.2
    endloop
  endfacet
  facet normal -0.9914448600888599 -0.13052620198021944 0
    outer loop
      vertex 7.842389397323132 47.52431149035692 1.2
      vertex 7.842389397323132 47.52431149035692 5.4
      vertex 7.819615505635738 47.69729635864496 1.2
    endloop
  endfacet
  facet normal -0.9762960113487003 -0.21643959486336686 0
    outer loop
      vertex 7.819615505635738 47.69729635864496 1.2
      vertex 7.819615505635738 47.69729635864496 5.4
      vertex 7.781851656734943 47.86763808876276 1.2
    endloop
  endfacet
  facet normal -0.9537169453986121 -0.3007058164710832 0
    outer loop
      vertex 7.781851656734943 47.86763808876276 1.2
      vertex 7.781851656734943 47.86763808876276 5.4
      vertex 7.729385241866112 48.03404028713703 1.2
    endloop
  endfacet
  facet normal -0.9238795356496369 -0.38268342478844214 0
    outer loop
      vertex 7.729385241866112 48.03404028713703 1.2
      vertex 7.729385241866112 48.03404028713703 5.4
      vertex 7.662615574896336 48.19523652642965 1.2
    endloop
  endfacet
  facet normal -0.8870108299460169 -0.46174861944404144 0
    outer loop
      vertex 7.662615574896336 48.19523652642965 1.2
      vertex 7.662615574896336 48.19523652642965 5.4
      vertex 7.582050807774067 48.350000001490116 1.2
    endloop
  endfacet
  facet normal -0.3007058164710832 -0.9537169453986121 0
    outer loop
      vertex 6.36763808876276 49.28185165673494 1.2
      vertex 6.5340402871370316 49.22938524186611 1.2
      vertex 6.5340402871370316 49.22938524186611 5.4
    endloop
  endfacet
  facet normal -0.38268342478844214 -0.9238795356496369 0
    outer loop
      vertex 6.5340402871370316 49.22938524186611 1.2
      vertex 6.695236526429653 49.162615574896336 1.2
      vertex 6.695236526429653 49.162615574896336 5.4
    endloop
  endfacet
  facet normal -0.46174861944404144 -0.8870108299460169 0
    outer loop
      vertex 6.850000001490116 49.08205080777407 1.2
      vertex 6.850000001490116 49.08205080777407 5.4
      vertex 6.695236526429653 49.162615574896336 1.2
    endloop
  endfacet
  facet normal -0.5372995938957162 -0.8433914550192563 0
    outer loop
      vertex 6.850000001490116 49.08205080777407 1.2
      vertex 6.9971528723835945 48.98830409348011 1.2
      vertex 6.9971528723835945 48.98830409348011 5.4
    endloop
  endfacet
  facet normal -0.6755902067746474 -0.7372773375807703 0
    outer loop
      vertex 7.135575219988823 48.882088884711266 1.2
      vertex 7.264213562011719 48.76421356201172 1.2
      vertex 7.264213562011719 48.76421356201172 5.4
    endloop
  endfacet
  facet normal -0.6087614496139754 -0.7933533244802669 0
    outer loop
      vertex 6.9971528723835945 48.98830409348011 1.2
      vertex 7.135575219988823 48.882088884711266 1.2
      vertex 7.135575219988823 48.882088884711266 5.4
    endloop
  endfacet
  facet normal -0.04361938852815863 -0.9990482215310879 0
    outer loop
      vertex 5.850000001490116 49.350000001490116 1.2
      vertex 6.024311490356922 49.34238939732313 1.2
      vertex 6.024311490356922 49.34238939732313 5.4
    endloop
  endfacet
  facet normal -0.13052620198021944 -0.9914448600888599 0
    outer loop
      vertex 6.024311490356922 49.34238939732313 1.2
      vertex 6.197296358644962 49.31961550563574 1.2
      vertex 6.197296358644962 49.31961550563574 5.4
    endloop
  endfacet
  facet normal -0.21643959486336686 -0.9762960113487003 0
    outer loop
      vertex 6.36763808876276 49.28185165673494 1.2
      vertex 6.36763808876276 49.28185165673494 5.4
      vertex 6.197296358644962 49.31961550563574 1.2
    endloop
  endfacet
  facet normal -0.8433914550192563 -0.5372995938957162 0
    outer loop
      vertex 7.582050807774067 48.350000001490116 1.2
      vertex 7.582050807774067 48.350000001490116 5.4
      vertex 7.48830409348011 48.497152872383595 1.2
    endloop
  endfacet
  facet normal -0.7372773375807703 -0.6755902067746474 0
    outer loop
      vertex 7.382088884711266 48.63557521998882 1.2
      vertex 7.382088884711266 48.63557521998882 5.4
      vertex 7.264213562011719 48.76421356201172 1.2
    endloop
  endfacet
  facet normal -0.7933533244802669 -0.6087614496139754 0
    outer loop
      vertex 7.48830409348011 48.497152872383595 1.2
      vertex 7.48830409348011 48.497152872383595 5.4
      vertex 7.382088884711266 48.63557521998882 1.2
    endloop
  endfacet
  facet normal -1 0 0
    outer loop
      vertex 7.850000001490116 47.350000001490116 1.2
      vertex 7.850000001490116 24 1.7000000029802322
      vertex 7.850000001490116 24 5.399999998509884
    endloop
  endfacet
  facet normal -1 0 0
    outer loop
      vertex 7.850000001490116 14 5.4
      vertex 7.850000001490116 47.350000001490116 5.4
      vertex 7.850000001490116 24 5.399999998509884
    endloop
  endfacet
  facet normal -1 0 0
    outer loop
      vertex 7.850000001490116 47.350000001490116 1.2
      vertex 7.850000001490116 24 5.399999998509884
      vertex 7.850000001490116 47.350000001490116 5.4
    endloop
  endfacet
  facet normal -0.9990482215310879 -0.04361938852815863 0
    outer loop
      vertex 7.842389397323132 47.52431149035692 1.2
      vertex 7.850000001490116 47.350000001490116 5.4
      vertex 7.842389397323132 47.52431149035692 5.4
    endloop
  endfacet
  facet normal -0.9914448600888599 -0.13052620198021944 0
    outer loop
      vertex 7.819615505635738 47.69729635864496 1.2
      vertex 7.842389397323132 47.52431149035692 5.4
      vertex 7.819615505635738 47.69729635864496 5.4
    endloop
  endfacet
  facet normal -0.9537169453986121 -0.3007058164710832 0
    outer loop
      vertex 7.729385241866112 48.03404028713703 1.2
      vertex 7.781851656734943 47.86763808876276 5.4
      vertex 7.729385241866112 48.03404028713703 5.4
    endloop
  endfacet
  facet normal -0.9762960113487003 -0.21643959486336686 0
    outer loop
      vertex 7.781851656734943 47.86763808876276 1.2
      vertex 7.819615505635738 47.69729635864496 5.4
      vertex 7.781851656734943 47.86763808876276 5.4
    endloop
  endfacet
  facet normal -0.9238795356496369 -0.38268342478844214 0
    outer loop
      vertex 7.662615574896336 48.19523652642965 1.2
      vertex 7.729385241866112 48.03404028713703 5.4
      vertex 7.662615574896336 48.19523652642965 5.4
    endloop
  endfacet
  facet normal -0.3007058164710832 -0.9537169453986121 0
    outer loop
      vertex 6.36763808876276 49.28185165673494 1.2
      vertex 6.5340402871370316 49.22938524186611 5.4
      vertex 6.36763808876276 49.28185165673494 5.4
    endloop
  endfacet
  facet normal -0.38268342478844214 -0.9238795356496369 0
    outer loop
      vertex 6.5340402871370316 49.22938524186611 1.2
      vertex 6.695236526429653 49.162615574896336 5.4
      vertex 6.5340402871370316 49.22938524186611 5.4
    endloop
  endfacet
  facet normal -0.46174861944404144 -0.8870108299460169 0
    outer loop
      vertex 6.695236526429653 49.162615574896336 1.2
      vertex 6.850000001490116 49.08205080777407 5.4
      vertex 6.695236526429653 49.162615574896336 5.4
    endloop
  endfacet
  facet normal -0.6087614496139754 -0.7933533244802669 0
    outer loop
      vertex 6.9971528723835945 48.98830409348011 1.2
      vertex 7.135575219988823 48.882088884711266 5.4
      vertex 6.9971528723835945 48.98830409348011 5.4
    endloop
  endfacet
  facet normal -0.6755902067746474 -0.7372773375807703 0
    outer loop
      vertex 7.135575219988823 48.882088884711266 1.2
      vertex 7.264213562011719 48.76421356201172 5.4
      vertex 7.135575219988823 48.882088884711266 5.4
    endloop
  endfacet
  facet normal -0.5372995938957162 -0.8433914550192563 0
    outer loop
      vertex 6.850000001490116 49.08205080777407 1.2
      vertex 6.9971528723835945 48.98830409348011 5.4
      vertex 6.850000001490116 49.08205080777407 5.4
    endloop
  endfacet
  facet normal -0.04361938852815863 -0.9990482215310879 0
    outer loop
      vertex 5.850000001490116 49.350000001490116 1.2
      vertex 6.024311490356922 49.34238939732313 5.4
      vertex 5.850000001490116 49.350000001490116 5.4
    endloop
  endfacet
  facet normal -0.13052620198021944 -0.9914448600888599 0
    outer loop
      vertex 6.024311490356922 49.34238939732313 1.2
      vertex 6.197296358644962 49.31961550563574 5.4
      vertex 6.024311490356922 49.34238939732313 5.4
    endloop
  endfacet
  facet normal -0.21643959486336686 -0.9762960113487003 0
    outer loop
      vertex 6.197296358644962 49.31961550563574 1.2
      vertex 6.36763808876276 49.28185165673494 5.4
      vertex 6.197296358644962 49.31961550563574 5.4
    endloop
  endfacet
  facet normal -0.8433914550192563 -0.5372995938957162 0
    outer loop
      vertex 7.48830409348011 48.497152872383595 1.2
      vertex 7.582050807774067 48.350000001490116 5.4
      vertex 7.48830409348011 48.497152872383595 5.4
    endloop
  endfacet
  facet normal -0.7372773375807703 -0.6755902067746474 0
    outer loop
      vertex 7.264213562011719 48.76421356201172 1.2
      vertex 7.382088884711266 48.63557521998882 5.4
      vertex 7.264213562011719 48.76421356201172 5.4
    endloop
  endfacet
  facet normal -0.7933533244802669 -0.6087614496139754 0
    outer loop
      vertex 7.382088884711266 48.63557521998882 1.2
      vertex 7.48830409348011 48.497152872383595 5.4
      vertex 7.382088884711266 48.63557521998882 5.4
    endloop
  endfacet
  facet normal -0.8870108299460169 -0.46174861944404144 0
    outer loop
      vertex 7.582050807774067 48.350000001490116 1.2
      vertex 7.662615574896336 48.19523652642965 5.4
      vertex 7.582050807774067 48.350000001490116 5.4
    endloop
  endfacet
  facet normal 0.8858315344804654 0 -0.4640069961972385
    outer loop
      vertex -6.75 40 3.7999999970197678
      vertex -7.850000001490116 30 1.7000000029802322
      vertex -7.850000001490116 40 1.7000000029802322
    endloop
  endfacet
  facet normal 0 -1 0
    outer loop
      vertex -6.75 30 3.7999999970197678
      vertex -7.850000001490116 30 5.399999998509884
      vertex -7.850000001490116 30 1.7000000029802322
    endloop
  endfacet
  facet normal 0.8858315344804654 0 -0.4640069961972385
    outer loop
      vertex -6.75 30 3.7999999970197678
      vertex -7.850000001490116 30 1.7000000029802322
      vertex -6.75 40 3.7999999970197678
    endloop
  endfacet
  facet normal 0 0 -1
    outer loop
      vertex -6.75 30 3.7999999970197678
      vertex -6.25 40 3.7999999970197678
      vertex -6.25 30 3.7999999970197678
    endloop
  endfacet
  facet normal 0 0 -1
    outer loop
      vertex -6.75 30 3.7999999970197678
      vertex -6.75 40 3.7999999970197678
      vertex -6.25 40 3.7999999970197678
    endloop
  endfacet
  facet normal 0 -1 0
    outer loop
      vertex -6.75 30 3.7999999970197678
      vertex -6.25 30 3.7999999970197678
      vertex -7.850000001490116 30 5.399999998509884
    endloop
  endfacet
  facet normal 0.7071067811865476 0 0.7071067811865476
    outer loop
      vertex -6.25 30 3.7999999970197678
      vertex -6.25 40 3.7999999970197678
      vertex -7.850000001490116 40 5.399999998509884
    endloop
  endfacet
  facet normal 0.7071067811865476 0 0.7071067811865476
    outer loop
      vertex -6.25 30 3.7999999970197678
      vertex -7.850000001490116 40 5.399999998509884
      vertex -7.850000001490116 30 5.399999998509884
    endloop
  endfacet
  facet normal 0 1 0
    outer loop
      vertex -6.75 40 3.7999999970197678
      vertex -7.850000001490116 40 1.7000000029802322
      vertex -7.850000001490116 40 5.399999998509884
    endloop
  endfacet
  facet normal 0 1 0
    outer loop
      vertex -6.75 40 3.7999999970197678
      vertex -7.850000001490116 40 5.399999998509884
      vertex -6.25 40 3.7999999970197678
    endloop
  endfacet
  facet normal -0.8858315344804654 0 -0.4640069961972385
    outer loop
      vertex 6.75 14 3.7999999970197678
      vertex 7.850000001490116 24 1.7000000029802322
      vertex 7.850000001490116 14 1.7000000029802322
    endloop
  endfacet
  facet normal -0.8858315344804654 0 -0.4640069961972385
    outer loop
      vertex 6.75 14 3.7999999970197678
      vertex 6.75 24 3.7999999970197678
      vertex 7.850000001490116 24 1.7000000029802322
    endloop
  endfacet
  facet normal 0 -1 0
    outer loop
      vertex 6.75 14 3.7999999970197678
      vertex 7.850000001490116 14 1.7000000029802322
      vertex 7.850000001490116 14 5.399999998509884
    endloop
  endfacet
  facet normal 0 0 -1
    outer loop
      vertex 6.25 14 3.7999999970197678
      vertex 6.75 24 3.7999999970197678
      vertex 6.75 14 3.7999999970197678
    endloop
  endfacet
  facet normal 0 0 -1
    outer loop
      vertex 6.25 14 3.7999999970197678
      vertex 6.25 24 3.7999999970197678
      vertex 6.75 24 3.7999999970197678
    endloop
  endfacet
  facet normal 0 -1 0
    outer loop
      vertex 6.25 14 3.7999999970197678
      vertex 6.75 14 3.7999999970197678
      vertex 7.850000001490116 14 5.399999998509884
    endloop
  endfacet
  facet normal -0.7071067811865476 0 0.7071067811865476
    outer loop
      vertex 6.25 14 3.7999999970197678
      vertex 7.850000001490116 14 5.399999998509884
      vertex 6.25 24 3.7999999970197678
    endloop
  endfacet
  facet normal -0.7071067811865476 0 0.7071067811865476
    outer loop
      vertex 6.25 24 3.7999999970197678
      vertex 7.850000001490116 14 5.399999998509884
      vertex 7.850000001490116 24 5.399999998509884
    endloop
  endfacet
  facet normal 0 1 0
    outer loop
      vertex 6.75 24 3.7999999970197678
      vertex 7.850000001490116 24 5.399999998509884
      vertex 7.850000001490116 24 1.7000000029802322
    endloop
  endfacet
  facet normal 0 1 0
    outer loop
      vertex 6.25 24 3.7999999970197678
      vertex 7.850000001490116 24 5.399999998509884
      vertex 6.75 24 3.7999999970197678
    endloop
  endfacet
endsolid OpenSCAD_Model
